last_message_length,response_time_gap,initiator,conversation_length,reply_ratio,avg_response_time,message_tone,emoji_count,question_asked,time_of_day,seen_ignored,past_ghosting_history,user_type,reply,ghosted
41,8.015836907928989,them,63,0.22,88.64007448551747,enthusiastic,8,0,night,0,0,interested,1,0
42,50.495398098496985,them,57,0.45,34.104694279448864,dry,2,1,night,1,0,casual,0,1
23,43.46827425841616,me,187,0.46,15.854313379531913,neutral,1,1,night,0,0,interested,1,0
7,27.369088202819963,them,163,0.83,20.35583756157409,neutral,3,1,day,0,0,casual,1,1
15,49.292226071270974,me,59,0.82,96.80045029177451,neutral,4,0,day,1,0,ghoster,0,1
16,53.63920671059567,them,192,0.58,107.84092314869476,neutral,5,0,day,1,0,interested,0,1
39,4.573994842940913,them,153,1.0,63.964607066797306,enthusiastic,0,0,night,1,0,dry_texter,1,1
17,69.97594311864823,me,130,0.91,104.59170981057527,neutral,10,0,day,1,0,interested,0,1
20,17.240566344340234,me,146,0.95,11.192760796077575,neutral,1,0,day,1,0,dry_texter,0,1
49,52.555036974478284,me,183,0.31,119.42277344264646,enthusiastic,5,1,night,0,0,casual,1,1
1,5.111502192650343,me,59,0.07,4.738142008309158,neutral,1,0,night,1,0,casual,0,0
31,58.13978383919832,me,25,0.1,52.29509070635893,neutral,6,1,day,0,0,ghoster,0,1
35,32.300175443985495,them,47,0.28,30.72696729796996,dry,7,0,day,0,0,casual,1,1
4,11.853872740909935,me,100,0.27,94.30440163187976,neutral,4,1,night,0,0,dry_texter,1,1
21,4.115899649338782,them,129,0.92,64.20401009719441,dry,8,0,day,0,0,casual,1,0
3,44.595468743911425,them,169,0.58,63.21114314830311,neutral,3,1,day,1,1,casual,0,1
5,0.6707128956657407,me,19,0.54,61.20027859180308,dry,5,0,day,1,1,casual,1,1
42,38.083729867363445,them,170,0.1,105.49710883185746,neutral,1,0,day,1,1,casual,0,1
32,18.080730149032377,me,24,0.63,99.6924226352941,dry,0,1,day,1,0,ghoster,1,1
45,65.0828571523123,me,95,0.58,18.623160482530434,dry,0,1,night,0,1,casual,0,1
27,70.11626562988481,me,61,0.86,117.16851791878459,dry,6,0,day,1,1,casual,0,1
31,16.01522766328784,them,90,0.31,95.64611439919055,dry,3,0,day,1,1,dry_texter,0,0
26,48.92530452193898,them,8,0.12,116.47767271164513,dry,9,1,day,0,1,dry_texter,0,1
25,64.76434076960638,me,66,0.04,52.8908443391417,enthusiastic,8,0,night,1,0,dry_texter,0,1
33,22.268495679023033,them,84,0.4,36.1829691005877,dry,3,1,night,0,1,ghoster,0,1
38,43.67963307454291,them,120,0.44,81.39964074962188,enthusiastic,7,0,day,1,1,interested,0,0
13,10.609485281695633,me,63,0.98,73.74160279422094,dry,7,1,day,1,1,ghoster,0,1
50,63.75349479671035,them,57,0.18,114.99795903126522,enthusiastic,7,0,day,0,1,casual,0,1
49,64.18266665835147,them,141,0.45,19.939790997616917,neutral,7,1,day,1,1,casual,0,1
21,64.29793196090282,me,36,0.15,46.58119979932924,dry,3,0,night,1,1,ghoster,0,1
38,68.11646641848724,me,196,0.58,57.76058817432548,neutral,4,1,night,0,1,casual,1,1
26,52.14105918916479,them,33,0.98,64.56071191436803,neutral,9,0,day,1,0,ghoster,0,1
22,54.80853896836995,them,72,0.75,99.99898993347745,neutral,1,1,day,0,1,casual,0,1
16,14.353969130102369,me,160,0.15,16.020296010030542,enthusiastic,1,0,night,1,1,casual,1,0
11,69.45989565845431,me,149,0.03,38.122912082968725,enthusiastic,6,1,day,0,0,interested,1,1
37,56.349744937993414,them,137,0.43,45.09793426994869,enthusiastic,10,1,day,1,1,interested,1,1
10,31.355074440552748,them,158,0.81,65.04257586734244,neutral,7,1,night,1,0,interested,1,1
43,27.28722989723501,me,127,0.85,22.638943001765323,dry,5,1,night,1,1,interested,0,1
36,54.58785505073758,them,166,0.71,54.332771400801924,dry,1,1,day,1,0,dry_texter,0,1
48,39.62797003848085,them,180,0.45,37.48813597051082,dry,1,0,night,0,0,casual,1,1
34,42.968933316885725,me,50,0.3,43.944847228776986,neutral,0,0,night,0,0,dry_texter,0,1
1,41.33262381309592,them,123,0.44,22.939276776419725,dry,4,1,day,0,1,ghoster,1,1
37,68.33704624977824,me,64,0.12,91.96876999381712,enthusiastic,9,0,night,1,1,dry_texter,0,0
40,69.12783197526954,me,196,0.21,26.111998241341766,enthusiastic,1,0,day,0,0,casual,1,1
15,20.743552050745627,them,180,0.86,9.470391458264032,dry,4,0,night,0,0,casual,0,0
20,42.84317068699714,them,113,0.12,82.95268095423916,enthusiastic,6,1,night,1,0,interested,0,1
15,69.25759935788425,me,196,0.67,33.07181209007941,dry,2,1,night,1,0,ghoster,0,1
22,23.11619442887315,me,42,0.33,83.54716720402847,neutral,10,1,day,1,0,dry_texter,1,1
1,47.351547826785286,them,106,0.05,62.69428770282673,enthusiastic,7,1,day,0,1,casual,0,1
41,43.83876002990148,me,182,0.16,66.54984183331773,enthusiastic,6,0,day,0,1,interested,1,1
46,19.68659256335574,them,121,0.24,66.6005441487759,neutral,3,0,day,1,1,dry_texter,0,1
20,60.298266427662334,them,39,0.45,58.63662488065472,neutral,8,1,night,1,0,casual,0,1
48,34.05429001730983,them,99,0.99,95.2948456232917,enthusiastic,2,1,day,0,1,interested,1,1
47,10.37918994962022,me,20,0.47,116.33523203833185,neutral,9,1,day,1,1,dry_texter,0,0
40,4.926293797071704,them,59,0.75,52.64260515885196,dry,10,0,night,0,1,interested,1,0
10,17.582215117245724,them,145,0.68,22.42676945200602,dry,1,1,day,1,0,casual,1,0
30,64.88707849911958,me,19,0.44,42.12230930872672,enthusiastic,4,1,night,1,1,casual,0,1
23,41.38645897286244,them,6,0.98,79.329348095513,neutral,0,0,night,1,0,dry_texter,0,1
50,47.46107090280626,me,161,0.1,75.66751483019092,dry,4,1,day,1,0,interested,0,1
35,63.10516296287812,them,136,0.5,33.43075473477126,dry,4,1,night,1,0,ghoster,0,1
47,48.55724858161688,them,143,0.37,95.09115426208356,dry,4,0,night,1,1,ghoster,0,0
2,44.607374427206125,them,157,0.22,8.522827898063259,neutral,4,1,day,0,0,interested,1,1
9,27.98249984281026,them,172,0.95,83.8815950048783,enthusiastic,6,0,night,0,1,ghoster,0,1
29,68.43997222930274,them,26,0.98,44.71286006116448,enthusiastic,5,0,night,1,0,interested,0,0
41,42.994509085407245,me,13,0.79,29.984698762518814,dry,9,0,day,0,0,casual,1,0
10,71.1019659143644,them,45,0.11,104.10729873230932,dry,0,1,day,1,0,casual,0,1
5,34.28970951047402,them,132,0.59,54.788644969141515,dry,9,0,night,1,0,interested,0,0
46,65.4984596962965,me,21,0.32,18.651725253583383,dry,4,1,night,1,1,ghoster,0,1
50,39.696136444065516,me,111,0.45,28.190735349385545,neutral,7,1,night,0,1,ghoster,0,1
31,4.833598185838638,me,24,0.43,89.6060873338336,neutral,2,0,night,0,1,dry_texter,0,0
4,69.72470102242616,them,91,0.1,61.38209308919249,dry,10,1,day,0,1,dry_texter,1,1
36,70.167355353051,me,156,0.93,99.70583400519989,neutral,0,0,night,1,1,dry_texter,1,1
10,53.349772256526236,me,24,0.75,26.6008127239878,neutral,7,1,day,1,1,dry_texter,0,1
11,54.31938329699895,me,173,0.08,53.7304439453088,neutral,7,1,night,1,0,interested,1,1
34,48.03354422901717,me,57,0.4,72.3196698763896,dry,3,1,day,0,1,dry_texter,1,1
25,38.34592904645451,me,129,0.56,80.4977324376838,neutral,1,1,day,1,0,ghoster,0,1
46,46.09020017142568,them,30,0.41,115.97776323294202,dry,9,1,night,0,1,interested,1,0
20,53.69794750545141,me,86,0.78,10.089145919289516,enthusiastic,1,0,night,1,0,casual,1,1
49,47.196648757349216,me,198,0.63,56.210415153049325,enthusiastic,9,1,night,1,0,ghoster,0,1
4,25.33984002864551,me,80,0.46,5.475262222959957,neutral,4,0,day,1,1,interested,0,0
31,36.09844573484359,me,116,0.1,107.99609324073705,neutral,1,0,day,0,1,ghoster,0,1
25,29.431396601807062,them,174,0.6,94.91800485607611,enthusiastic,5,0,night,0,1,dry_texter,1,0
10,24.002066596360073,me,90,0.31,79.07051144629057,enthusiastic,6,0,day,1,1,dry_texter,0,1
44,65.69625495299935,me,166,0.67,61.51012988431411,dry,5,1,day,0,1,ghoster,0,0
7,36.55365931617453,me,170,0.34,92.19060492922175,dry,9,1,day,0,0,casual,0,1
29,43.962870393058736,them,60,0.53,37.826679690971964,neutral,3,1,night,1,1,ghoster,0,1
39,9.964694491447048,them,14,0.64,105.01991646121621,enthusiastic,1,0,night,0,0,dry_texter,1,0
15,58.80263442159604,them,7,0.41,48.17802189095949,neutral,3,1,day,1,0,interested,1,1
10,9.90717031626276,them,121,0.7,17.51633032636416,enthusiastic,7,1,day,0,0,dry_texter,1,1
28,8.005453943345167,them,61,0.3,6.6821841476433015,neutral,10,1,day,0,1,interested,1,0
1,44.266289959868445,me,147,0.42,80.06018490729909,dry,8,1,day,0,1,ghoster,1,1
23,56.7734411721251,them,62,0.73,75.76257853460312,enthusiastic,5,0,day,1,1,casual,0,1
12,58.42783309302766,me,184,0.78,55.46386971623503,neutral,3,0,day,0,1,dry_texter,0,0
49,46.57683591365402,them,92,0.86,6.688680075332474,enthusiastic,5,1,day,1,1,ghoster,0,1
32,49.828931360108285,them,133,0.27,10.830769289453896,neutral,1,1,day,1,1,interested,1,1
28,11.998423588745784,them,90,0.45,87.49091308962124,neutral,9,1,night,0,0,ghoster,0,0
10,61.10419031787849,them,9,0.13,29.08345027002192,enthusiastic,5,1,night,0,0,ghoster,0,1
34,26.42039630307593,them,167,0.28,115.30188621953415,dry,2,1,night,0,1,dry_texter,0,1
32,14.412840551360654,me,19,0.45,107.94280466356142,neutral,1,1,night,0,1,dry_texter,0,0
24,36.630413652549656,me,52,0.79,29.171605930137588,neutral,0,1,night,1,0,interested,1,1
27,55.379847626978254,me,33,0.97,77.43829213697938,neutral,7,1,day,0,0,ghoster,0,1
20,11.855309752088937,them,182,0.23,113.75049328034805,enthusiastic,4,0,night,0,1,casual,1,1
38,67.7957031265389,me,44,0.66,86.75529944403549,enthusiastic,5,0,day,0,0,dry_texter,0,0
32,64.00777546432471,them,165,0.96,58.470433362874914,enthusiastic,6,1,night,0,0,casual,1,1
21,62.026925531939625,them,188,0.99,42.09909672341883,neutral,2,1,day,1,0,ghoster,0,1
25,62.21979722609502,them,64,0.96,108.37498842182949,neutral,9,1,day,0,1,ghoster,0,1
33,32.92060623766062,me,56,0.58,6.790317818629055,neutral,7,1,night,0,0,ghoster,1,1
3,28.841876713062476,me,93,0.55,9.750278219398178,enthusiastic,7,1,day,0,0,ghoster,0,0
10,14.332167471776398,them,129,0.04,5.630761983300208,enthusiastic,5,1,night,0,0,dry_texter,0,1
20,42.748175205431046,them,182,0.56,57.512219399765954,dry,5,1,day,1,1,interested,0,1
38,41.58967650222117,me,150,0.48,63.38364758233728,enthusiastic,9,1,day,0,0,interested,1,0
14,29.547173471234764,them,189,0.73,84.98725262606006,enthusiastic,3,1,night,1,1,casual,0,1
47,49.0137040489782,them,157,0.48,114.92315014701916,neutral,8,1,day,1,1,casual,0,1
47,19.68894264639046,me,147,0.68,46.18360805955152,neutral,5,0,night,0,1,interested,1,0
13,59.61252265257843,them,144,0.7,17.33548162130983,enthusiastic,9,0,day,0,0,casual,1,1
50,9.897626462378078,me,105,0.65,105.7970474103805,neutral,7,0,night,1,1,interested,0,1
47,61.22398331344273,me,45,0.42,100.67498180209738,dry,6,1,day,1,0,interested,1,1
30,71.21516184638809,them,35,0.85,56.69447151174852,dry,1,1,day,1,1,casual,1,1
13,12.63563379636946,them,110,0.52,11.321794611954353,enthusiastic,1,0,day,1,1,casual,1,1
22,21.74010045779626,me,67,0.65,83.43946226030593,dry,10,0,night,1,0,ghoster,0,0
45,8.453933700823896,them,95,0.61,27.076303511305927,dry,7,0,night,1,1,ghoster,0,1
44,54.341247580190306,me,135,0.45,84.74816889354884,dry,9,0,day,0,0,casual,1,1
38,35.19561361184566,them,15,0.45,62.07649334099534,neutral,9,0,night,1,0,ghoster,0,1
28,24.806078392473687,me,139,0.99,112.21535306730863,dry,7,0,night,1,0,casual,0,0
25,32.29467355171338,them,97,0.08,115.73318078930163,enthusiastic,2,1,day,0,1,casual,1,1
20,33.336280886024156,them,137,0.38,28.33002394775995,neutral,5,0,night,0,0,interested,0,0
2,17.32797317831126,me,26,0.59,54.12648688358368,enthusiastic,0,0,day,1,1,casual,1,0
19,16.859629234199296,them,148,0.6,81.03129627099273,neutral,3,1,day,0,1,dry_texter,1,1
12,45.07150591067976,them,143,0.5,116.70253800589862,enthusiastic,10,1,night,1,1,casual,1,1
15,21.65302215325064,me,119,0.91,67.92392800084218,neutral,8,0,night,0,1,casual,1,1
35,52.170099286118536,me,14,0.27,81.16695855551484,enthusiastic,0,0,day,0,1,casual,0,0
13,69.26958404024104,me,192,1.0,57.99158428474153,dry,9,0,night,0,1,dry_texter,0,1
33,63.562460570066904,them,26,0.8,86.967215209226,neutral,3,1,night,1,0,casual,0,1
47,30.0656212959725,me,51,0.33,46.20093319419735,dry,7,1,night,1,1,ghoster,0,1
32,13.25143964601126,me,135,0.03,101.75698859874396,enthusiastic,0,0,night,0,0,interested,1,1
40,45.91645860676721,them,169,0.49,1.7868704820669086,enthusiastic,6,0,day,1,1,interested,0,0
12,7.705182866003489,me,135,0.15,23.83991478200197,enthusiastic,4,1,night,1,0,dry_texter,0,1
20,49.250997033867755,me,168,0.99,78.33743976347681,dry,1,1,night,1,1,interested,0,1
42,56.475094376888,me,136,0.92,28.34221315502099,enthusiastic,9,1,night,0,0,dry_texter,0,1
21,1.1273828538192925,me,151,0.14,98.66219823667896,neutral,1,1,day,0,1,dry_texter,1,1
6,36.05708531791621,them,14,0.1,28.625136522965754,dry,5,1,night,0,1,ghoster,0,1
44,42.18300872719569,them,22,0.77,36.15015820390407,dry,1,0,night,0,1,casual,0,0
20,32.02098227973327,them,27,0.13,23.29962223981739,neutral,8,1,day,0,0,dry_texter,0,1
1,21.013009293335113,them,200,0.08,108.23518933791553,dry,9,0,night,0,0,dry_texter,1,1
27,21.582162282352552,me,93,0.25,30.34421813329335,enthusiastic,7,0,night,0,0,dry_texter,1,1
22,31.69605034665024,them,167,0.97,17.19881211781351,neutral,9,0,night,1,0,ghoster,0,1
37,56.3021546114575,them,97,0.28,94.51811726957023,neutral,1,0,day,0,1,casual,0,1
27,48.45439097247892,me,163,0.3,31.06912050679991,dry,6,1,day,1,1,ghoster,0,0
3,56.93190602754666,them,180,0.9,64.89181233692595,enthusiastic,1,0,day,1,0,interested,0,0
22,69.53160799539563,them,28,0.01,31.789866078034997,enthusiastic,8,0,night,1,1,ghoster,0,1
2,34.75951808339025,them,107,0.92,11.216721130998808,enthusiastic,2,1,night,1,1,casual,0,1
29,22.96148214367443,them,12,0.81,14.695146737155527,neutral,10,0,day,0,0,casual,1,0
41,13.280527810900344,them,102,0.03,74.07872554725846,dry,7,1,night,0,0,casual,1,1
35,13.461108165510725,them,51,0.46,32.220054058830954,neutral,8,1,night,1,0,dry_texter,1,1
20,66.14514574589494,me,173,0.13,15.02553666673715,neutral,1,0,night,0,1,ghoster,0,1
35,49.92717071011358,me,143,0.17,35.371338111872134,dry,5,1,day,1,0,ghoster,0,1
32,29.457673082486984,them,107,0.71,53.818357394302204,dry,1,0,day,1,0,dry_texter,0,1
50,55.14620795594573,me,147,0.11,93.23845031581547,neutral,8,0,night,0,1,interested,0,1
3,32.38072868378979,them,23,0.44,119.28096443391543,dry,3,1,night,0,0,casual,0,0
39,38.79133531542994,them,181,0.29,69.15553399781751,enthusiastic,10,0,day,1,0,dry_texter,0,1
46,23.190963235875138,me,195,0.84,47.73138928596369,dry,9,1,night,1,1,interested,1,0
18,50.018660332383206,them,117,0.95,39.94742433915071,dry,1,1,night,0,1,casual,0,1
19,24.31837117229669,me,145,0.85,94.8081347637252,enthusiastic,0,0,day,1,0,interested,0,1
28,14.56691086061278,me,167,0.3,105.05638094242171,neutral,1,1,night,0,1,casual,1,1
28,47.194936443614516,me,1,0.21,10.274707867140135,enthusiastic,3,1,day,0,1,interested,0,1
25,6.431837831549071,me,27,0.31,105.8376904026522,dry,6,0,day,0,0,casual,1,0
27,44.357472907250845,them,56,0.09,12.955348384839015,dry,9,1,night,1,1,casual,0,1
47,43.746703121917676,me,169,0.88,25.448040460140593,enthusiastic,8,0,night,1,0,casual,0,1
34,63.98816602225735,me,93,0.93,16.70596280719154,enthusiastic,6,1,day,1,0,interested,0,1
26,36.475963507794745,them,109,0.7,10.808909619032859,enthusiastic,8,0,night,0,1,interested,1,1
26,42.2234757368951,me,80,0.7,87.86504691435343,dry,0,0,day,1,0,ghoster,0,1
12,8.599896497367897,me,180,0.01,60.07313897020315,neutral,8,1,day,1,0,dry_texter,0,1
28,19.58260284153747,me,68,0.71,69.6215492909879,dry,7,1,night,0,1,casual,1,1
47,8.304019454457745,me,12,0.86,2.4622806914271607,dry,7,1,night,0,0,interested,1,0
21,17.87494920172151,them,70,0.83,69.01277955147751,dry,8,0,day,0,0,ghoster,1,1
21,6.219757615198048,them,3,0.37,35.69981578806788,neutral,9,0,night,1,1,casual,0,1
27,1.7215384302723153,them,163,0.84,105.38663509593742,neutral,0,1,night,0,0,casual,1,0
18,6.697917961782352,me,134,0.41,107.5737748766433,neutral,1,0,day,1,0,interested,1,0
21,66.67502052827784,them,180,0.83,39.82393668479374,neutral,4,0,day,0,0,interested,1,1
35,25.796696107489613,me,116,0.31,32.53594330285028,dry,1,0,night,0,0,dry_texter,1,1
4,48.757203143213175,them,45,0.03,49.12267494721378,neutral,8,0,day,1,0,casual,0,1
13,59.30448589356162,them,176,0.63,77.71751686931171,enthusiastic,9,1,day,0,0,casual,0,1
22,8.821991466538119,them,13,0.17,69.29221977700001,enthusiastic,6,1,day,1,1,casual,1,1
10,2.4947599486684258,me,166,0.3,50.02707254924364,enthusiastic,7,0,day,1,1,casual,1,1
35,57.228929589734655,them,183,0.36,65.79761891805215,neutral,5,1,night,1,0,interested,1,1
4,58.223079617248885,them,136,0.36,70.49468146229597,dry,2,0,day,0,1,interested,0,0
25,25.545933688691512,me,46,0.24,38.8425198267327,enthusiastic,5,0,night,0,0,ghoster,0,1
39,15.754243801793564,them,1,0.33,74.08203735183373,dry,5,0,night,0,0,casual,0,0
24,69.16023001985457,them,181,0.94,48.07587192010866,dry,5,1,night,0,0,ghoster,0,0
36,49.936348677063094,them,58,0.67,97.92005413671465,neutral,4,1,day,0,0,ghoster,0,1
21,66.31475158210172,me,164,0.57,112.46584743295625,dry,5,0,day,1,1,casual,0,0
47,63.83905309568317,them,3,0.27,30.695362713098177,dry,5,1,day,0,0,ghoster,0,1
25,25.288644189489823,them,26,0.83,94.8588693426701,enthusiastic,10,0,day,1,0,interested,1,1
11,63.93105127686983,me,188,0.08,113.07826308069211,dry,5,1,day,1,0,ghoster,0,1
45,39.896095126768515,them,170,0.28,29.268245908722236,dry,6,1,day,0,1,interested,1,1
13,6.983056618667914,me,44,0.64,117.26986582391258,neutral,1,1,night,1,1,dry_texter,1,1
24,13.433971763371076,me,68,0.44,32.34469634982072,neutral,9,0,day,0,0,dry_texter,0,0
4,60.53739598297803,them,138,0.69,112.42701083797292,enthusiastic,3,1,night,0,1,interested,1,0
40,10.616231088789508,them,45,0.95,20.892609705683732,dry,3,0,day,1,0,ghoster,0,1
21,65.57792297267478,me,23,0.39,48.28524432848727,neutral,4,1,day,1,0,ghoster,0,1
7,66.59482800666768,me,74,0.87,105.73615837037885,neutral,4,1,night,1,0,casual,0,1
3,28.49707758463429,them,177,0.24,89.7442285608572,neutral,5,0,night,1,1,dry_texter,0,1
15,9.675757509727713,them,199,0.83,33.06097774004287,neutral,9,0,day,1,0,ghoster,0,1
33,56.987308229848864,me,80,0.71,49.002831780480804,enthusiastic,9,0,day,0,0,interested,1,0
18,26.521338785383495,them,130,0.4,110.84575463638357,enthusiastic,0,0,night,1,1,casual,0,1
17,53.925201682915194,me,73,0.03,6.908474098041502,enthusiastic,3,0,day,0,1,ghoster,0,1
31,65.62911153977078,me,154,0.8,27.628633775073745,enthusiastic,4,1,night,1,1,ghoster,0,1
26,42.083075220633084,me,131,1.0,116.01176908128551,neutral,8,1,night,0,1,interested,1,1
42,51.198751841169006,them,49,0.15,92.09145220813116,dry,9,1,night,0,0,ghoster,0,1
3,41.977706573761736,me,88,0.73,27.461220083176002,enthusiastic,10,1,night,1,0,casual,1,1
36,54.93011171898978,me,175,0.9,78.87772267778723,dry,5,0,night,1,1,dry_texter,0,1
41,42.017372621465796,me,121,0.89,60.55680756463182,enthusiastic,6,1,night,0,0,casual,0,1
30,10.31213896557397,me,200,0.08,40.58290418306663,dry,5,0,day,1,1,casual,0,1
49,56.14217685415578,me,158,0.43,52.09975703808534,neutral,7,1,day,0,0,dry_texter,0,0
2,48.72586620075192,me,58,0.69,41.97762311353519,dry,1,1,night,0,0,interested,1,1
22,31.223896562562366,me,88,1.0,59.3312634658132,dry,2,1,day,0,0,casual,1,1
46,46.83890736872818,me,97,0.88,31.43891169710985,enthusiastic,9,0,day,0,0,interested,1,0
31,50.534511469491946,me,178,0.69,2.1072412195269594,neutral,10,0,night,0,1,interested,1,1
32,14.30255964285232,me,200,0.26,63.25438680351709,dry,5,1,night,0,0,ghoster,0,1
1,48.35758553749475,me,147,0.67,18.748194627345168,dry,8,0,day,1,0,ghoster,0,1
12,62.938112339675456,them,93,0.8,38.21214572856895,enthusiastic,1,0,day,0,0,casual,1,0
47,6.692494711494406,them,47,0.11,48.62977689143182,neutral,4,1,night,1,0,interested,1,0
7,29.95399559742455,them,146,0.68,22.57000670393895,neutral,5,0,day,1,1,interested,0,1
1,50.72890870660486,me,172,0.87,62.77286180294511,enthusiastic,9,0,night,0,1,dry_texter,0,1
40,3.928760296392661,me,130,0.85,102.37266702208187,dry,1,1,night,0,1,dry_texter,1,1
16,5.675802894345001,them,147,0.45,102.93411767718405,neutral,5,0,night,0,0,ghoster,1,1
39,69.34832987616035,them,131,0.56,78.89692204375154,neutral,5,1,day,0,1,dry_texter,0,1
46,32.58233684457601,me,195,0.66,1.2614367874078178,neutral,10,1,night,0,0,casual,1,0
17,43.98132716198523,me,31,0.93,47.75468229990564,neutral,3,1,day,1,0,interested,0,0
9,69.39754244622335,me,136,0.74,66.83393313960497,neutral,9,1,day,0,0,interested,1,0
25,30.143861700028587,me,71,0.4,41.8001979178824,neutral,7,0,day,1,1,dry_texter,0,0
40,51.4356865653524,them,173,0.13,85.53717679798811,dry,8,1,day,1,1,ghoster,0,1
28,58.19794411152211,me,7,0.38,7.314734941424774,dry,3,1,day,1,1,casual,0,1
3,25.82513548888182,them,27,0.62,81.38759560882751,enthusiastic,3,1,day,1,0,ghoster,0,0
36,3.8737578461579734,them,52,0.62,93.93006225223036,neutral,3,1,day,0,1,ghoster,1,1
33,8.593474411653517,me,110,0.28,32.44451184181807,dry,9,1,day,1,1,casual,1,0
41,44.32382467915176,them,126,0.79,66.46906138667602,dry,5,0,day,0,0,ghoster,0,1
43,23.89561307308667,them,76,0.22,90.56602705698751,enthusiastic,7,0,day,1,1,casual,0,1
44,63.767531447913235,them,30,0.39,65.28824024016482,neutral,0,1,night,1,0,dry_texter,0,1
11,69.95727143326317,me,161,0.07,80.76988001102374,dry,10,1,day,0,1,interested,0,1
6,5.273858099485192,me,65,0.56,69.4205130172722,dry,4,1,night,1,1,ghoster,1,0
47,44.521153841563354,me,180,0.85,43.566316511017696,enthusiastic,1,1,night,0,1,ghoster,0,1
15,9.819465143727369,them,140,0.29,76.45143461335441,neutral,10,1,day,0,0,interested,1,0
20,15.12380812970812,them,55,0.41,77.8658489236504,enthusiastic,2,0,day,0,1,casual,1,0
49,67.1306303090267,them,166,0.55,35.58766743489016,dry,4,0,day,1,1,dry_texter,0,1
13,22.88058748082823,them,85,0.62,37.37538323939977,enthusiastic,2,1,night,1,0,interested,1,0
18,60.48792423220718,me,174,0.73,105.46841371144743,neutral,7,1,night,1,0,casual,0,1
35,14.14309891278218,me,187,0.08,3.217005089677007,enthusiastic,10,0,night,0,0,dry_texter,1,0
24,28.259880900964724,them,35,0.46,61.739027207910475,neutral,5,0,day,0,0,ghoster,0,1
10,52.986226236107356,them,92,0.04,91.61521296225052,dry,1,1,night,0,0,casual,0,1
3,2.8731382981126306,them,27,0.7,63.04337559189253,neutral,4,0,night,1,1,interested,1,1
23,58.84104709681718,them,125,0.79,106.57346127853621,dry,8,0,night,0,0,interested,1,1
39,51.64579500869487,me,170,0.23,97.52954289538224,enthusiastic,1,1,night,1,0,casual,0,1
38,11.601298106462735,me,147,0.15,20.794622590637932,dry,8,1,day,1,0,casual,1,0
27,43.260387437606404,me,160,0.66,32.47796312688948,enthusiastic,10,1,night,0,0,ghoster,0,1
33,49.274483846316045,me,156,0.1,57.6284330732478,enthusiastic,9,0,day,0,1,casual,1,1
44,46.74468492767044,them,95,0.87,84.01949404960993,neutral,3,1,night,1,0,ghoster,0,1
19,43.07704918926339,them,66,0.19,85.38871162752685,dry,9,0,day,1,0,dry_texter,0,1
17,61.55833869129086,them,145,0.37,33.79170460271866,enthusiastic,6,0,night,1,0,dry_texter,0,1
50,50.79561177391813,me,169,0.12,28.342785232847845,enthusiastic,2,0,day,1,1,interested,0,0
10,33.96014352636075,them,23,0.06,27.390659109721927,dry,9,0,night,1,1,interested,0,1
13,61.24086981487023,them,50,0.03,72.34227463420625,enthusiastic,3,0,day,1,0,interested,0,1
43,28.450304427686845,me,133,0.02,84.7310090077329,dry,8,1,night,1,1,casual,0,1
17,12.602504650605416,me,144,0.07,36.01596711170628,dry,8,1,night,1,1,ghoster,0,1
30,64.54971523770324,me,124,0.12,9.038957018689176,enthusiastic,3,0,night,1,1,interested,0,1
48,59.11737764346217,me,142,0.93,57.71009903662547,neutral,3,1,day,0,1,casual,1,1
16,60.216099117241626,them,40,0.78,15.265540625917817,dry,10,1,day,0,1,dry_texter,0,1
18,35.33798531567136,them,102,0.22,69.62315717534176,dry,8,1,night,0,1,ghoster,0,1
34,33.125082483342965,me,4,0.67,46.1519324268399,dry,5,1,night,0,1,casual,1,0
28,15.158338711967257,them,94,0.85,34.27591429380141,dry,9,0,day,0,1,casual,0,0
48,10.76746012311477,me,46,0.42,17.002130474685504,enthusiastic,8,1,night,1,1,interested,1,0
31,60.4059630434966,me,116,0.74,31.91252551938951,neutral,8,1,night,0,1,interested,1,0
42,46.7374285367694,me,200,0.28,39.685744115039306,enthusiastic,7,1,day,1,1,ghoster,0,1
22,30.37078712472085,them,19,0.08,41.89143302409301,neutral,5,1,night,1,1,ghoster,0,0
29,29.807212382904467,me,6,0.13,28.920635869955145,neutral,1,0,day,1,0,interested,1,0
26,37.72676097661062,me,27,0.26,19.47764907801926,enthusiastic,6,1,day,0,1,ghoster,0,1
43,25.69256947894807,them,122,0.47,104.63689450420077,neutral,8,1,day,0,1,ghoster,0,1
35,16.35324801459133,me,114,0.31,50.05225286570964,dry,4,0,day,0,1,dry_texter,0,1
31,21.571957295071684,them,75,0.6,95.8153186802487,enthusiastic,5,0,night,1,1,casual,1,0
17,5.703100788602495,me,133,0.76,109.2845740092749,enthusiastic,10,1,night,1,1,casual,1,1
40,32.59924074704689,them,49,0.32,19.105767308966925,enthusiastic,0,0,day,1,1,casual,0,1
32,15.63754213316534,them,80,0.79,60.3090949487511,neutral,7,0,night,0,0,interested,1,0
17,58.84205212796906,me,32,0.97,86.0472200336048,neutral,7,0,day,0,1,interested,1,0
20,67.40749775812439,me,162,0.73,89.62222486401416,enthusiastic,8,0,night,1,1,casual,0,1
16,45.56944554492562,them,4,0.17,33.855905216775284,dry,6,0,day,0,1,casual,0,1
40,24.36639096603626,me,16,0.36,19.31629381670093,enthusiastic,1,0,night,0,1,dry_texter,0,1
23,52.15673936680493,them,11,0.49,53.06250049564204,neutral,8,1,day,0,1,dry_texter,0,1
36,11.544725455039096,me,116,0.3,32.338562998556405,neutral,7,0,night,0,0,dry_texter,0,1
35,58.97158083244667,me,135,0.68,92.1223573656728,dry,9,1,night,1,1,interested,1,1
12,62.891479985801205,me,28,0.49,12.751676811175342,enthusiastic,10,1,night,1,0,dry_texter,1,1
42,35.38119610283574,me,120,0.8,8.223322406040129,enthusiastic,6,1,day,1,0,interested,0,1
7,52.2123791622616,them,49,0.19,79.168305133304,enthusiastic,10,0,night,0,1,ghoster,0,1
36,28.912116500272454,them,169,0.16,119.81359507434048,neutral,5,1,night,1,1,ghoster,0,1
25,55.13099181366851,them,93,0.96,54.252474890791675,neutral,0,0,night,0,0,dry_texter,1,0
50,59.17967441619224,them,142,0.51,68.90951640296556,enthusiastic,2,0,day,1,1,casual,1,1
20,6.617168732546831,them,146,0.92,88.377648511432,enthusiastic,5,1,day,1,0,dry_texter,1,0
50,24.076054402075513,them,107,0.93,15.344322893802774,dry,10,0,night,0,1,interested,1,0
10,3.637426618499581,them,115,0.75,69.45532760815912,dry,3,1,night,1,0,casual,1,1
17,6.125687097712948,them,199,0.7,91.68191743679061,neutral,8,0,night,1,0,casual,1,1
37,6.450814665124937,them,109,0.37,23.668279246746486,neutral,9,0,night,0,1,ghoster,0,1
44,26.915096903080993,me,29,0.74,29.922748878031726,enthusiastic,2,1,day,1,0,dry_texter,0,1
14,39.34254340585427,them,141,0.48,87.86090643766487,dry,10,0,night,0,1,casual,1,1
30,47.142566770707866,me,18,0.39,33.28593511056016,enthusiastic,5,0,day,1,1,casual,0,1
32,62.40763767802463,me,48,0.2,116.04817331955108,enthusiastic,0,0,day,1,1,ghoster,0,1
41,21.767487235417533,them,16,0.63,105.56259562874808,dry,8,1,day,0,1,ghoster,0,1
40,62.83450589357146,me,107,0.24,19.17714934609334,neutral,9,1,night,0,0,casual,0,1
45,50.76981992052725,me,111,1.0,117.11745217916331,dry,10,0,night,0,0,casual,1,0
27,69.20612548001205,them,114,0.75,98.78212338240057,enthusiastic,4,0,day,0,0,casual,1,0
40,16.625617108776936,me,60,0.69,43.75209880961161,enthusiastic,7,0,night,1,0,ghoster,0,1
49,69.75468582720329,them,106,0.22,80.88935136497741,dry,3,0,day,1,1,dry_texter,0,1
39,52.943888152775564,them,185,0.31,73.76908008573619,enthusiastic,9,0,day,1,1,interested,0,1
3,40.15446838656548,me,49,0.29,48.366747083092555,neutral,4,1,day,1,1,interested,0,0
6,52.03056898748398,me,47,0.78,112.60325246620948,enthusiastic,8,0,night,1,1,ghoster,1,1
30,6.492935612841878,them,178,0.65,85.66489972756699,dry,1,0,day,1,1,interested,1,1
11,27.264861461705742,them,12,0.77,109.55808067983375,enthusiastic,10,0,day,0,0,interested,1,0
41,13.010113898395637,me,52,0.0,92.08210104793464,dry,7,1,night,0,1,casual,1,1
39,43.20735150928242,me,141,0.28,75.80761564037418,dry,0,0,day,0,1,interested,1,1
22,66.2676982754066,me,28,0.42,22.211558619133314,enthusiastic,4,0,night,1,0,interested,0,1
49,30.767316436158815,me,75,0.47,15.520764370707514,neutral,5,1,day,0,0,interested,1,0
47,49.58310803431285,them,110,0.61,38.66213846131819,enthusiastic,9,1,day,1,1,ghoster,0,1
13,0.11382604025984655,me,120,0.63,15.033161146631354,dry,9,1,night,0,1,dry_texter,1,1
19,18.318061596856083,me,79,0.3,66.44923832675022,dry,1,1,night,1,0,casual,1,0
31,57.40231563568259,me,124,0.16,55.813534424863306,enthusiastic,5,1,night,0,1,dry_texter,0,1
23,4.767338974864456,me,72,0.84,41.35913773663814,neutral,10,0,night,0,0,dry_texter,0,1
32,63.14750874869706,them,116,0.83,37.0128158980656,enthusiastic,4,0,day,1,0,casual,0,1
33,11.0935999579373,them,124,0.73,63.31172741899405,neutral,2,0,day,0,0,ghoster,0,0
3,49.46776781279541,me,86,0.47,6.490632632890607,enthusiastic,10,1,day,1,0,dry_texter,0,1
43,8.470860389106742,me,41,0.27,2.815549381356441,enthusiastic,8,0,day,1,1,dry_texter,1,1
5,22.419184298477525,them,139,0.44,16.47880624570049,neutral,10,0,day,1,0,interested,1,1
45,50.354315996916675,them,80,0.33,24.57950945820616,enthusiastic,8,0,night,0,0,ghoster,1,1
31,16.681983383121157,me,37,0.86,74.41610838255492,neutral,6,0,night,1,1,ghoster,1,1
11,20.322530562369437,them,155,0.57,61.44601024872759,neutral,1,1,day,1,1,ghoster,0,1
31,27.634785031946862,them,54,0.81,71.3254536860188,neutral,9,1,day,0,0,ghoster,1,1
29,12.684528158445445,them,18,0.6,82.57553315068735,enthusiastic,6,1,night,0,0,casual,1,0
1,54.50959565165806,me,116,0.53,47.40793656746362,enthusiastic,7,0,day,1,1,dry_texter,0,0
6,41.95634240347583,them,33,0.85,8.426856465172191,enthusiastic,0,0,night,0,1,interested,1,0
25,29.234351124410946,them,140,0.21,21.63580264530851,dry,3,1,night,1,0,dry_texter,0,1
2,10.36770382476169,them,169,0.44,118.83589939890291,dry,2,1,night,1,0,ghoster,0,1
12,30.583573725292638,me,148,0.5,87.97869222740268,enthusiastic,8,1,night,1,0,interested,0,0
45,5.764543609546856,them,120,0.52,63.27945854440287,enthusiastic,1,0,night,0,1,interested,0,0
31,41.32550171639507,them,108,0.35,117.35350123784364,neutral,4,0,day,1,1,interested,0,1
19,58.24049613692883,me,74,0.48,16.091738918169856,dry,4,1,day,1,1,dry_texter,1,1
10,47.45920610546341,them,45,0.26,84.39220983615003,neutral,2,0,night,0,0,casual,0,1
43,31.693320604204644,me,54,0.58,101.17813119339951,dry,10,1,day,0,0,ghoster,0,1
35,16.823614443433705,them,122,0.26,64.12261377694495,neutral,0,1,night,1,1,interested,1,1
40,66.0990251820441,them,86,0.27,96.47564694803161,neutral,10,1,night,0,0,dry_texter,0,1
1,59.88164398739144,me,106,0.1,13.364966888535367,neutral,5,0,night,1,0,interested,1,1
14,68.43520506587414,me,182,0.96,11.279978513095205,enthusiastic,2,1,day,0,0,dry_texter,1,1
18,55.393857350519326,them,66,0.16,9.80565014479465,dry,6,1,night,0,1,dry_texter,1,1
26,12.847836244663506,them,28,0.14,92.47617147355656,dry,9,0,night,1,0,interested,1,1
32,10.717507831799262,me,10,0.66,32.705941252718034,enthusiastic,5,1,day,1,1,ghoster,1,1
15,0.2381299412140132,them,32,0.57,112.27002031356517,neutral,5,1,night,0,0,dry_texter,1,0
50,20.87702410400707,me,46,0.55,116.1340423130652,enthusiastic,3,1,night,0,1,ghoster,1,1
13,1.8262515948802935,me,126,0.39,95.33596144859263,enthusiastic,4,1,night,0,0,dry_texter,1,0
42,48.046782118563456,them,174,0.87,64.85080580953866,enthusiastic,9,0,day,0,0,ghoster,0,1
45,46.712622176101185,me,45,0.63,108.65481972376364,dry,7,0,day,0,0,ghoster,0,1
22,58.42951414126536,them,84,0.12,82.4065176288789,enthusiastic,2,1,day,0,0,dry_texter,1,1
24,39.84535655290217,them,63,0.93,5.8431684290702215,dry,10,1,day,0,1,interested,1,1
19,29.96800143966267,them,178,0.13,18.027455487394768,neutral,8,1,night,0,0,interested,1,0
20,25.045456812922527,me,143,0.24,14.98343090270324,enthusiastic,1,1,day,1,0,dry_texter,1,1
31,35.82106832187857,me,172,0.92,7.4292861054721415,neutral,4,0,night,1,1,ghoster,1,1
2,34.92442051375707,me,19,0.9,86.84696658651296,enthusiastic,9,1,night,0,1,casual,0,1
13,27.038331927197355,me,19,0.47,58.64451819260704,neutral,2,0,night,0,1,dry_texter,1,1
13,24.184176274830453,me,178,0.57,34.39189443173764,dry,7,1,night,0,1,casual,0,1
40,65.2016232329261,me,23,0.41,63.09048508268888,dry,9,1,night,1,0,ghoster,0,1
38,68.1301695311503,me,107,0.98,5.766982897829604,neutral,8,0,night,1,1,interested,0,0
47,29.27650180753499,me,34,0.36,29.448425129571422,dry,0,1,night,0,1,interested,0,1
12,56.869827320812114,them,161,0.46,76.37487404169346,enthusiastic,1,1,night,0,1,ghoster,0,1
14,56.71381277811447,me,159,0.88,88.55553343100061,dry,8,1,day,0,1,dry_texter,0,1
46,4.824425819326867,me,36,0.98,29.397291937592815,dry,10,1,day,0,1,dry_texter,0,1
24,24.85631388853167,them,129,0.53,15.602422676604215,enthusiastic,8,1,night,1,0,casual,0,1
19,68.99446836767449,me,28,0.16,14.330925099199789,dry,7,0,day,0,1,ghoster,0,1
29,53.11506556285381,me,75,0.19,3.622357604976362,dry,8,1,night,1,1,ghoster,0,1
20,40.842119585727936,them,44,0.79,27.987050634808316,neutral,4,0,day,1,1,ghoster,0,1
12,70.07083842624628,me,42,0.24,5.897023322127688,neutral,9,0,night,1,1,casual,0,1
10,26.849875392667165,me,137,0.3,110.5316431370832,neutral,7,0,night,1,0,interested,0,1
19,34.12156850479824,them,194,0.98,69.27358236431807,dry,9,1,night,0,1,interested,1,1
15,32.11003376344096,me,84,0.06,77.31620568203046,enthusiastic,8,0,night,0,0,interested,1,1
33,28.398500129583496,them,82,0.6,61.87514527339381,dry,10,1,night,0,1,dry_texter,0,1
29,62.94972497518641,me,56,0.73,53.86222309799337,neutral,7,1,day,1,1,casual,0,1
34,71.03796100728218,me,152,0.76,11.525345159975021,neutral,10,1,night,0,1,casual,1,1
20,60.09013451736416,them,127,0.56,56.15076827047695,dry,0,0,night,1,1,interested,0,0
45,46.42458088414385,me,31,0.76,59.67297677938357,dry,9,1,night,1,1,ghoster,0,1
2,60.86016490076987,me,149,0.06,39.04205226051979,enthusiastic,2,1,day,0,1,dry_texter,1,1
34,46.00414982002098,me,132,0.19,75.73556420807877,dry,9,0,night,1,1,dry_texter,0,1
10,0.9286317963924953,them,96,0.78,50.02734603358251,dry,1,0,day,0,0,interested,1,0
2,34.525312550895755,them,177,0.36,98.22760568999207,enthusiastic,8,1,day,1,0,interested,1,0
9,15.108552466151961,me,109,0.69,94.2995370424907,dry,0,1,night,0,0,interested,1,0
17,3.116267716659679,them,171,0.01,12.483928263948306,dry,9,0,day,0,1,interested,1,0
23,25.358635690511225,me,130,0.57,12.79357646801169,enthusiastic,0,0,day,1,0,interested,0,1
46,34.17951627362771,me,113,0.67,13.771616060443032,neutral,6,1,day,0,1,interested,0,1
32,54.88370491571748,them,143,0.72,10.787505470557011,neutral,1,1,night,1,1,ghoster,0,1
5,64.42233458575753,them,174,0.37,2.5215154949432184,enthusiastic,7,0,night,1,0,interested,1,1
11,4.659149603449695,me,87,0.2,101.43951062030118,neutral,1,0,night,1,1,dry_texter,0,1
43,43.427911135628776,them,125,0.51,18.537517811297967,neutral,1,0,night,1,1,casual,0,1
5,35.86571342366737,me,46,0.38,81.82531908830815,dry,4,0,day,1,1,casual,0,1
35,39.3566424345394,me,111,0.88,15.176958923428915,neutral,5,1,night,1,0,interested,1,0
11,35.386531822450756,me,80,0.72,59.00713627723846,dry,9,1,night,1,0,interested,0,1
23,55.18589525223055,them,83,0.06,71.26514639980417,dry,5,1,day,1,1,interested,0,0
16,17.82820302913181,them,152,0.08,82.87096017446017,neutral,1,1,day,0,1,interested,1,0
18,1.4689636387602203,them,151,0.02,38.66520538144389,enthusiastic,6,1,day,1,0,casual,1,1
40,21.565504626632254,them,52,0.5,101.83275720416577,dry,8,0,night,1,0,dry_texter,0,1
6,51.674892699580305,me,152,0.34,9.005103404856968,enthusiastic,7,1,day,1,0,dry_texter,0,1
27,28.965668813072625,them,172,0.76,22.49150125553229,dry,10,0,night,0,1,dry_texter,0,1
28,67.29378724664736,me,134,0.2,56.03591556535288,dry,2,1,night,1,1,interested,0,1
11,18.464157711368447,me,104,0.24,18.845507493898307,dry,3,1,night,1,1,ghoster,0,1
17,56.85622848462126,them,169,0.55,77.67096472866834,dry,7,0,day,0,1,dry_texter,0,1
43,63.771793354317936,them,186,0.84,29.088897066712008,enthusiastic,8,0,night,1,0,casual,0,1
48,28.076448157583137,me,109,0.22,13.71086757513401,dry,4,1,night,1,0,ghoster,0,1
31,49.157168222494136,them,38,0.36,86.16487626553307,neutral,0,0,day,0,1,ghoster,0,0
8,38.51356987968542,me,114,0.39,109.26490289963041,neutral,4,1,day,0,1,casual,0,1
50,46.398924032247024,me,71,0.87,98.96053586717952,neutral,7,1,night,1,0,casual,0,1
36,53.12055748348922,them,178,0.03,7.199759925330888,enthusiastic,2,1,day,0,1,casual,1,1
34,51.37660376590378,me,153,0.69,95.32443309419429,neutral,7,1,day,1,0,dry_texter,0,1
25,68.02251514864632,me,6,0.95,110.85036987412771,enthusiastic,9,0,day,1,0,dry_texter,0,1
17,10.746086466404876,them,44,0.95,14.964711738226363,enthusiastic,8,1,night,1,0,casual,1,1
19,53.74389812037428,them,34,0.43,25.586108404471364,dry,4,0,night,0,1,casual,1,0
16,26.613917246230105,them,22,0.01,16.851387386782264,neutral,6,0,night,1,1,interested,1,1
23,71.76523944481433,me,2,0.25,74.73928735652255,neutral,6,1,day,0,0,dry_texter,1,1
6,22.846851849097018,them,37,0.26,38.27908335816336,dry,7,1,night,1,1,dry_texter,0,1
11,22.719090201367322,them,196,0.95,67.12529028587791,enthusiastic,10,1,day,0,0,interested,1,1
28,8.353731391240098,them,11,0.44,118.66941146086505,enthusiastic,7,1,night,0,0,interested,1,0
48,36.629119003006565,them,145,0.89,70.69561081584648,enthusiastic,0,0,night,0,0,ghoster,0,0
44,8.783347996922025,them,152,0.93,13.622320626678219,neutral,2,0,day,1,1,ghoster,0,1
3,47.24443850524924,them,84,0.95,119.97871204006692,enthusiastic,2,0,day,1,1,interested,0,1
17,12.816777656121317,them,23,0.02,25.778506132885376,neutral,6,1,day,0,1,ghoster,0,1
39,9.452640130007165,me,95,0.51,59.265141263661135,neutral,7,1,night,0,1,dry_texter,0,1
22,70.07556892464899,me,166,0.69,19.453294401984255,neutral,8,0,night,1,1,interested,0,1
20,60.590732707851025,them,76,0.57,66.56832523723966,dry,8,0,night,1,0,ghoster,0,1
6,55.34256765431172,me,30,0.74,56.08259431545965,dry,6,0,day,1,1,dry_texter,0,1
17,24.57607535722712,me,55,0.19,89.89648899346706,enthusiastic,4,0,night,0,0,ghoster,1,1
43,69.53787414420971,them,78,0.62,116.89670516843076,neutral,10,1,night,0,0,casual,0,1
2,15.064522584083957,me,167,0.24,101.20867547021089,enthusiastic,3,0,night,1,0,ghoster,0,1
29,69.39841469320187,them,6,0.86,70.64192605668998,dry,4,1,day,1,0,interested,0,0
48,41.66361125484442,them,10,0.49,58.84601431406536,enthusiastic,9,1,day,0,0,ghoster,0,1
31,8.419733312910745,them,115,0.7,3.4760240405699445,neutral,3,1,night,1,0,casual,1,0
46,47.30098582602772,me,76,0.72,47.45417671812027,neutral,10,1,night,0,0,dry_texter,0,1
11,43.613928522448035,me,107,0.94,59.75328435104023,dry,3,0,day,1,1,dry_texter,0,1
5,24.3169023320427,me,159,0.23,67.87579239657059,neutral,4,1,night,0,1,casual,0,1
4,66.7175110886341,them,118,0.96,90.93595601022817,dry,9,0,day,0,0,interested,0,0
29,54.861457678858606,them,188,0.87,19.36119215938496,neutral,5,0,day,0,1,ghoster,0,1
19,36.361636432490116,me,69,0.37,90.82658028890211,neutral,10,0,day,1,0,casual,0,1
34,57.21172893880532,them,8,0.44,92.64807146924656,enthusiastic,8,0,day,1,1,ghoster,0,1
43,66.42135803539703,me,148,0.06,76.16129989643098,enthusiastic,10,1,night,1,1,dry_texter,0,1
10,50.42124459954754,them,165,0.21,65.78660962953269,enthusiastic,10,1,night,1,0,dry_texter,1,1
9,37.47381859584544,them,55,0.09,66.6625163119885,enthusiastic,5,0,day,0,1,casual,0,1
47,4.316093181029014,them,67,0.63,43.18232816259376,dry,10,0,night,1,0,ghoster,0,1
46,64.39240064846604,me,90,0.3,80.36376250080706,enthusiastic,9,0,night,0,0,dry_texter,0,1
10,51.238110293819254,them,21,0.09,51.56152116308067,dry,7,0,night,0,1,ghoster,0,1
32,45.82520275180338,them,177,0.93,59.255386934238054,neutral,2,0,day,1,1,casual,0,1
30,34.08160044511952,me,144,0.37,114.26678858051568,enthusiastic,6,0,day,1,1,interested,0,1
19,34.98663891862631,me,37,0.78,51.18907922349478,neutral,4,0,day,1,0,interested,0,1
20,40.735006277046786,them,97,0.48,86.68398595011482,enthusiastic,2,0,night,1,1,casual,0,1
27,27.88092876049283,them,87,0.54,115.01145955758405,neutral,4,0,day,0,1,interested,0,1
49,3.8069557914516423,me,193,0.48,107.72684934899974,dry,10,0,day,1,0,casual,0,0
35,43.693547122709774,them,151,0.04,103.57494594997172,dry,5,1,day,1,0,dry_texter,0,1
19,10.370466211081762,them,197,0.09,37.508511985149994,neutral,10,0,day,1,0,interested,1,1
21,18.571268879152438,me,14,0.2,90.50391493770144,enthusiastic,3,1,night,0,1,interested,1,0
41,16.829312814689626,me,69,0.55,70.75455100340093,dry,3,0,night,1,1,interested,0,1
35,70.94222751341431,me,138,0.95,115.40090100070562,enthusiastic,7,0,day,1,1,casual,1,0
44,27.371053039620918,them,162,0.21,101.04141910917372,neutral,0,0,day,1,0,ghoster,0,1
28,15.18121269309567,them,175,0.95,76.58521578536855,enthusiastic,7,1,day,1,1,casual,0,1
42,66.4025602351682,them,2,0.9,81.05206209160973,neutral,8,1,night,0,0,interested,0,0
25,59.57761212657677,them,100,0.18,92.3879354790784,enthusiastic,0,0,night,1,0,ghoster,1,1
46,25.763113363004035,me,158,0.63,97.20132483109336,dry,3,1,night,0,1,ghoster,0,1
41,28.518204927356166,them,146,0.5,21.286774468887128,dry,10,0,day,0,0,casual,1,1
18,13.81331143552092,me,178,0.68,74.12032958937888,enthusiastic,8,1,day,1,0,dry_texter,1,0
30,35.68137951214591,me,185,0.22,34.07403065479239,neutral,8,1,night,0,1,casual,1,1
15,70.42288399970177,them,20,0.92,24.42834130356689,neutral,4,0,day,0,1,ghoster,0,1
17,17.79505675855671,them,62,0.96,100.06958399323754,neutral,8,0,day,1,0,ghoster,0,1
21,64.0860290306347,me,33,0.06,96.4840648143611,dry,4,1,day,0,0,interested,1,1
15,62.249957585107246,me,117,0.38,95.62459664750533,enthusiastic,9,0,night,0,1,dry_texter,1,1
38,56.83798250955433,me,147,0.13,61.55886280907725,neutral,6,1,night,0,0,casual,0,1
42,54.314901722651285,them,150,0.89,93.28398406005903,dry,7,1,night,1,1,interested,0,1
36,61.82655879804287,them,89,0.2,24.844256514504696,dry,1,1,day,1,1,dry_texter,0,1
22,11.684159037091199,them,11,0.5,110.47447746574842,enthusiastic,3,0,night,0,0,ghoster,0,0
14,28.822504798066646,me,93,0.01,43.58851311037014,enthusiastic,1,0,night,1,0,dry_texter,1,1
17,51.75624052098755,them,142,0.25,24.322519641798365,dry,4,0,day,0,1,interested,1,1
24,47.58542749537457,them,183,0.07,18.18743725153841,dry,3,0,night,1,1,ghoster,0,1
13,61.51935117359251,them,39,0.33,7.337818033290179,neutral,2,1,day,0,1,interested,1,1
24,35.89831988036819,them,46,0.32,45.49156783917251,enthusiastic,7,1,night,1,1,interested,1,0
14,22.03193061502013,them,147,0.16,101.24936042367499,neutral,8,0,day,0,1,ghoster,0,1
22,30.67936873795752,them,111,0.41,96.73603136992173,neutral,4,1,day,0,1,casual,1,1
33,36.92095124243897,me,71,0.93,12.710684054433985,dry,5,0,day,1,0,dry_texter,0,1
13,50.80626991011538,me,193,0.72,65.63195071051658,neutral,0,1,night,1,1,ghoster,1,1
49,68.50719746014656,them,59,0.23,90.14731196295564,neutral,3,1,night,1,0,dry_texter,0,1
29,32.39797935941798,me,96,0.14,104.97627508098729,neutral,0,1,night,1,0,ghoster,0,1
20,23.47772504583572,me,146,0.79,110.73515867111857,dry,5,1,night,0,1,interested,1,1
29,46.008238020699864,them,24,0.17,81.31137900647451,dry,0,1,day,0,0,interested,0,1
34,5.038519149540252,me,95,0.52,21.44726030443516,neutral,6,0,day,0,1,ghoster,0,1
14,22.302516692269208,them,41,0.6,112.75935631191234,enthusiastic,3,1,night,0,0,casual,1,0
22,65.54178280371795,them,118,0.46,5.651090031397302,dry,4,1,night,1,1,casual,0,1
25,65.57998287270786,me,179,0.57,47.83260679348353,dry,3,0,night,1,0,casual,0,1
24,5.510421800528271,me,130,0.77,39.79556318224543,neutral,2,1,day,0,1,interested,1,0
48,28.752612155792608,me,102,0.04,30.822082233780932,enthusiastic,2,1,night,1,1,interested,1,1
31,59.07072165681582,me,44,0.84,73.23163833440317,dry,4,0,night,0,0,interested,0,1
3,64.27351481171829,me,114,0.7,100.54363579705401,enthusiastic,10,0,night,1,1,interested,0,1
16,26.97441865079447,me,52,0.09,51.18024493251261,dry,5,0,day,0,0,casual,0,1
21,40.46789644009339,me,160,0.21,65.46261575827454,neutral,1,0,day,0,1,dry_texter,1,1
30,15.846925949701454,them,167,0.62,6.228734187874341,dry,6,1,night,0,0,dry_texter,0,0
44,66.56784491248736,me,86,0.18,91.64423767620382,enthusiastic,5,1,day,1,0,ghoster,0,1
1,16.747625123913306,me,80,0.24,51.99124670112314,dry,9,0,day,0,1,ghoster,0,1
47,43.06141357999815,them,190,0.88,16.977774412162944,neutral,10,0,night,1,0,casual,0,1
43,71.16309191197409,me,156,0.87,63.05515936966838,dry,7,0,day,1,0,casual,0,0
12,42.66940688727044,me,61,0.51,51.72253813798504,neutral,4,0,day,0,1,casual,0,1
13,19.573976502527575,them,21,0.95,43.79025031172553,neutral,2,1,night,1,1,casual,1,0
6,54.63779921282013,them,153,0.54,66.78940428399397,dry,4,1,night,1,1,dry_texter,0,1
31,14.091533922703269,me,2,0.01,60.583277232303224,enthusiastic,5,1,night,1,1,dry_texter,1,1
3,71.45801778402503,me,99,0.93,20.32112360829975,neutral,4,1,night,1,0,ghoster,0,1
24,45.428595385493665,me,179,0.67,18.59822949095333,enthusiastic,7,0,night,0,0,interested,1,1
46,42.203550861317524,me,133,0.91,105.24473385013967,dry,6,1,night,1,1,ghoster,0,0
37,55.921760271656844,them,37,0.27,25.933541027247955,enthusiastic,6,1,day,0,1,interested,1,1
19,52.77904098502077,me,46,0.37,84.7816163970941,dry,7,0,day,1,0,casual,0,1
27,31.732592382522604,me,163,0.17,35.881944657855776,neutral,1,1,day,1,0,casual,0,1
49,68.77538878113269,me,25,0.21,95.22259785878786,neutral,9,1,night,1,1,ghoster,0,1
16,67.75135536497208,them,97,0.61,117.06130222504942,neutral,1,0,night,1,0,interested,0,0
16,26.526952449516212,them,132,0.41,23.36425727883251,enthusiastic,5,0,night,0,1,ghoster,0,1
23,30.80997219394223,them,169,0.86,108.7191286828684,enthusiastic,6,1,day,0,0,casual,1,1
30,12.099805299501249,them,30,0.48,65.33948107560941,dry,3,0,day,0,1,interested,1,0
15,51.78059877864461,them,172,0.12,17.155015459698483,enthusiastic,10,1,day,1,0,interested,0,1
25,47.08221475952386,them,60,0.22,14.767105867163858,dry,1,0,night,0,0,dry_texter,1,1
20,4.455715436371443,me,100,0.98,39.03751570569297,neutral,10,0,day,0,1,interested,1,0
15,35.98795188187529,them,38,0.6,18.3586131326864,enthusiastic,0,1,night,0,1,ghoster,0,1
4,70.64228125166247,them,40,0.83,26.062957196834105,enthusiastic,3,0,day,1,1,dry_texter,0,1
36,28.24456125716515,them,174,0.47,42.44855212545386,neutral,6,0,night,1,0,ghoster,0,1
4,61.186299884985615,them,118,0.65,69.68173167384977,neutral,7,1,day,0,0,casual,0,1
44,56.55594616510615,me,97,0.95,51.82621667425323,dry,0,0,night,1,0,interested,1,1
10,45.142023354944804,them,63,0.03,29.661795111005972,neutral,4,0,night,0,1,ghoster,0,1
6,8.787712538419118,me,6,0.59,118.49457094179866,neutral,4,0,day,1,1,ghoster,0,1
35,13.312069097040569,me,101,0.56,64.83359798217916,enthusiastic,7,0,day,0,0,casual,1,0
21,8.859261831777598,me,148,0.21,20.184021170815,enthusiastic,4,0,day,0,1,dry_texter,0,1
16,21.64319839569904,them,169,0.53,17.642750521536943,neutral,5,1,day,0,0,casual,1,1
9,43.35439586452458,me,152,0.36,16.290561674262758,enthusiastic,6,0,night,1,1,casual,0,1
45,10.313564409204654,me,19,0.63,33.058562825975955,enthusiastic,10,0,night,0,1,casual,1,0
16,5.581770982213439,me,137,0.11,66.2558853954596,dry,5,0,night,1,1,casual,1,1
15,27.26152930057321,me,32,0.18,87.67096237976787,neutral,9,1,day,1,1,dry_texter,0,1
25,13.008418864402529,them,123,0.59,31.828262702600643,enthusiastic,8,0,day,0,1,dry_texter,1,0
16,48.83149620761436,them,181,0.46,53.2362409782656,neutral,7,1,night,1,0,dry_texter,0,1
6,45.69672100038969,me,187,0.24,12.142399382952313,enthusiastic,0,0,night,1,0,ghoster,0,0
44,71.85271865671679,me,104,0.01,23.63189646896333,enthusiastic,0,1,night,0,0,ghoster,0,1
15,12.58662204003938,them,35,0.51,114.34554866744489,neutral,7,1,day,1,0,dry_texter,0,1
8,20.884661238944645,them,76,0.26,1.2658826472242137,enthusiastic,9,1,day,1,0,ghoster,0,0
30,23.65572969228958,them,28,0.01,106.93335691816804,dry,6,1,day,0,1,ghoster,1,1
32,0.49755253795823773,them,58,0.47,45.542826634756544,neutral,6,0,night,0,1,ghoster,1,1
46,14.289452492951792,me,73,0.04,47.950974629116324,enthusiastic,5,0,day,0,1,dry_texter,1,1
9,23.391914293754645,them,129,0.73,89.28529090676074,neutral,2,0,day,0,0,casual,1,1
22,30.935883688208264,me,112,0.48,34.58458100874408,dry,6,0,day,0,0,dry_texter,0,0
28,14.285697058739387,me,180,0.73,73.72095284284205,dry,9,0,day,0,0,ghoster,1,0
40,14.374331523085761,me,98,0.41,37.467067638925485,enthusiastic,3,0,night,1,1,interested,1,0
18,67.89590979571466,them,64,0.32,6.659210910114968,dry,0,0,night,0,1,ghoster,0,1
32,26.177849472078044,them,29,0.1,2.625728422942903,enthusiastic,2,1,night,1,1,casual,0,1
9,45.32822124262374,me,11,0.59,109.54904297143908,enthusiastic,3,0,night,0,0,dry_texter,1,1
10,3.154399642377342,me,108,0.55,31.050535403928244,enthusiastic,5,1,night,0,1,interested,1,0
11,43.1390636841856,me,75,0.05,68.37479743536124,enthusiastic,3,1,night,0,0,ghoster,0,1
18,14.898570934331243,me,41,0.57,71.46141784571027,dry,8,1,night,1,0,dry_texter,0,1
16,21.01271726797914,me,72,0.93,33.1817478010994,dry,10,0,day,0,0,dry_texter,0,0
36,19.010749012155312,me,105,0.9,36.09254527562545,dry,10,0,night,0,1,casual,1,1
50,41.994807479261425,them,168,0.26,75.52132729055255,enthusiastic,8,0,night,0,1,dry_texter,1,1
29,16.684066269892874,them,95,0.15,58.001819574454686,neutral,2,1,day,0,0,ghoster,0,1
12,58.859942468868255,me,18,0.14,51.7410086481661,neutral,10,1,day,0,0,interested,1,1
42,67.29679694137933,me,64,0.77,32.85112068782476,enthusiastic,9,0,day,0,1,interested,1,1
11,22.131719469178126,them,40,0.24,65.67964618915991,neutral,10,0,day,0,0,dry_texter,1,1
15,1.7280626320884371,them,99,0.15,78.98838710140213,dry,10,1,day,1,0,interested,1,0
22,8.5212698724533,me,12,0.6,22.19006543611571,enthusiastic,5,0,night,0,1,dry_texter,1,1
17,58.37179786937605,me,1,0.86,117.38788109040641,enthusiastic,2,1,day,1,1,ghoster,0,1
10,6.512185329644718,me,47,0.77,42.96044215558899,neutral,6,1,night,1,0,casual,1,1
35,59.141102258624464,them,22,0.58,51.19905056585793,enthusiastic,3,0,day,1,0,casual,0,1
8,4.289572072163657,them,93,0.85,104.14592850699259,dry,4,1,day,1,0,casual,0,1
46,10.301513695546806,me,179,0.96,45.23042352077303,enthusiastic,1,0,night,0,0,casual,1,1
27,10.779640191123441,me,121,0.74,90.02474779461737,enthusiastic,4,1,night,1,1,interested,1,1
49,12.49777463255279,me,3,0.4,51.4108710952738,neutral,8,1,night,0,1,casual,1,1
48,15.254225528456075,me,57,0.39,98.87809090147535,enthusiastic,9,0,night,1,1,ghoster,0,1
13,19.4342083320384,me,20,0.36,93.67687397261338,neutral,0,0,night,0,0,interested,1,1
13,45.964005193878236,me,62,0.27,117.22291445616341,enthusiastic,0,1,day,0,1,interested,0,1
26,36.01555798971375,them,193,0.39,43.34463784015356,dry,10,0,night,1,0,casual,1,1
3,20.888595429122862,me,175,0.46,106.33926086491624,dry,3,0,day,0,1,ghoster,0,1
28,2.8809289941858847,them,62,0.21,73.63608072115755,dry,2,1,day,0,0,dry_texter,1,0
7,32.746165741888774,me,76,0.16,34.33396135721269,neutral,5,0,day,0,1,dry_texter,0,0
9,67.66772181485271,them,11,0.36,35.10838307970588,neutral,9,0,night,1,1,dry_texter,0,1
44,3.0726413479759325,me,190,0.79,84.26969023590512,enthusiastic,0,0,day,1,1,casual,1,0
43,6.7322246516014115,them,120,0.64,108.11505534035325,neutral,1,0,day,0,1,ghoster,1,1
32,15.309733469523042,them,30,0.28,5.555598325019064,dry,7,0,day,1,0,ghoster,1,1
14,3.8935810866019684,me,195,0.68,33.1119251101947,enthusiastic,2,0,day,0,1,ghoster,1,0
14,48.21439677701356,them,48,0.83,12.000509943811837,neutral,5,1,day,0,1,ghoster,0,1
28,25.537851107918037,them,3,0.56,107.35973547442487,dry,1,0,night,1,0,casual,0,0
44,29.259837947203174,me,116,0.94,103.01478106498976,enthusiastic,7,0,day,0,0,ghoster,0,0
14,68.5711354446668,me,95,0.81,2.9267609784855786,neutral,8,0,night,1,1,ghoster,0,1
22,8.163359960147123,me,118,0.43,22.050524113905986,enthusiastic,2,1,night,1,1,dry_texter,1,0
6,58.027662905163204,me,23,0.65,74.33498422031933,neutral,1,1,day,1,0,dry_texter,0,1
8,14.080337149327018,them,32,0.35,95.45639479733623,neutral,6,1,day,1,0,dry_texter,1,1
27,48.4776584609741,me,107,0.03,4.123371230450763,neutral,8,1,night,0,1,casual,0,1
4,57.695878528801394,them,33,0.94,47.45899196196586,enthusiastic,2,1,night,0,1,casual,1,0
26,60.6982123172013,them,142,0.16,39.36615120804121,dry,1,0,night,0,0,interested,0,1
2,53.448452926130436,me,117,0.63,93.53318007004589,dry,3,0,night,0,0,ghoster,0,1
41,1.666139229862634,me,29,0.46,71.91143858879383,dry,2,1,night,0,0,interested,1,0
32,57.271784853792944,them,19,0.49,75.45624806792445,dry,10,1,night,1,1,casual,0,1
39,61.54624273079957,me,88,0.99,58.58540813174105,enthusiastic,9,0,day,1,0,casual,0,1
14,62.41494657301996,me,56,0.03,17.48923742884078,dry,2,1,night,1,0,interested,1,1
32,31.396463251942926,them,50,0.25,24.547296790479397,enthusiastic,4,1,day,1,0,casual,0,1
48,19.560522517146453,them,160,0.11,46.58245590394917,dry,9,1,night,0,1,casual,0,0
39,59.52142214150839,them,102,0.03,22.408604080049802,neutral,6,0,night,0,0,casual,0,1
21,49.55705381024534,them,55,0.47,95.6334911157622,dry,8,0,night,1,0,casual,0,1
43,5.387342105241743,them,175,0.76,38.816212071433235,neutral,3,0,day,1,1,interested,0,1
21,42.56431892190681,me,148,0.02,3.1225196838105083,enthusiastic,0,1,night,0,1,interested,1,0
5,33.83232133722772,them,186,0.3,38.7455697558029,neutral,6,0,night,1,0,ghoster,0,0
8,60.701446316549465,me,8,0.22,99.22932706204895,dry,1,1,night,0,0,interested,1,0
1,67.2559456344945,me,67,0.88,6.126065508914196,dry,4,0,night,1,1,dry_texter,0,0
21,62.056432743788555,them,164,0.45,15.562423788680732,enthusiastic,3,1,night,1,1,ghoster,0,1
36,60.15903096531933,me,169,0.65,102.84775362537097,enthusiastic,1,0,night,0,0,interested,1,0
22,15.02362497603647,them,195,0.94,85.31297104827027,enthusiastic,2,0,day,0,1,ghoster,0,0
13,4.942030340465654,them,43,0.69,114.22785691551815,enthusiastic,10,0,day,1,0,interested,1,0
43,38.22374946318675,them,68,0.12,66.4862074703272,neutral,6,0,day,1,1,dry_texter,0,1
47,66.81743704100224,me,76,0.19,22.020767440586162,neutral,8,1,night,0,0,casual,0,1
18,17.19123355106273,me,71,0.23,74.80626816482813,enthusiastic,6,1,night,0,0,dry_texter,1,1
46,42.93456456612394,me,25,0.19,109.02611043569502,enthusiastic,7,1,day,0,1,interested,1,1
43,34.171249738413266,them,6,0.18,32.39603040270242,dry,2,0,night,1,0,ghoster,0,0
44,71.30974332189125,me,135,0.5,90.84410496386417,dry,1,1,night,1,1,dry_texter,0,1
1,59.5979624494098,them,182,0.33,62.62189561999312,enthusiastic,9,1,day,1,0,casual,0,1
32,2.2251365899628484,them,93,0.21,11.623604000115467,neutral,10,0,night,1,0,dry_texter,0,1
18,22.271277410695195,me,149,0.52,41.849658729630825,enthusiastic,1,1,night,1,1,interested,0,0
10,37.66940419078131,them,160,0.56,20.350211904449953,neutral,4,0,night,0,1,interested,1,0
1,30.983243654388165,me,13,0.25,42.67597002959198,neutral,8,0,day,1,0,casual,0,0
23,17.90845235022197,them,109,0.4,108.59537616132576,neutral,4,1,day,1,1,casual,1,1
20,21.95971892895587,them,146,0.93,55.8773715790648,dry,6,1,day,0,1,dry_texter,1,1
30,30.27640787679089,them,119,0.03,67.51018331307345,neutral,1,0,night,0,1,casual,0,1
26,9.067380525259917,me,119,0.81,105.11439383508998,neutral,0,0,day,1,0,dry_texter,0,0
4,8.743873039737721,me,180,0.21,18.154076150684503,enthusiastic,7,0,day,0,1,dry_texter,0,0
13,8.259038186328322,me,40,0.6,15.403095676443606,dry,3,0,day,1,0,ghoster,0,0
12,59.05950892653171,them,157,0.68,103.25835264713287,enthusiastic,1,1,day,0,0,casual,0,1
35,14.425274925555321,them,75,0.29,12.902342588691994,enthusiastic,7,1,night,1,1,interested,1,0
8,40.62305405764964,me,149,0.3,77.7679695442338,enthusiastic,9,1,day,1,0,ghoster,1,1
33,61.62044917042252,me,90,0.9,63.481622327002086,enthusiastic,1,0,day,1,1,ghoster,0,1
20,66.49033949049463,me,166,0.48,115.54404614968988,enthusiastic,10,0,night,0,1,dry_texter,0,1
47,11.46093655141227,me,171,0.11,112.17383516460173,neutral,5,0,day,0,0,ghoster,0,1
8,2.694115794969596,me,114,0.76,73.17746283206337,dry,2,1,day,1,1,casual,0,1
29,48.877129529404876,me,52,0.74,52.65349801515558,enthusiastic,3,0,day,0,0,interested,0,0
35,62.24336335943258,them,48,0.68,114.97149009561264,enthusiastic,10,1,day,0,1,dry_texter,1,0
29,30.780845918013828,them,19,0.57,16.13589368093084,enthusiastic,4,0,day,1,0,interested,0,1
17,28.11070152100681,them,18,0.87,19.785699458462464,neutral,1,0,night,1,0,interested,0,0
3,24.339257466355036,them,52,0.33,92.00357390990588,dry,3,1,day,0,1,interested,0,1
3,24.90088122066881,me,107,0.6,73.8794854327609,dry,8,1,day,1,0,interested,1,1
20,56.271012344867074,me,6,0.93,4.1361045171318525,dry,8,1,day,1,0,ghoster,0,1
9,8.321990367268063,me,158,0.98,44.75733181732075,dry,5,1,day,0,0,interested,1,1
35,40.899500036955914,me,185,0.25,7.7691550710558035,dry,2,1,day,1,0,dry_texter,0,1
39,28.64294286419822,me,169,0.08,30.773663808897485,enthusiastic,3,1,night,0,1,dry_texter,0,1
34,64.29445030735833,them,179,0.54,13.42100242842515,neutral,6,1,night,0,0,casual,0,1
8,26.812078924429223,me,10,0.98,84.10269075924911,enthusiastic,7,0,day,1,0,dry_texter,0,1
18,61.52934512422857,them,127,0.02,46.52799351345692,neutral,0,0,day,1,0,ghoster,0,1
2,65.52388819924913,them,68,0.81,71.32407657629813,dry,5,1,night,0,0,ghoster,0,0
35,33.37218265619964,them,42,0.96,56.612564286071276,dry,2,0,night,1,0,casual,0,1
18,26.04203041903532,them,168,0.81,73.35190192958977,dry,4,1,night,0,1,ghoster,1,1
41,60.79142379817222,me,105,0.06,112.72127670396924,neutral,9,1,day,1,0,dry_texter,0,1
41,12.563662905819175,me,60,0.11,5.581711597192304,enthusiastic,8,1,night,0,0,interested,0,1
23,38.91177752404652,me,154,0.23,13.99045395270003,enthusiastic,7,0,day,0,0,dry_texter,0,1
28,63.06142595695016,me,7,0.33,94.79157096053768,neutral,6,1,night,1,0,casual,0,1
7,43.85074650665025,them,131,0.72,89.30316662396258,enthusiastic,5,0,night,0,0,ghoster,0,1
15,40.70897171088832,them,138,0.73,101.8638144995203,enthusiastic,0,1,night,1,1,casual,0,1
50,70.37818266497163,me,117,0.31,116.7152253220574,enthusiastic,3,1,night,1,0,dry_texter,0,1
15,32.32569754581077,them,59,0.57,99.387286211719,dry,8,0,night,0,1,dry_texter,0,1
10,41.47284605788005,me,47,0.88,2.8459579411576783,dry,6,1,night,0,0,interested,0,1
33,62.4153591849677,them,109,0.35,48.875783308852576,enthusiastic,3,1,day,1,1,interested,0,1
29,65.56854418992236,them,190,0.83,35.425645851802436,neutral,2,0,day,0,0,dry_texter,0,1
47,42.341823191267025,me,60,0.3,41.592948114471625,enthusiastic,8,1,night,1,1,dry_texter,0,0
47,15.169009618451522,them,148,0.88,38.4097196373084,neutral,4,0,day,1,1,ghoster,0,1
39,54.24975394934862,me,171,0.28,12.421145369219257,enthusiastic,8,0,day,0,0,interested,1,0
37,30.70818439655332,them,134,0.13,55.00807591600751,dry,1,1,night,1,1,interested,0,0
23,57.862157864070156,me,187,0.07,19.65053574249268,neutral,4,1,day,1,0,ghoster,0,1
36,47.60139075152369,me,163,0.63,30.263733880878124,enthusiastic,6,0,day,1,1,casual,0,1
41,63.06220422973664,me,1,0.43,59.39224707611443,enthusiastic,3,0,day,1,1,ghoster,0,1
12,63.20805482273728,me,75,0.67,59.33641511062379,enthusiastic,6,1,night,1,0,casual,1,0
29,23.428587330971133,them,30,0.18,114.80154774300611,enthusiastic,1,1,night,0,1,ghoster,0,1
14,64.06636414878935,them,16,0.56,39.45985005148518,enthusiastic,5,1,night,1,1,ghoster,0,1
41,58.9337700850163,them,115,0.41,69.12817790507536,dry,8,0,day,1,0,interested,0,1
22,65.68045664872561,me,168,0.05,26.045143701803916,enthusiastic,3,0,night,0,1,casual,0,1
1,2.597398019393543,me,194,0.94,13.199966912555828,neutral,7,0,day,1,1,interested,1,0
8,58.53570062258735,them,168,0.4,98.37721051367045,neutral,1,0,day,1,0,interested,0,1
38,57.06864044190139,me,156,0.86,94.3878391722104,neutral,8,0,night,1,1,casual,0,0
28,6.700492441670689,them,144,0.28,34.8463352770524,enthusiastic,8,0,night,0,1,ghoster,0,1
37,70.2137228384034,them,198,0.23,45.00877355590426,enthusiastic,1,1,night,0,0,interested,1,1
6,10.175800718590953,them,134,0.72,68.43006545684644,dry,0,1,night,1,1,dry_texter,0,1
1,19.306432498310567,me,194,0.56,59.15849969480231,neutral,5,0,night,1,1,interested,0,1
1,11.670704226461115,me,43,0.2,104.5001516242179,dry,0,1,night,0,1,casual,0,1
28,71.69359050083237,them,134,0.32,106.85586609858412,enthusiastic,10,0,day,1,0,dry_texter,0,1
48,51.849378524165076,me,43,0.52,99.69955388747587,dry,5,1,day,0,1,interested,0,1
7,38.71666760011567,them,25,0.06,56.77459822401464,dry,1,1,day,1,0,casual,0,1
20,26.443785823613904,them,66,0.56,77.35032319623784,dry,1,0,day,0,1,casual,1,1
50,27.5721491558219,them,189,0.87,80.55113271026566,neutral,3,0,day,0,0,interested,0,0
1,23.280327063804073,me,36,0.51,53.322993499214064,enthusiastic,7,1,night,0,0,ghoster,1,1
34,22.821978555689423,me,155,0.84,114.68785466825842,enthusiastic,4,0,night,1,1,dry_texter,0,1
2,62.361967580985095,them,198,0.67,87.69048887837882,dry,9,0,night,1,0,interested,1,1
22,6.7758108496288525,them,65,0.5,2.54634580169733,neutral,0,1,night,1,0,dry_texter,1,1
46,66.7853884242346,them,126,0.17,90.24238383112461,enthusiastic,8,0,day,1,0,casual,0,1
8,4.035455583953977,me,81,0.1,65.74593478456066,dry,10,0,night,1,0,dry_texter,0,0
43,4.426805233037116,me,195,0.5,87.74589090592917,dry,2,1,day,1,0,ghoster,1,0
18,40.360275873909174,me,88,0.47,100.49656967713511,dry,9,1,day,0,0,casual,0,1
50,12.19218052021444,me,56,0.64,55.78154271596459,enthusiastic,3,1,day,0,1,interested,1,0
27,16.269147367327058,me,70,0.88,22.076338406906327,neutral,4,1,night,0,1,dry_texter,0,1
41,49.46687087330663,me,10,0.95,70.64153518450262,dry,8,0,night,1,1,casual,0,0
18,6.534540034499886,me,67,0.22,32.0406638513678,dry,8,0,night,0,1,dry_texter,1,1
45,7.532133559301418,them,3,0.16,57.5840147274046,neutral,10,0,day,1,1,casual,1,1
30,42.737382124882146,them,188,0.4,100.25747293224228,neutral,5,1,night,1,1,interested,0,0
33,7.765582727722754,them,199,0.27,69.72107119626749,enthusiastic,0,0,day,1,0,casual,1,1
20,57.08616780593443,me,89,0.46,20.67570764429822,dry,10,0,day,0,1,dry_texter,1,1
16,11.097931454326043,them,2,0.48,42.02071172661857,neutral,8,1,day,1,1,ghoster,0,1
49,67.33889265070775,them,198,0.33,34.700157422983175,enthusiastic,6,1,day,1,1,interested,1,1
22,36.104827070781184,me,157,0.6,48.383510417012374,dry,10,0,day,1,0,interested,0,1
28,10.853825006763758,them,100,0.68,58.19759477037468,neutral,6,0,day,1,0,ghoster,0,1
26,57.85561849249843,me,42,0.32,69.38718295342832,neutral,10,1,day,1,1,ghoster,0,1
39,58.11300648580583,them,129,0.37,57.35212693162853,neutral,8,1,day,0,1,ghoster,1,1
46,42.49101730111414,me,132,0.81,87.58782321805073,neutral,6,0,night,1,0,interested,0,1
24,18.167529930551215,them,173,0.3,98.48115178048693,enthusiastic,4,0,night,1,1,interested,1,1
47,2.636089252317947,them,64,0.18,64.66323883275788,dry,2,1,night,1,1,ghoster,0,1
47,59.07496611547641,them,11,0.08,45.36264412519483,dry,9,0,night,0,1,dry_texter,0,1
42,53.47331386484672,me,111,0.97,95.44373057637804,enthusiastic,4,1,day,0,1,ghoster,1,0
12,19.933474392537335,me,155,0.4,22.569989030858736,neutral,4,0,night,0,0,ghoster,0,1
41,22.907476417680336,me,58,0.02,39.62845127512416,dry,9,1,night,1,1,ghoster,0,1
29,10.928061137052055,them,54,0.53,21.231595837215536,neutral,4,1,day,0,1,dry_texter,1,0
49,22.704342190235412,them,8,0.16,70.60748970390395,enthusiastic,5,1,night,0,1,ghoster,0,1
8,6.98254719744606,me,55,0.99,68.91865688139593,dry,2,1,night,1,0,ghoster,0,1
43,63.70256639609306,them,129,0.54,47.66863060583774,neutral,7,1,night,1,0,casual,0,1
42,12.403488108525629,me,99,0.58,50.753888383026705,neutral,6,0,day,0,0,interested,1,0
16,11.985038764700604,them,176,0.09,45.06521355139927,enthusiastic,9,1,day,0,1,dry_texter,1,1
13,23.236142527690554,them,17,0.89,25.633865235259133,neutral,7,0,night,0,0,ghoster,0,1
11,17.63016868590772,me,2,0.75,82.1608080830262,neutral,8,1,night,0,1,dry_texter,0,1
35,51.46302349647767,them,124,0.83,8.114566101600259,neutral,0,1,night,1,1,interested,1,0
8,51.983583481346436,them,106,0.66,17.89206190142017,dry,7,0,night,0,1,interested,1,1
22,21.26102901713532,them,85,0.79,84.24783900896227,enthusiastic,4,0,day,0,1,interested,1,0
46,11.397776073739484,them,122,0.71,81.12016695805396,dry,2,0,night,1,1,casual,1,1
17,26.21964922489251,them,123,0.62,21.278805022805876,neutral,10,0,night,1,1,ghoster,0,1
25,1.0247468959512247,me,88,0.22,25.565081899560152,dry,4,0,day,1,1,ghoster,1,1
34,64.66569644542585,me,94,0.66,48.420455579026346,dry,5,0,night,0,0,ghoster,0,1
45,67.41600751026063,me,59,0.69,55.27186006392725,dry,9,1,night,0,0,interested,0,1
16,42.168772152371666,them,119,0.1,105.91524428865387,dry,5,0,day,1,0,ghoster,0,1
32,21.597189135787687,me,149,0.43,108.6936720853399,enthusiastic,7,0,night,0,1,ghoster,0,1
33,20.430410716707776,them,68,0.87,30.63361824747869,neutral,10,1,night,0,0,ghoster,1,0
12,4.720282187696708,them,173,0.3,111.11014510379401,neutral,5,0,day,0,0,casual,1,1
44,21.604422172782627,me,147,0.67,39.528085936681464,dry,6,0,day,0,1,ghoster,0,1
17,33.98268052393018,them,95,0.14,40.71293759702478,neutral,5,1,night,1,1,ghoster,1,0
42,57.986694470606594,them,197,0.27,98.4054351137305,dry,3,1,night,1,0,dry_texter,0,1
14,44.46402034321372,them,71,0.11,29.9334000206719,neutral,7,1,day,1,1,casual,0,1
41,24.673818974758145,them,113,0.92,14.21266409865813,dry,1,1,night,0,0,dry_texter,0,1
35,54.92067557252747,them,143,0.53,35.67890676154826,dry,2,0,night,1,1,casual,0,1
44,69.94358398536102,them,66,0.6,111.98906848395957,dry,1,1,night,1,1,interested,0,1
37,31.478897986465107,me,130,0.87,39.92133132387968,enthusiastic,7,1,night,0,0,interested,0,0
6,41.32261737003755,them,157,0.65,23.715607356108535,dry,10,1,night,1,1,casual,0,1
34,56.24012984235736,them,6,0.4,35.96384070631951,enthusiastic,6,0,day,0,1,ghoster,1,1
35,32.95823907151903,me,198,0.82,111.11742911638909,enthusiastic,9,0,day,0,0,dry_texter,1,1
50,9.167295030396353,them,18,0.33,38.52501365905549,dry,10,0,day,1,0,ghoster,0,1
2,9.886475914641512,them,32,0.83,45.63855908830048,neutral,3,1,day,1,1,ghoster,1,1
12,36.48263986227207,me,42,0.76,15.322640686801044,neutral,9,1,night,1,0,casual,0,0
8,68.03257269338272,me,2,0.38,50.98166031864802,dry,5,1,night,0,1,dry_texter,1,1
31,1.1412021256555418,them,187,0.65,39.46924092917867,dry,3,0,day,0,0,casual,0,0
48,47.58855769859321,them,159,0.41,19.740440613697906,dry,2,0,day,1,0,casual,1,1
17,44.77777700958577,me,7,0.33,106.76963361345065,dry,2,1,day,1,0,casual,1,1
5,8.09356246701321,them,119,0.98,102.8807107573678,enthusiastic,7,0,day,1,1,ghoster,0,1
40,48.12710043471083,me,123,0.49,99.89963311988299,enthusiastic,3,0,day,0,0,casual,0,0
40,7.576431110382624,me,65,0.18,79.46495374166868,neutral,7,1,day,1,1,dry_texter,0,1
25,45.495376135836,me,47,0.01,76.52104741379299,dry,2,1,night,0,1,ghoster,0,1
26,32.5514962037974,me,117,0.62,65.95965180057061,dry,4,1,night,0,1,dry_texter,0,1
43,61.64743566998095,them,17,0.78,51.75522771055125,dry,8,0,day,0,1,interested,1,0
29,31.403815745096612,me,130,0.18,98.58316787338791,enthusiastic,3,0,day,0,0,dry_texter,0,1
4,57.618719208145514,them,139,0.23,113.71245648461436,enthusiastic,2,1,day,0,0,casual,0,1
40,30.52913360146622,me,72,0.05,116.32841897695506,neutral,4,1,night,1,1,dry_texter,1,0
36,48.10465227392007,me,188,0.61,115.15381458365142,dry,6,0,day,1,0,casual,0,1
16,60.07168991289532,me,58,0.96,33.86992670381367,neutral,1,0,day,1,0,dry_texter,0,1
7,55.55937818628023,them,60,0.66,36.559843628455724,dry,8,1,day,0,1,dry_texter,0,1
41,33.58984928328962,me,182,0.69,95.54021804771713,neutral,3,0,day,1,0,ghoster,0,0
50,20.1746566641882,them,65,0.64,40.130730919076484,enthusiastic,4,1,day,0,0,ghoster,1,1
7,71.80578273703439,them,144,0.61,68.30878980996354,enthusiastic,8,1,day,0,0,interested,1,0
39,30.37171151265811,them,184,0.74,42.32922994348055,neutral,7,0,night,1,0,casual,0,1
27,57.736457720719045,them,65,0.36,82.2783920984113,neutral,3,1,night,0,1,ghoster,0,1
36,55.49824111290849,them,190,0.4,42.47615791808976,dry,7,0,night,1,0,dry_texter,0,1
21,44.76958027331436,me,194,0.38,32.496966644087,enthusiastic,7,1,night,1,1,casual,0,1
33,50.416437672422504,them,194,0.56,22.171064275194528,enthusiastic,1,0,day,0,1,dry_texter,1,1
25,7.4610739114931395,them,158,0.57,10.783180538836998,dry,7,0,day,0,1,interested,1,0
15,31.705624927941283,me,38,0.01,29.997943943636614,dry,9,1,night,1,0,ghoster,0,1
25,53.76908018311443,them,68,0.43,44.37722894628561,dry,5,1,day,0,1,casual,0,1
33,51.00148208627935,them,27,0.81,72.88689877920677,enthusiastic,5,0,night,1,0,ghoster,0,1
11,1.5922931456344447,them,144,0.65,107.60515407744623,neutral,2,0,night,0,1,dry_texter,0,0
46,55.03429409770568,me,102,0.22,54.801295078316386,enthusiastic,10,1,night,0,1,casual,0,0
40,3.8139063363685235,them,151,0.12,117.30510803647782,enthusiastic,1,1,day,0,0,casual,1,1
22,6.415612271276283,them,147,0.7,82.5570139594874,neutral,6,1,day,1,0,interested,1,1
6,13.288779398474098,them,52,0.23,118.29068674161886,enthusiastic,1,1,night,0,1,interested,1,1
7,12.13294404837847,me,2,0.33,37.44540250518003,enthusiastic,9,1,day,0,0,ghoster,1,1
10,43.17971797987906,me,113,0.71,105.68096139182187,dry,8,0,night,0,0,interested,0,1
12,42.48765556015966,me,26,0.5,72.81690102424517,enthusiastic,5,1,night,1,0,interested,1,1
13,57.17188511124624,me,92,0.06,117.89913028190905,neutral,10,0,day,1,1,casual,0,1
41,30.69498238790886,them,97,0.08,3.8362638760916026,dry,5,1,night,1,1,dry_texter,0,1
6,22.112627805997892,me,165,0.31,6.706767697488991,dry,0,1,night,0,1,interested,1,0
12,36.629682024563266,me,55,0.1,114.04575184061333,dry,5,0,day,1,0,interested,1,1
19,0.34119249222052694,me,169,0.81,99.9251805868695,dry,6,0,night,1,0,casual,1,1
28,48.98849178164348,them,53,0.94,78.74702673151637,neutral,6,0,night,1,1,dry_texter,0,1
1,45.11067099766184,them,11,0.7,54.446256282461434,enthusiastic,3,0,day,0,0,ghoster,1,1
44,51.48168303820931,them,73,0.54,34.87987425778406,enthusiastic,4,0,day,1,0,interested,0,1
31,34.47502475882143,me,59,0.04,47.17959807778091,dry,1,0,night,1,1,casual,0,1
13,55.335543328158984,them,12,0.57,113.88214044401461,neutral,4,0,night,1,0,interested,0,1
12,45.159381255450946,them,169,0.72,4.011851144501119,neutral,1,0,night,0,0,dry_texter,1,0
40,51.874737294270815,them,95,0.04,108.28083385788887,enthusiastic,3,0,night,0,0,ghoster,0,1
37,39.28194240720964,me,167,0.82,57.69496056830958,enthusiastic,10,1,night,1,1,casual,0,1
30,34.49729396550886,me,117,0.54,43.856082511223406,dry,4,0,night,1,0,dry_texter,0,1
27,51.16937946785957,me,103,0.13,75.55348914861696,dry,6,1,night,1,1,ghoster,0,1
9,52.078155146207266,me,63,0.22,23.724843991085912,dry,10,1,night,1,1,dry_texter,0,1
20,65.13667657947487,them,14,0.2,41.18429518231358,dry,10,1,night,0,1,interested,1,1
48,49.00537199200845,me,165,0.4,94.04121054187104,dry,2,1,night,1,0,casual,0,1
34,52.94286880807701,me,174,0.1,8.777725966306456,dry,0,0,night,0,1,dry_texter,0,1
24,44.87268139023843,them,150,0.9,54.147426057870625,neutral,2,1,night,0,0,casual,1,1
36,39.76712695706739,them,180,0.98,83.10568174653775,dry,1,0,night,0,0,casual,0,1
38,49.54474782287821,them,113,0.58,22.63820618564394,dry,7,1,night,0,1,interested,1,1
8,71.48856976123213,me,163,0.32,85.65757359073342,dry,5,1,day,1,0,dry_texter,0,1
2,35.25185161036896,me,14,0.65,84.36127132542205,neutral,7,1,night,0,1,ghoster,0,1
40,0.7688073284489683,me,78,0.38,108.63964360910948,neutral,6,0,night,1,1,dry_texter,0,1
22,9.528489559063686,them,185,0.26,23.95550851651147,neutral,4,0,night,0,1,interested,1,1
12,26.8839569440265,me,147,0.8,93.68632465898291,dry,0,0,night,0,0,ghoster,0,1
4,50.69862939408031,me,191,0.93,23.083402141278693,enthusiastic,1,0,night,0,0,interested,1,1
13,50.99310904093779,them,155,0.71,56.83604420184757,enthusiastic,10,0,night,0,0,interested,1,1
13,50.39762545323924,me,49,0.19,39.247248098239766,dry,2,1,night,1,1,casual,0,1
42,64.1200373597891,them,73,0.75,8.693747157847348,dry,7,1,day,1,0,ghoster,1,1
24,50.26147038517757,me,146,0.26,100.9272959900544,neutral,5,1,night,1,1,ghoster,0,0
3,49.742252479556484,them,120,0.88,39.599765337184635,neutral,7,1,night,0,0,ghoster,0,1
41,10.755642807171597,them,4,0.43,98.2711708005583,dry,2,0,day,0,0,ghoster,0,1
11,21.853593436956604,them,59,0.19,73.2121749380512,neutral,6,1,day,1,0,dry_texter,0,1
19,10.186401254914504,them,56,0.42,2.543143643930173,neutral,10,0,night,1,1,interested,1,0
45,62.2150226326705,them,145,0.97,8.511874058153207,neutral,5,1,day,0,1,casual,0,0
31,56.650041969107505,them,148,0.79,84.10121609368142,dry,5,0,day,0,1,ghoster,0,1
10,44.89970379441347,me,136,0.49,72.70937340819265,enthusiastic,4,0,night,1,0,dry_texter,0,1
15,45.58102709218734,them,92,0.82,58.42382141846023,dry,4,1,night,1,0,casual,0,1
48,63.70356176820324,them,64,0.79,51.33596775961581,dry,4,1,day,0,1,interested,1,0
50,65.50607692818747,me,115,0.63,67.07645912230336,enthusiastic,7,1,day,1,1,dry_texter,1,1
21,68.83960033372676,me,14,0.87,66.75643956493646,neutral,2,1,night,0,1,dry_texter,0,1
19,23.329019611510745,me,131,0.06,86.3551574418398,dry,7,0,day,0,0,interested,1,0
23,24.347379549171233,them,88,0.75,59.60222848256398,enthusiastic,0,1,night,0,0,casual,1,1
16,4.069020855595297,me,14,0.64,83.97724460688877,neutral,0,0,day,0,0,casual,1,1
2,36.737780087580084,them,127,0.02,86.05431870339694,neutral,8,0,day,0,0,casual,1,1
24,36.65870166344706,me,102,0.21,64.81136798020185,enthusiastic,9,1,night,1,1,casual,0,1
17,28.269535724670227,them,116,0.03,72.80077502996055,enthusiastic,10,1,day,0,0,interested,1,1
49,41.054902232964196,them,177,0.67,106.51160628793926,neutral,5,1,day,0,1,casual,0,1
22,14.857394367237948,them,185,0.33,118.12330878898331,enthusiastic,2,1,night,1,0,interested,1,0
1,68.16867217231285,me,78,0.45,87.72103924010095,dry,1,0,night,0,0,ghoster,0,1
20,55.47194536417333,me,78,0.14,55.37439024958732,dry,1,0,night,0,0,interested,1,1
36,19.66568788472423,me,180,0.56,8.530777409975588,enthusiastic,2,0,day,1,1,interested,1,1
1,41.52676940421301,me,169,0.06,92.57443320221248,neutral,4,1,day,1,0,dry_texter,0,1
42,3.1768635428957896,them,144,0.95,59.13478728565342,dry,0,1,night,0,1,ghoster,0,1
47,39.673732392007295,me,83,0.74,42.267741810032696,dry,9,1,night,1,1,dry_texter,0,1
27,25.94367740467058,them,23,0.6,106.28790922745569,neutral,5,1,night,0,0,dry_texter,0,0
35,45.554216175563205,me,147,0.14,98.13472821772886,dry,6,0,night,0,0,interested,0,1
48,16.328327545887003,them,126,0.12,88.09070910170513,neutral,8,1,night,0,1,ghoster,0,0
10,60.073148146002616,me,184,0.0,95.43768541026394,enthusiastic,1,1,day,0,1,casual,0,1
13,1.6924041596639094,me,76,0.12,23.099979910933488,enthusiastic,1,0,night,1,0,ghoster,1,1
22,27.917806528463565,me,78,0.43,71.1732047753567,neutral,10,0,night,0,1,dry_texter,0,1
49,38.809245820527465,me,109,0.69,74.80757520195583,neutral,10,1,day,1,0,ghoster,0,1
16,52.14806172106686,me,117,0.38,41.14854110571785,enthusiastic,7,0,night,1,1,casual,0,1
44,56.22011323297748,them,18,0.5,56.118417357610134,enthusiastic,9,1,day,1,0,ghoster,0,1
39,23.86192350629475,me,176,0.15,100.64755769924564,dry,7,1,day,0,1,casual,0,1
44,42.017026758780815,them,59,0.71,97.20180270368473,dry,1,0,day,0,0,ghoster,0,1
45,26.516757471173285,me,108,0.47,34.18936252533378,enthusiastic,6,0,day,0,1,dry_texter,0,1
9,8.712783170758692,me,23,0.57,80.09227300722544,neutral,10,1,night,1,0,casual,1,1
20,9.591467185007291,them,3,0.37,61.71332739876481,dry,1,1,day,1,0,dry_texter,0,0
31,34.435831445968695,me,26,0.17,66.81087279598556,enthusiastic,8,0,day,0,0,interested,1,0
41,54.24578980932102,them,58,0.83,49.360584289588694,neutral,0,1,night,0,0,dry_texter,0,1
9,34.51433763111007,them,166,0.87,76.60599006501533,dry,9,1,night,0,1,interested,1,1
50,46.18080874440294,them,72,0.39,56.27634405620289,neutral,4,1,night,1,1,ghoster,0,1
44,43.57474687064152,me,121,0.34,83.27946497702142,neutral,8,0,night,1,1,dry_texter,0,1
16,40.75307456978554,them,79,0.19,40.86481969507737,enthusiastic,6,1,night,1,0,casual,0,1
46,39.07986610985569,them,53,0.8,70.22813407997346,dry,1,1,day,0,1,casual,0,0
46,19.493315541288567,them,138,0.34,31.31235997462322,dry,4,0,night,1,0,interested,1,0
36,42.01801969947958,them,131,0.57,24.703611795741644,dry,6,1,day,1,1,ghoster,0,1
4,2.954492308173915,me,72,0.11,64.69149376408234,dry,1,1,day,0,0,interested,1,0
16,16.59515988731017,them,142,0.35,29.12711747774962,dry,8,1,day,0,1,casual,1,1
40,70.46441976826036,them,125,0.12,30.296961446110075,neutral,3,0,night,0,0,casual,1,1
39,61.170447199364276,them,55,0.23,101.82658288447304,neutral,7,1,day,1,1,interested,0,1
34,24.644788914842614,me,128,0.51,47.160179926068,neutral,9,0,night,0,0,ghoster,0,1
18,17.911127533579112,them,60,0.38,105.44993744712956,dry,10,0,day,1,0,ghoster,0,1
29,65.46153854234458,me,112,0.25,28.198263503800884,neutral,4,1,day,0,0,casual,0,0
6,50.91152746931608,me,24,0.62,66.78605847029196,neutral,1,1,night,0,1,casual,0,1
20,11.997273366723755,me,60,0.87,74.89241327498434,enthusiastic,10,0,night,1,1,casual,1,0
5,55.64421456537203,them,46,0.53,93.70805868537663,enthusiastic,5,0,day,0,0,interested,1,1
33,36.32470172962807,me,101,0.13,6.752991525970099,dry,2,0,night,1,1,casual,0,1
39,54.3249802220143,me,97,0.14,35.177096998929606,enthusiastic,7,1,night,1,1,ghoster,0,1
32,9.089268639299181,me,53,0.07,119.37103628913053,neutral,1,1,night,1,1,dry_texter,1,1
50,45.96866463143393,me,116,0.87,95.07239195176949,enthusiastic,2,1,night,0,0,interested,0,0
46,33.49473865891123,me,119,0.13,115.19458486221882,dry,2,0,night,1,0,dry_texter,0,1
39,21.16447467762049,them,11,0.93,104.36685542623529,neutral,1,1,night,0,1,casual,1,1
4,1.7772126546836091,me,162,0.52,3.872641819377839,neutral,5,1,night,1,1,dry_texter,1,1
32,31.205388717219638,me,171,0.78,87.71106848212733,enthusiastic,8,0,day,1,1,ghoster,0,1
13,6.709651324264358,them,71,0.39,5.985106313508719,neutral,0,0,day,1,0,ghoster,0,0
14,0.040822679951096674,me,42,0.86,32.59541494057561,neutral,1,0,night,0,1,interested,1,0
24,61.24275584342102,them,148,0.56,106.81126608146566,enthusiastic,5,1,day,1,0,casual,0,1
20,35.918954894235746,them,14,0.95,36.740756462508294,neutral,1,0,day,0,0,ghoster,0,0
27,53.46169695846178,them,146,0.33,10.6543751050294,dry,9,1,day,1,0,ghoster,0,1
22,67.50676955779915,me,79,0.24,105.61359538687783,neutral,6,0,night,1,0,dry_texter,0,1
38,27.13303051464482,me,26,0.08,95.74712147380556,dry,2,1,night,0,0,interested,1,1
24,48.8692601425025,them,171,0.57,5.8111499820751344,neutral,5,0,day,0,0,interested,0,1
32,7.742769921181953,them,158,0.84,9.530313737574684,enthusiastic,4,0,day,1,1,casual,1,0
45,20.426185744303677,them,87,0.67,83.6941438037647,neutral,5,1,night,1,1,casual,0,0
30,10.707906086987943,me,10,0.08,70.93428837613652,dry,2,0,night,0,0,interested,1,1
31,31.3441080861643,me,165,0.67,80.9252422057264,enthusiastic,9,1,day,1,0,dry_texter,1,1
17,28.048252980653185,them,119,0.66,48.301266627484914,enthusiastic,5,1,day,1,1,dry_texter,0,1
11,68.70884920688887,them,24,0.49,118.61589214065816,dry,0,0,day,1,1,casual,0,1
46,24.69333554517493,them,87,0.0,58.45300555837597,enthusiastic,3,0,day,1,1,ghoster,0,0
28,55.419252249500296,me,117,0.96,71.32604250392063,neutral,8,1,day,1,1,interested,0,1
27,66.89148534368799,me,81,0.83,27.525045808131164,neutral,4,0,day,1,1,dry_texter,1,1
16,28.58257305742822,them,13,0.96,96.48455011539737,neutral,8,1,day,1,0,ghoster,0,1
8,61.57683933457736,them,144,0.73,22.091169386077866,enthusiastic,3,0,night,0,1,casual,0,1
17,12.169629509277012,them,172,0.26,20.26151506460153,neutral,3,0,night,0,1,dry_texter,0,1
10,62.871923511801235,me,62,0.07,92.67039368701543,neutral,2,0,night,1,0,ghoster,0,1
23,56.80800198485081,them,46,0.39,23.526719181919315,neutral,0,0,day,0,0,dry_texter,1,1
49,45.4730587102439,me,88,0.85,95.32717258523405,neutral,1,1,day,0,0,ghoster,0,1
15,60.08480393369385,them,143,0.77,47.08579655992586,enthusiastic,5,0,day,0,1,casual,1,1
42,24.388244255769436,me,81,0.86,11.141806266870148,dry,9,0,day,1,1,dry_texter,0,1
16,22.468188752754553,them,76,0.04,13.682335179557256,neutral,10,0,night,1,0,dry_texter,1,1
5,35.87666736694968,them,105,0.02,117.76920987616084,neutral,2,0,day,0,1,interested,1,1
12,41.501617962765344,me,60,0.05,38.067134224881194,enthusiastic,8,0,night,1,0,ghoster,0,1
43,23.99519165882073,me,36,0.07,113.92907521440706,enthusiastic,0,0,night,0,1,dry_texter,1,1
16,5.904639244470922,me,48,0.65,68.7128117783591,dry,10,0,night,0,0,casual,0,0
27,0.3806272824228243,them,148,0.79,93.3752151219471,dry,7,0,day,1,0,ghoster,1,1
38,29.631097328467135,them,69,0.25,102.88065755261894,dry,6,1,night,0,0,ghoster,0,1
42,41.774696295249164,me,34,0.71,28.471822491133597,dry,0,0,night,0,0,dry_texter,0,1
45,0.9907143545271424,me,88,0.21,18.181660275843125,enthusiastic,10,0,night,1,1,ghoster,0,1
41,10.505914560617992,them,91,0.19,80.23698224213358,enthusiastic,3,1,night,1,1,interested,1,1
4,53.87935072950891,them,53,0.41,105.87548430396603,dry,4,1,day,1,0,ghoster,0,1
42,16.15073299670742,me,177,0.86,100.89668826567672,neutral,4,0,night,0,1,casual,1,1
36,36.698235140859865,me,29,0.27,45.129255377660385,neutral,1,1,night,1,0,interested,0,0
16,54.55705831164781,me,161,0.5,63.87100735605605,dry,0,1,night,1,0,ghoster,0,1
17,50.11393929966323,them,151,0.2,48.83248701475945,enthusiastic,9,1,day,1,1,casual,0,1
49,17.364033507846223,them,127,0.23,114.94271367736009,dry,1,0,day,0,1,interested,1,1
44,71.26377062698278,them,184,0.14,88.82491249985631,dry,5,0,day,1,0,ghoster,0,1
14,6.73077303572467,me,157,0.12,96.8444806247032,enthusiastic,8,0,day,1,1,casual,0,1
14,57.29200462736373,them,26,0.09,70.36262595869732,enthusiastic,4,0,night,1,1,ghoster,0,1
37,1.5380208495668928,them,50,0.17,19.677545464576234,enthusiastic,0,0,day,0,0,casual,1,1
3,8.48708853314486,me,94,0.63,105.73979742504672,neutral,10,1,day,0,0,ghoster,0,1
27,7.813758239951476,me,55,0.07,50.39128789234404,neutral,3,0,night,1,1,casual,0,1
29,30.591814848733847,them,72,0.32,73.14747611793506,enthusiastic,0,0,night,1,1,ghoster,0,1
4,16.541123308720117,me,144,0.48,109.2106246896757,enthusiastic,2,0,day,0,0,casual,0,0
16,38.8082076889572,me,87,0.53,12.130846820021628,neutral,5,0,day,0,1,ghoster,0,1
41,6.43558261761639,me,160,0.44,51.23256671271816,enthusiastic,8,0,night,1,0,dry_texter,0,0
2,55.82190638684864,me,186,0.03,39.377096486284934,enthusiastic,10,0,day,0,1,interested,1,1
41,53.889965576994,me,185,0.15,43.04708168080776,neutral,10,0,night,1,1,casual,0,1
31,20.677233780637536,me,39,0.18,91.82421018472527,enthusiastic,9,0,night,1,1,interested,1,1
43,18.81254136396258,me,97,0.35,41.63720817531599,neutral,8,1,day,1,1,interested,1,1
21,26.608773347849557,me,94,0.31,21.258043784138923,enthusiastic,6,0,day,1,0,ghoster,0,1
40,25.565549139899545,me,198,0.62,76.71315198704262,enthusiastic,2,0,day,0,1,interested,0,0
36,65.89691476604978,me,67,0.63,31.780733671010225,enthusiastic,2,1,night,0,0,ghoster,0,1
16,11.14998722416151,me,37,0.7,74.66988751046703,neutral,2,1,night,1,0,interested,1,0
47,60.842851385765634,them,55,0.1,115.33206466300103,neutral,1,1,day,1,1,ghoster,0,0
3,13.43441430506185,me,185,0.68,41.45175534988072,enthusiastic,2,1,day,0,0,ghoster,1,1
37,69.1179625590144,me,198,0.23,13.966856843503136,dry,8,0,night,1,0,ghoster,0,1
19,49.45157681415865,me,75,0.24,110.06182296365411,dry,5,0,night,1,0,ghoster,0,1
46,43.189573531907506,them,185,0.88,15.729677407301747,dry,9,0,day,0,0,ghoster,0,1
27,61.54657425360782,me,22,0.92,73.81314489693251,enthusiastic,7,1,night,0,1,ghoster,0,0
12,15.026655875631555,me,8,0.59,40.81602927787102,neutral,1,0,day,0,1,dry_texter,0,0
39,8.618468084533038,them,1,0.88,81.93436958961568,neutral,5,1,day,0,0,dry_texter,0,0
37,20.65220427392156,them,58,0.23,64.05673408362478,neutral,0,0,night,0,0,casual,0,0
29,19.801415742440305,them,108,0.08,31.362532266375172,dry,4,0,night,0,1,interested,0,1
28,69.57272786596937,me,133,0.69,14.865004977694202,dry,6,0,day,0,0,casual,0,1
49,1.963405637535871,me,176,0.46,39.12500742745994,enthusiastic,3,0,day,0,1,dry_texter,1,0
37,7.831705115346614,them,109,0.76,77.65396119197997,dry,9,0,night,1,0,interested,0,0
29,56.177515014804754,them,77,0.24,103.67720835943301,enthusiastic,8,0,night,0,0,casual,0,1
24,32.510440005062215,me,156,0.82,61.380537210560554,enthusiastic,9,0,night,1,0,interested,0,1
26,54.44774737242777,them,197,0.62,97.16033701396205,enthusiastic,4,1,day,1,0,dry_texter,0,1
37,7.4119666605989645,me,198,0.5,37.84160202568994,enthusiastic,3,0,day,0,0,casual,1,1
36,69.16521831975945,me,105,0.62,3.732319755946805,enthusiastic,7,0,night,0,1,ghoster,0,1
20,40.43949523492358,me,134,0.61,39.767592353727224,enthusiastic,9,1,day,0,0,dry_texter,0,0
8,70.67505963338056,them,88,0.03,96.74564617892828,dry,6,1,day,1,1,interested,0,1
5,66.48922231572462,me,4,0.56,97.24031453347581,dry,10,0,day,1,1,interested,0,1
16,42.30800725022269,them,131,0.27,107.98027436306242,dry,2,1,day,0,0,ghoster,0,1
8,60.02713983159392,them,129,0.2,10.664478507112634,dry,9,1,day,0,0,ghoster,0,1
39,5.267721636326987,them,14,0.45,93.0648641592675,enthusiastic,8,0,night,1,0,interested,1,0
32,31.72676759864416,them,101,0.16,86.00352894670353,neutral,2,1,night,0,0,dry_texter,1,1
41,59.472434059813864,them,13,0.98,68.28514307897059,enthusiastic,1,1,day,1,1,interested,0,1
9,68.70191391602037,them,92,0.71,21.37857026689954,neutral,6,0,night,0,1,interested,1,0
6,43.41075637760432,me,98,0.11,90.29018372450804,dry,8,1,day,1,1,dry_texter,0,1
35,21.36442743324543,them,152,0.05,115.38730226512652,enthusiastic,5,0,day,1,1,interested,0,1
16,32.5251822378643,them,27,0.4,64.56763648156547,dry,7,1,day,0,0,interested,0,0
38,38.609567728394566,me,27,0.63,32.07070559867854,neutral,2,1,night,1,0,ghoster,0,1
8,61.06147716270105,me,140,0.68,38.89455426188257,dry,5,0,night,0,1,ghoster,0,0
4,28.991472527273668,them,61,0.9,62.67500765477432,dry,0,1,day,1,0,interested,0,1
44,11.463634775620823,them,174,0.87,44.55881927732396,neutral,8,1,day,1,1,casual,0,1
37,9.989574369581508,them,117,0.75,114.63205429682688,enthusiastic,9,1,day,1,1,interested,0,1
3,68.5007990268766,me,170,0.84,52.54495381583355,enthusiastic,9,1,night,0,1,dry_texter,0,1
6,20.416747219622984,them,161,0.55,55.48836870885766,dry,10,1,day,1,0,casual,0,1
50,69.99189000788573,me,7,0.93,54.78876357311833,neutral,1,0,night,1,1,ghoster,0,1
32,51.73486152944574,me,34,0.32,69.63970864074138,neutral,0,1,day,1,0,casual,0,1
24,54.400834676638674,them,98,0.73,40.49335481664447,neutral,9,0,day,0,0,dry_texter,0,1
18,18.086813011348504,them,118,0.59,24.336762396262174,neutral,9,1,day,0,0,dry_texter,0,0
35,69.15417832813627,me,88,0.4,32.02668013776261,enthusiastic,10,1,day,1,1,casual,0,1
26,68.11666108978498,me,178,0.22,64.03916938859649,enthusiastic,5,0,day,0,1,dry_texter,1,0
25,68.36954955167175,them,5,0.61,90.96256023678508,enthusiastic,4,1,day,0,0,dry_texter,0,1
37,5.3646942577879155,me,124,0.6,20.612971883862386,dry,8,1,day,1,0,interested,1,1
30,7.7416294777935954,them,52,0.11,87.74296409374215,neutral,9,0,night,1,0,casual,0,0
40,19.134318505202256,me,179,0.86,96.48352102177931,neutral,1,0,night,0,1,ghoster,0,0
31,40.426962944345526,me,194,0.48,33.33016117630455,dry,3,1,night,0,0,dry_texter,0,0
21,62.21047824360906,them,194,0.45,53.62197728652531,neutral,2,0,night,1,1,dry_texter,0,1
21,56.70776065671952,them,46,0.5,37.24046398701227,enthusiastic,1,0,night,1,0,casual,0,1
20,26.820259079485254,me,151,0.65,28.61865820480161,dry,2,0,night,1,0,casual,1,1
41,30.649163901800776,me,175,0.1,37.08822911857956,enthusiastic,8,1,night,1,0,ghoster,0,1
41,56.795590518091586,them,165,0.41,89.88111326662808,dry,5,0,night,1,0,interested,0,0
7,53.06732465049815,me,17,0.13,73.18292929263636,enthusiastic,0,1,day,0,1,interested,1,1
14,51.66320991365396,them,89,0.02,20.64203766931046,neutral,6,0,night,0,0,dry_texter,0,1
41,19.125382742553953,me,98,0.15,68.97503934140792,dry,5,0,day,1,1,casual,0,1
29,69.14524186184215,them,45,0.06,82.8104583069172,dry,7,0,day,0,1,casual,1,1
48,29.659699853302737,me,26,0.73,96.12895248761481,enthusiastic,9,0,night,0,0,casual,0,1
37,61.610326531570834,me,82,0.56,37.65930843909541,neutral,1,1,night,1,0,casual,0,1
17,62.31118847638763,them,157,0.72,14.86098986472781,neutral,9,1,day,0,0,ghoster,1,1
30,54.701685472905666,them,185,0.11,59.34897221805393,neutral,2,0,day,0,0,interested,1,1
4,39.45452223396087,me,10,0.88,32.57207649617355,enthusiastic,7,1,night,1,0,dry_texter,0,1
4,57.505827876370546,me,52,0.02,117.38079182021558,dry,6,0,night,0,1,interested,1,1
37,64.69486101608491,me,6,0.78,77.5064886635946,dry,9,1,day,0,1,casual,1,1
40,59.273940251290405,me,148,0.42,56.94149672117151,dry,10,1,day,0,0,ghoster,1,1
8,62.404623996083345,them,105,0.47,79.56175467086263,dry,1,0,day,0,1,ghoster,0,1
3,32.147352291576915,them,170,0.74,63.96947062339101,neutral,3,0,day,0,1,casual,0,1
30,46.845109754315175,them,199,0.52,18.806181125036243,neutral,2,0,day,1,0,ghoster,0,0
43,23.51802759396163,me,39,0.6,45.693655463517324,dry,9,0,night,1,1,interested,1,0
46,48.02044016837065,them,33,0.78,70.43160604752904,dry,1,0,night,0,0,dry_texter,1,0
25,22.100051394888705,me,55,0.85,31.86351461738353,dry,2,0,day,1,0,ghoster,1,1
18,4.342245429585363,me,114,0.72,115.71528830498052,neutral,6,0,night,0,0,casual,0,0
21,18.796453510298136,me,176,0.63,1.9017192974581605,enthusiastic,4,0,day,0,0,interested,1,0
50,46.06838524718657,them,109,0.89,37.68286001776056,dry,5,1,night,1,1,ghoster,0,0
9,60.24745477979125,them,119,0.43,14.156667517503404,enthusiastic,0,0,day,0,0,interested,0,0
29,28.701960473390216,me,126,0.16,62.43730974251172,enthusiastic,0,0,night,1,0,casual,0,1
4,33.36878411530941,me,131,0.04,54.9026124037676,dry,0,1,day,1,0,interested,0,1
32,21.617032992568657,them,45,0.11,24.38987698368748,dry,9,1,day,1,1,ghoster,0,1
8,40.41056603486538,them,51,1.0,96.6347576363981,dry,9,1,day,1,1,ghoster,0,1
5,37.7723459103662,me,180,0.85,3.2586914212857994,dry,4,1,night,1,0,dry_texter,0,1
8,3.641583920859241,them,171,0.47,109.75759827364742,dry,0,1,day,0,1,interested,1,0
12,3.0453786432561376,me,151,0.3,99.78558353449453,neutral,6,1,day,0,0,ghoster,0,1
36,53.993286587807184,me,106,0.91,114.69879371560837,dry,3,1,night,0,1,ghoster,0,1
28,13.17710399022214,them,150,0.57,14.558674756324264,enthusiastic,7,0,day,1,0,ghoster,0,0
4,37.121129819552664,me,28,0.09,7.535773665325829,dry,10,0,night,0,0,casual,0,1
33,63.71647005900512,them,38,0.9,10.936594591627594,neutral,0,1,day,0,1,dry_texter,1,1
23,37.580133057731864,me,147,0.98,116.72977952148698,neutral,7,0,day,0,0,dry_texter,0,1
12,60.63255099655562,them,145,0.09,71.88596627104513,dry,10,0,day,1,1,casual,0,1
47,54.15527221732978,them,171,0.64,32.78900140623024,enthusiastic,5,0,day,1,0,ghoster,0,1
16,12.74610855505234,them,173,0.89,83.22072297209614,enthusiastic,3,1,night,1,0,ghoster,0,0
12,21.085190877913686,me,155,0.93,84.53931271373351,neutral,9,1,night,0,1,ghoster,1,1
1,11.012346389740603,them,27,0.39,20.01706183527356,neutral,9,0,night,1,0,interested,1,0
35,28.809399175306012,me,158,0.04,52.87308015940835,neutral,6,1,day,1,0,ghoster,1,1
8,42.22785163310394,me,92,0.66,118.46915780278381,enthusiastic,2,0,night,0,0,casual,0,1
16,3.152942017624124,them,83,0.56,12.23307146632959,neutral,0,0,night,1,1,ghoster,1,1
3,62.85901729698404,them,71,0.03,68.49910086058462,neutral,1,1,night,0,0,dry_texter,0,1
35,68.86267961072791,me,103,0.46,66.58720141880038,dry,4,0,night,1,1,interested,0,0
41,27.110287041942136,them,140,0.42,79.91698605619405,enthusiastic,3,1,night,1,1,dry_texter,0,1
21,57.857708927342856,me,29,0.12,17.03735472234642,enthusiastic,10,0,day,1,1,casual,0,1
5,34.16261981174093,them,175,0.73,28.021238089131995,enthusiastic,8,1,day,1,1,casual,0,1
17,23.59107669302793,me,98,0.49,6.849055423945265,enthusiastic,10,1,day,1,1,casual,1,0
18,56.55723357959191,them,111,0.5,6.950279220179193,neutral,4,0,day,1,1,ghoster,0,1
2,41.12713075015494,them,197,0.32,27.267188376800814,enthusiastic,9,0,night,0,0,dry_texter,1,1
41,13.271425779689684,them,87,0.7,7.448895870890053,neutral,10,1,night,0,0,interested,1,0
12,10.955219486177619,me,196,0.8,51.95365600850986,neutral,10,1,night,1,0,dry_texter,0,1
46,70.8115631281872,me,96,0.91,102.36263404712004,neutral,8,1,day,0,0,interested,1,0
36,9.20535485523666,me,45,0.58,106.01494740747258,neutral,7,0,night,1,0,ghoster,0,0
10,52.59217399347838,me,14,0.2,30.89619393816664,enthusiastic,7,1,day,1,1,ghoster,0,1
41,12.153861183909296,them,132,0.17,16.222087544838345,enthusiastic,8,0,night,1,1,dry_texter,1,1
24,20.53490029989858,them,87,0.74,104.51456913665167,dry,1,0,day,0,1,dry_texter,0,1
44,67.68611828011932,me,116,0.44,93.05288435801218,dry,3,1,day,1,0,interested,1,0
5,64.63722600177498,them,183,0.01,65.60533631021235,dry,9,1,day,0,1,dry_texter,0,1
15,23.39997914270636,me,69,0.62,28.303033563434063,dry,4,0,day,0,0,ghoster,0,1
28,24.864507251983117,me,72,0.25,110.09798235247348,neutral,4,1,night,0,0,dry_texter,0,1
36,7.71502555251874,them,62,0.64,15.676608469359149,enthusiastic,7,1,night,1,0,interested,1,0
31,7.535097209701987,them,175,0.14,45.844217663061556,dry,1,1,night,0,1,casual,0,1
11,37.545368797730944,me,146,0.79,18.96279725520703,dry,10,1,day,1,0,casual,0,1
37,40.10730095607682,me,43,0.15,6.3290699879043135,dry,0,0,day,0,0,interested,1,1
3,65.52293409515644,them,184,0.39,2.333285862067208,dry,4,0,night,1,0,dry_texter,0,1
21,46.79104627345309,me,151,0.51,6.636396963552276,neutral,4,1,day,0,1,dry_texter,0,0
7,2.5105830450564115,me,188,0.77,3.0113020195681,neutral,2,0,night,1,1,ghoster,1,1
28,31.16526030015927,them,109,0.27,9.785263877749339,enthusiastic,6,1,night,0,0,casual,0,1
26,44.21653201350594,them,198,0.62,5.9929621831501745,enthusiastic,0,1,day,1,1,casual,1,1
40,29.178461815938377,them,156,0.46,2.8357692347957375,dry,8,1,day,1,1,interested,0,1
30,60.76029275046642,them,97,0.02,71.76949008683084,dry,0,0,day,1,1,ghoster,0,1
12,27.370110519661473,them,21,0.55,1.6954788756760757,enthusiastic,5,0,day,1,1,dry_texter,0,0
19,50.836776543373524,me,125,0.3,72.65265841037413,dry,1,0,night,0,1,casual,0,1
22,36.8803270631262,me,116,0.05,85.14882099565365,neutral,5,1,day,0,1,dry_texter,0,1
33,9.102171243785332,me,33,0.84,44.6930955062542,dry,9,0,day,0,1,casual,0,0
30,12.360749000397263,me,72,0.85,56.93032169367117,dry,8,0,night,1,0,interested,1,0
12,11.586079013325318,them,184,0.45,11.7206461818048,neutral,1,1,night,0,1,interested,1,0
4,6.585611226887574,them,1,0.61,101.41702017333209,dry,10,0,night,0,1,interested,1,1
29,3.8332880370223243,me,52,0.04,56.02267916079416,neutral,9,1,day,0,1,dry_texter,0,1
37,56.53494625153096,them,179,0.29,97.4766519133546,dry,9,1,night,0,1,dry_texter,1,1
27,60.21593073572648,me,160,0.79,62.24577774970055,dry,7,0,night,0,0,interested,1,1
43,43.97571877417178,me,176,0.18,56.72437594976888,neutral,3,1,night,1,0,dry_texter,0,1
18,70.48897891706407,them,10,0.75,54.28875377816692,enthusiastic,8,0,night,1,0,dry_texter,0,1
41,69.77139751006882,them,104,0.92,65.28286229554197,neutral,5,0,night,1,1,interested,0,1
26,11.480814925069197,me,187,0.82,71.6939277950503,enthusiastic,5,1,day,0,1,dry_texter,1,0
7,68.47502325475287,me,119,0.78,113.02705062300062,dry,9,0,day,1,1,ghoster,0,1
2,29.240849223958296,them,60,0.32,110.47013740187836,neutral,1,0,day,0,0,casual,0,1
4,0.7614486468540411,them,195,0.81,110.35777006329667,dry,5,0,night,0,0,dry_texter,0,0
41,64.12296775333385,them,9,0.44,6.215280530955894,neutral,1,1,day,0,1,interested,0,0
2,65.76878065320233,me,13,0.01,47.72777968089005,enthusiastic,9,0,night,0,0,interested,1,1
28,3.283713433643607,them,17,0.07,36.68713535812838,enthusiastic,1,0,night,0,1,dry_texter,0,1
10,3.290731623894798,them,19,0.03,49.49929221486105,neutral,9,0,day,1,1,interested,1,1
50,50.07253301495001,me,123,0.5,83.63219502527974,dry,3,0,night,1,1,casual,1,1
11,24.060548004676434,me,56,0.16,42.40472306001655,dry,1,1,day,1,1,dry_texter,0,1
17,13.231458082140481,me,161,0.19,113.69596942625327,enthusiastic,2,0,day,1,1,interested,1,1
27,60.40297884290826,me,92,0.24,76.82760015839595,enthusiastic,8,1,night,0,0,casual,0,1
9,44.37117376015576,me,73,0.9,40.806896373367636,neutral,5,1,night,0,0,casual,0,0
3,16.62805220957167,me,108,0.67,105.99433372410037,dry,2,1,night,1,0,interested,1,0
9,0.07901085412371778,them,30,0.09,41.966017739330184,dry,3,0,day,0,1,casual,1,1
23,65.29711402615737,me,134,0.57,59.171127081006304,dry,10,1,day,1,0,interested,0,1
6,52.58376176934667,them,146,0.75,83.14181867811557,neutral,2,0,night,0,0,dry_texter,0,1
14,4.836149211370942,them,156,0.94,61.51391800586259,enthusiastic,7,0,night,1,1,interested,1,0
31,11.700977504907392,me,46,0.55,74.18998685517101,enthusiastic,2,0,day,0,0,dry_texter,1,1
47,9.480894823133514,me,17,0.42,114.46487155430363,neutral,9,0,day,0,0,casual,1,1
45,10.747274218270633,me,34,0.72,60.26521560357403,dry,1,0,night,0,0,casual,1,1
26,14.186984540580063,me,89,0.72,71.7896234278849,neutral,7,1,night,1,0,casual,1,1
39,6.455436810338206,me,121,0.3,103.9575058398105,dry,2,0,day,0,1,casual,0,1
25,28.215508011568858,me,146,0.08,104.36748967438832,dry,6,1,day,0,1,ghoster,0,1
26,33.15632948794486,me,99,0.23,47.88614549229685,dry,1,1,night,1,0,dry_texter,0,1
3,31.750219505298784,them,101,0.98,82.4980794298215,enthusiastic,3,0,night,1,0,dry_texter,0,1
11,27.7445045836095,them,31,0.09,116.2702392077156,neutral,3,1,day,1,1,dry_texter,0,1
3,38.43366787520466,them,153,0.95,74.50621090585177,enthusiastic,9,1,day,0,1,interested,1,0
36,24.396154299079264,me,35,0.72,115.52627521551806,neutral,7,0,night,0,1,casual,1,1
45,17.343765419598515,me,181,0.83,101.95239908655637,enthusiastic,7,1,day,1,1,dry_texter,0,1
44,19.33653536405655,them,117,0.4,85.74065520983058,enthusiastic,4,1,day,1,0,ghoster,1,1
47,42.81460088445465,them,17,0.43,108.80742812426766,dry,1,0,night,1,1,interested,0,0
40,66.02868225926547,them,131,0.09,41.66116825534707,neutral,9,0,night,1,1,ghoster,0,1
1,32.63042389339457,them,35,0.24,93.45343698092647,enthusiastic,1,1,day,1,0,dry_texter,1,1
13,17.84249091945569,me,107,0.82,36.81869380499001,neutral,4,0,day,1,1,casual,0,1
2,2.159112561191387,me,127,0.94,98.81224490252043,dry,2,0,day,1,1,interested,0,1
43,20.113930860288104,me,111,0.89,61.1528280966263,neutral,4,1,night,0,0,ghoster,1,0
44,1.8226853146260256,them,88,0.88,98.62233888777315,dry,7,1,night,0,1,ghoster,0,0
18,65.59392521128109,me,196,0.63,43.496080219891965,dry,7,0,day,1,1,interested,1,0
47,9.2176967019685,them,48,0.32,79.84560019340472,dry,1,1,day,1,0,interested,1,1
45,6.252810981833583,me,9,0.2,24.57575698935934,enthusiastic,5,1,day,1,0,interested,1,1
16,24.76579667034057,them,158,0.35,107.2969063320534,enthusiastic,10,0,day,0,0,casual,0,0
13,64.34074590801669,me,1,0.29,102.49082761532134,enthusiastic,3,1,day,0,0,ghoster,0,1
6,65.332656052148,them,12,0.51,47.301705406971124,neutral,1,0,day,1,0,interested,1,1
36,16.00281906345699,me,181,0.09,103.2245873858513,enthusiastic,10,1,night,1,1,ghoster,1,1
14,70.71496529684454,me,37,0.95,110.43747504604185,enthusiastic,0,0,night,1,0,dry_texter,0,1
43,71.3384935955973,me,46,0.73,43.094936141358744,dry,6,0,night,0,1,interested,0,1
31,62.24351395300879,me,18,0.86,14.654103817471446,dry,4,1,night,1,0,casual,1,1
20,55.5962550698651,them,39,0.01,79.53896938664253,dry,6,0,night,0,1,ghoster,0,1
5,22.595829819111714,them,122,0.05,38.89203257799014,enthusiastic,1,0,day,1,0,ghoster,0,1
44,24.63990568933098,them,70,0.02,112.0680810048618,dry,9,1,day,1,1,ghoster,0,0
9,1.3075314332597516,me,112,0.98,80.33295978437485,dry,9,1,day,0,0,casual,1,0
28,65.22745975969518,them,119,0.53,78.02468726794781,neutral,0,1,day,0,0,ghoster,0,1
50,13.346948396364713,them,167,0.39,91.99223668403837,neutral,5,1,night,1,0,casual,0,1
20,14.617101492738314,me,162,0.77,40.12906486349729,dry,0,1,day,0,0,casual,1,1
50,25.135591410196398,them,70,0.99,68.0018026170878,neutral,4,1,day,0,0,casual,1,1
43,54.90110176308905,them,103,0.3,54.291303162107,neutral,4,0,night,0,1,dry_texter,0,0
2,29.282835197351886,them,81,0.7,56.960912895965585,dry,9,1,night,1,0,ghoster,0,1
9,40.99030281683855,them,58,0.32,6.895898764370809,neutral,9,1,day,0,1,dry_texter,1,1
28,21.579095847185645,me,81,0.61,110.02365162534946,enthusiastic,8,1,night,1,1,ghoster,0,1
19,53.66369080499767,them,182,0.26,9.6862779797103,neutral,9,0,night,0,0,dry_texter,0,1
27,18.993193576013194,me,38,0.22,71.60519610385875,enthusiastic,6,0,night,0,1,interested,0,1
37,32.07910026084178,me,177,0.17,103.39013068355416,dry,7,1,night,1,0,dry_texter,0,1
38,9.497641428249565,me,10,0.24,6.1063774146942595,neutral,9,1,night,1,0,casual,0,1
48,62.97419573080203,me,35,0.78,25.280779073587237,neutral,5,1,night,1,0,dry_texter,0,1
36,67.67427407933455,me,147,0.61,113.38143819708627,neutral,5,1,day,1,1,ghoster,0,1
24,3.4601708033777507,me,76,0.89,23.668750491953006,neutral,2,0,day,0,0,dry_texter,0,1
2,21.690563087935224,them,183,0.58,61.02772875303573,enthusiastic,10,1,day,0,1,casual,1,1
10,63.80071009650582,me,166,0.66,58.98817031935115,neutral,1,1,night,0,0,dry_texter,1,1
24,68.20194109811693,me,42,0.82,73.53073205332522,neutral,6,1,night,0,1,dry_texter,0,1
9,37.462605353960186,me,160,0.79,2.108993919333583,dry,2,1,night,0,0,casual,0,1
30,31.75007096585555,me,172,0.9,94.21427207662921,neutral,0,1,night,0,1,dry_texter,0,1
18,46.20635588954425,me,15,0.08,108.51787064665515,dry,9,1,night,0,0,interested,1,1
9,38.89323089504516,them,18,0.95,96.1470353096857,enthusiastic,0,0,night,0,0,casual,1,0
47,29.7782744316236,them,170,0.88,56.04582404962204,dry,7,1,night,1,1,interested,0,0
17,3.6033436344180156,them,164,0.54,64.88192944091008,neutral,2,1,day,1,0,casual,1,1
45,24.71343204185345,them,195,0.53,85.80077362292984,enthusiastic,2,0,night,0,0,ghoster,0,0
6,6.1885927208624905,me,31,0.53,115.95522110989701,dry,3,1,night,0,0,ghoster,0,0
41,67.14233291326866,me,91,0.1,116.62330553465885,enthusiastic,4,1,day,1,0,ghoster,0,1
48,18.32595558452368,me,143,0.45,20.462423053042713,neutral,4,0,day,0,1,casual,1,1
42,27.54001013338425,me,50,0.74,1.1794195129750054,enthusiastic,3,0,night,1,1,ghoster,0,1
32,36.61736919838087,them,4,0.27,3.4763375872991884,dry,0,1,night,1,0,dry_texter,0,1
12,28.60278855825949,me,41,0.95,72.13018668583503,neutral,6,0,night,0,1,ghoster,0,1
10,1.2626544097213586,me,103,0.35,10.962079717736131,enthusiastic,2,0,night,0,0,dry_texter,1,1
27,15.722373806141233,me,152,0.32,91.13664982554333,enthusiastic,9,1,day,1,0,ghoster,0,1
40,52.0358302992541,me,11,0.43,10.043736680535337,enthusiastic,4,0,night,0,0,casual,0,1
3,19.628017494980668,me,181,0.86,8.643648530928218,enthusiastic,1,0,day,0,0,interested,1,0
46,26.81924246817455,me,112,0.54,64.75847006172626,neutral,4,0,day,0,1,dry_texter,0,1
9,60.27636042424329,me,11,0.79,22.141702263296043,enthusiastic,7,1,night,0,1,dry_texter,0,0
26,53.92327182275831,me,153,0.44,16.386840074566535,neutral,10,0,day,0,1,casual,0,1
3,20.471191672554987,them,137,0.22,116.73704944863452,neutral,7,0,day,1,1,casual,0,1
18,41.4264466295178,me,167,0.16,84.0987672559942,dry,8,0,day,0,1,ghoster,0,1
4,0.38755042138812534,me,192,0.16,41.06260639439242,enthusiastic,6,0,day,0,1,interested,1,1
16,39.58799835372325,me,91,0.55,20.258819759366467,neutral,9,0,day,0,1,ghoster,0,1
16,61.76120901371513,me,143,0.99,25.610285870430477,enthusiastic,9,1,day,0,1,ghoster,0,1
41,69.37020539528007,them,46,0.4,13.465827401668026,neutral,8,1,day,0,0,casual,1,1
46,43.83171351976341,me,173,0.54,61.46411556750302,dry,5,0,night,0,1,dry_texter,0,0
31,35.49660000030903,me,167,0.04,90.90660051158673,enthusiastic,5,0,day,0,1,casual,0,1
27,8.408079632866308,me,91,0.97,50.86091093694487,enthusiastic,10,0,night,1,1,casual,1,1
45,28.136824988832082,them,179,0.95,48.51119918771179,neutral,2,1,day,0,1,ghoster,0,1
11,24.726858612021957,me,155,0.27,52.78348241571094,enthusiastic,0,1,night,0,0,ghoster,1,1
38,71.16931879360335,them,17,0.76,69.3172225999055,neutral,7,0,day,1,1,ghoster,0,1
26,19.85757194026778,me,156,0.8,101.79060673691338,dry,6,1,day,1,1,dry_texter,1,1
25,21.0936452739031,me,68,0.29,2.17528257733503,enthusiastic,2,1,day,1,0,interested,1,0
30,2.8140853983383467,them,75,0.55,108.30608473184391,dry,8,0,night,1,1,interested,0,1
13,62.99525016495755,me,85,0.48,80.34411770821823,enthusiastic,8,0,night,1,0,dry_texter,1,0
29,56.75780083745849,me,13,0.0,6.464987686866433,neutral,6,1,day,1,0,interested,0,0
17,55.24229652214046,me,113,0.98,80.13100731012088,neutral,6,1,day,1,0,interested,0,1
2,8.135897736502313,me,110,0.37,82.8639249028426,dry,3,1,night,1,1,casual,1,0
22,68.73783432230086,them,96,0.16,112.85982331332343,neutral,2,0,day,1,1,ghoster,0,1
12,67.60373113727422,me,32,0.61,40.48244102353981,dry,10,1,night,0,1,ghoster,0,1
21,26.81031020734247,me,154,0.44,21.31597220503001,dry,8,0,night,0,1,interested,0,1
11,50.509208408599804,me,1,0.74,47.93198742120988,enthusiastic,2,0,day,1,0,casual,0,1
35,46.26273977221251,me,159,0.35,39.197217030610844,enthusiastic,5,1,day,0,1,casual,1,1
26,8.327243494837592,them,126,0.37,10.99997408976088,dry,0,1,day,0,1,dry_texter,0,1
15,55.05737526983579,me,92,0.77,36.41000998143022,enthusiastic,4,0,night,0,1,dry_texter,0,0
39,14.628566284765196,them,60,0.49,64.58355565819096,dry,3,0,day,1,0,interested,1,1
12,30.75292911690782,me,132,0.47,64.65879934925815,dry,8,0,night,0,1,ghoster,0,1
44,4.5068312180726755,me,32,0.45,37.38181806819625,neutral,10,0,night,0,1,interested,1,0
31,13.535389759113565,them,98,0.5,88.49125935154935,neutral,6,0,night,0,1,casual,1,1
25,45.295558938074166,them,68,0.97,41.633150974410285,enthusiastic,9,0,day,0,0,dry_texter,0,0
44,51.03865743061458,me,25,0.7,65.29600690856326,neutral,10,1,night,0,1,ghoster,0,0
49,67.61974126747226,them,150,0.37,21.31289072903812,neutral,7,1,night,0,0,interested,1,1
35,43.86259513753643,me,36,0.3,65.31330093977034,enthusiastic,9,1,day,1,0,dry_texter,0,1
22,58.38373326599203,them,53,0.43,91.50538247814765,dry,8,1,day,0,0,casual,0,1
35,8.213539718284984,me,148,0.25,118.34250815447393,neutral,8,0,night,1,0,interested,1,0
47,41.24582288697215,me,27,0.45,69.67397101664763,neutral,5,0,night,1,0,casual,0,1
48,36.33066462553437,me,194,0.72,115.38099182494929,dry,10,1,day,0,1,interested,0,1
6,0.7513367675291311,me,147,0.98,37.57747869933941,enthusiastic,5,1,day,0,1,interested,1,0
7,61.60213860992171,me,11,0.28,8.258588140003631,dry,4,0,night,0,1,interested,0,0
14,27.29625468359792,them,36,0.92,10.385041481457066,enthusiastic,5,1,day,0,1,casual,1,1
21,70.23079716350651,them,24,0.37,114.71953899961676,neutral,10,0,day,1,1,ghoster,0,1
8,7.290863360075812,them,64,0.39,81.78227753192093,dry,10,0,day,1,1,casual,1,1
50,46.81129809641199,them,2,0.34,30.675506525510897,dry,8,0,night,1,1,interested,0,1
40,71.9406704467005,them,83,0.63,25.363787545537125,enthusiastic,10,1,night,1,0,dry_texter,0,1
9,35.30987672931927,me,3,0.26,58.90616158354366,dry,6,0,day,1,1,dry_texter,0,1
14,66.7126804706138,them,148,0.8,50.78830119177964,neutral,4,0,day,0,1,ghoster,0,1
46,17.073322980429133,them,138,0.75,54.98726505159131,neutral,1,1,night,0,0,ghoster,0,0
49,27.629816922682128,them,199,0.72,99.65098805113628,dry,4,0,day,1,0,ghoster,0,1
15,15.440332212586807,them,195,0.47,2.657022660215281,neutral,1,0,day,0,0,dry_texter,1,0
12,39.23647952970544,them,35,0.35,94.71539247673891,dry,4,0,day,0,0,interested,0,0
49,20.123890077862903,me,15,0.71,59.87500242178573,enthusiastic,4,0,day,0,1,dry_texter,0,1
40,34.755925323443584,them,26,0.95,110.90803432605192,dry,4,1,day,1,0,ghoster,0,1
12,26.869990152308787,them,77,0.79,23.077138352870197,dry,4,0,day,1,0,interested,0,0
34,31.076723330792834,them,56,0.05,2.4279054982051553,enthusiastic,6,1,day,0,0,interested,1,1
27,51.943802548639624,me,147,0.36,49.70314899127114,enthusiastic,9,0,day,1,1,ghoster,0,1
22,68.78267676719855,me,7,0.8,26.726358199305647,neutral,1,0,day,1,0,casual,0,1
48,36.67075850090539,me,168,0.39,17.961670608005715,dry,0,1,night,1,1,interested,0,1
5,34.1251915996141,me,117,0.26,30.140530418160665,dry,2,0,night,1,0,casual,0,1
12,15.456515860696161,them,194,0.08,114.56763316821781,enthusiastic,0,1,night,1,1,casual,1,1
41,25.424801578656222,me,58,0.92,56.96864617368623,dry,10,1,night,0,0,dry_texter,0,0
8,27.523074766009948,me,28,0.11,80.42236565159538,neutral,8,0,day,1,1,dry_texter,0,1
36,30.813111372022227,them,33,0.21,46.14493205320943,dry,0,1,night,1,1,interested,0,1
6,70.32388949877,me,147,0.03,35.69753456671264,enthusiastic,2,0,night,1,0,interested,0,1
50,64.34883674868874,me,101,0.61,87.91310847113982,dry,3,1,day,1,1,ghoster,0,0
15,41.334066670487985,them,82,0.27,23.31150711786799,enthusiastic,0,0,day,0,0,ghoster,0,1
22,0.1072866861726629,me,195,0.22,8.254180881782773,dry,8,1,day,1,1,ghoster,0,1
37,55.304492235380664,me,32,0.25,49.33706116676498,dry,0,0,night,0,0,casual,0,1
44,38.29914286766282,them,190,0.72,6.3228012114490895,dry,8,1,night,0,1,ghoster,0,1
39,58.74736664118872,them,176,0.22,52.712882258967625,dry,3,1,day,0,0,dry_texter,1,1
22,36.08989216528502,them,39,0.97,23.50439596678849,neutral,10,0,day,1,0,dry_texter,0,1
25,67.92837430076523,them,73,0.58,84.78238255923426,neutral,6,1,day,0,0,interested,1,0
9,50.85647773324961,me,177,0.51,110.55741104777873,enthusiastic,3,1,night,0,0,ghoster,1,1
17,49.59555655258029,me,120,0.23,109.61638211207695,enthusiastic,3,1,night,0,0,dry_texter,0,1
7,71.45930570032034,me,142,0.7,13.754761757890083,dry,10,1,day,0,1,dry_texter,0,1
3,4.379922579636237,me,57,0.06,51.74999467730092,dry,0,0,day,0,0,ghoster,1,1
13,70.8198617778251,me,146,0.74,111.10240027778191,neutral,1,1,day,0,0,dry_texter,1,1
28,54.102966959829374,me,198,0.89,109.7001220572955,neutral,4,1,day,1,0,casual,0,1
25,59.41565464124297,me,28,0.62,40.61465898271755,dry,5,1,day,1,1,casual,0,1
27,38.50257995853974,me,82,0.76,90.18493694698277,dry,7,0,night,1,0,ghoster,0,1
45,56.38836035738613,me,34,0.28,10.114019526621153,enthusiastic,7,1,night,1,1,ghoster,0,1
14,26.03560478302256,me,106,0.97,13.953518934152196,enthusiastic,4,1,night,0,0,casual,1,1
47,30.187882060310017,them,141,0.15,14.14507861395993,dry,5,1,night,1,0,dry_texter,1,1
45,19.90168393905572,them,165,0.82,92.20337712558545,dry,10,1,day,0,0,ghoster,1,0
22,48.756111638595705,them,129,0.87,60.820134929930376,dry,1,1,night,0,1,ghoster,0,1
7,71.49335809908399,me,24,0.16,105.50135594723615,neutral,3,1,day,0,0,interested,1,1
34,30.519644024236293,me,128,0.14,85.91006669303562,enthusiastic,8,1,day,0,0,casual,1,1
38,44.84863039490684,me,21,0.09,33.84667502239058,dry,3,1,night,0,0,interested,0,1
49,46.96067202049392,them,12,0.78,13.490512328375166,enthusiastic,6,0,night,0,1,interested,1,1
34,23.663286316753698,them,3,0.63,10.167916435881924,neutral,5,0,night,0,0,interested,1,0
29,37.626209241276754,me,121,0.14,56.68985872157343,dry,3,1,day,1,0,ghoster,1,1
10,9.34405064843985,me,174,0.6,91.22200191752134,enthusiastic,6,1,night,1,0,casual,1,0
36,62.15696352448352,me,47,0.8,66.09655605089662,enthusiastic,8,1,night,1,0,interested,1,1
50,9.716647739385687,them,48,0.16,99.08462028550697,neutral,9,0,night,1,1,ghoster,1,1
44,49.15001429370437,me,112,0.62,15.088905999534054,enthusiastic,5,0,day,1,0,interested,0,0
1,34.58467604814129,me,56,0.2,6.52405894940934,enthusiastic,8,1,day,1,0,interested,0,0
19,36.24402365646515,me,7,0.01,109.63209189287792,enthusiastic,6,0,day,1,0,interested,1,1
24,54.98284818338661,them,179,0.29,85.83690116933258,dry,3,1,day,1,0,interested,1,1
32,30.28400029755771,me,126,0.51,97.19779242306744,neutral,1,1,night,0,1,dry_texter,0,0
5,65.21996432789331,them,85,0.81,16.944382525019456,enthusiastic,5,1,day,1,1,dry_texter,1,1
39,33.25390407127055,me,188,0.38,19.26748596266403,neutral,6,1,night,1,1,ghoster,0,1
14,4.402521457802687,them,32,0.36,96.85556692157208,enthusiastic,7,0,night,0,0,interested,1,1
12,63.984043716234225,them,19,0.84,60.88732916678833,neutral,7,0,night,0,0,casual,1,0
10,64.33221215354288,me,143,0.52,36.73062878583946,dry,7,1,night,1,0,interested,0,0
5,61.89600911817035,me,87,0.21,66.27029256567745,neutral,7,1,day,1,0,casual,0,1
4,29.263461951213326,me,68,0.52,112.39905578102581,neutral,9,0,day,0,1,dry_texter,0,1
34,67.93849763323038,me,122,0.2,50.7562855953145,dry,5,1,night,1,0,dry_texter,0,1
48,34.10567834983614,them,128,0.71,41.96716716370162,dry,6,0,day,0,1,casual,0,1
9,32.79179999576714,me,47,0.06,21.951582408528786,enthusiastic,2,1,day,0,0,ghoster,0,1
32,7.675772714996901,me,15,0.78,19.756140153093494,enthusiastic,5,0,night,1,1,casual,1,1
38,0.5661811748726953,me,48,0.03,22.441758259224933,neutral,9,0,day,1,0,ghoster,0,1
5,32.44154037123787,me,56,0.81,10.565823276396019,dry,7,0,night,0,0,dry_texter,0,1
17,66.01106461983721,them,148,0.22,14.462762845307834,neutral,2,1,night,1,0,interested,0,0
21,18.72788825915993,me,90,0.62,73.91703187895726,enthusiastic,5,0,day,0,0,ghoster,0,0
6,11.524703207806885,me,100,0.22,78.61387100579739,neutral,9,1,day,0,1,ghoster,0,1
11,39.81346319917985,them,92,0.98,70.98534044788022,neutral,9,1,day,1,0,ghoster,0,1
49,29.720396078728896,me,44,0.04,2.217317962257353,enthusiastic,1,0,day,0,0,interested,0,0
16,44.618149476836315,them,67,0.54,109.75049892154915,enthusiastic,3,0,day,1,0,casual,0,1
3,11.085424917118992,them,167,0.81,41.94224305873612,dry,1,0,night,1,1,interested,1,1
36,20.50826759673854,me,160,0.19,93.31601592322279,dry,2,1,day,1,0,ghoster,1,1
48,38.76233893623298,me,32,0.13,115.9442512158346,neutral,4,0,day,0,1,dry_texter,0,1
40,9.640605900431247,me,31,0.14,116.07072185034411,neutral,3,0,night,1,1,dry_texter,0,1
50,62.42142405592294,me,145,0.2,54.32826963578045,enthusiastic,1,0,day,1,1,interested,0,1
9,67.97909640145122,them,122,0.32,80.46579557294098,enthusiastic,10,1,night,1,0,casual,0,1
50,16.45694126117511,me,147,0.59,79.52152752337885,enthusiastic,4,1,day,1,0,casual,1,1
22,25.53305268820511,them,25,0.27,86.65564600270444,dry,1,0,night,0,0,ghoster,0,1
39,70.11538238177587,them,178,0.74,103.33637554663257,dry,1,0,night,1,0,casual,0,0
32,2.984208815264612,them,163,0.38,69.37515214528618,dry,3,0,night,1,0,dry_texter,0,0
35,47.91687617352754,them,71,0.06,62.85207395770907,enthusiastic,8,1,day,0,1,ghoster,0,1
48,36.56990733117636,them,124,0.13,70.55562657632916,dry,5,1,day,1,1,interested,0,1
23,0.6208448883794437,me,137,0.18,87.79099634812708,enthusiastic,10,1,day,1,1,casual,1,1
42,0.9152910003517265,me,42,0.25,33.54970909934902,neutral,9,0,day,0,1,ghoster,1,1
1,18.883886532011445,them,14,0.96,43.99547428791761,dry,2,0,night,1,0,interested,1,0
37,15.811633539825248,them,196,0.2,74.68324753000402,dry,2,1,night,0,0,casual,1,1
34,10.336763867892754,them,169,0.04,48.59693591622565,neutral,1,1,day,1,1,casual,1,1
1,1.0602265686980568,them,59,0.46,24.78633779506274,neutral,1,1,night,0,0,interested,1,0
1,46.289816882116156,them,73,0.71,115.83471443353196,neutral,2,0,day,1,1,dry_texter,0,1
12,33.40238489084334,them,134,0.36,114.17161117498999,dry,6,0,night,1,0,interested,0,0
22,7.2062477829678935,them,6,1.0,100.4713197849801,neutral,9,0,day,1,0,interested,0,1
50,19.246974569554602,them,44,0.22,42.09670414015409,neutral,3,1,night,1,0,casual,1,1
25,60.62880211172022,me,108,0.56,5.934030170917528,enthusiastic,7,0,day,1,1,interested,1,0
33,62.95657843559655,them,124,0.74,32.882109826440725,dry,6,1,day,1,0,interested,0,1
28,3.5935883964611435,them,166,0.64,88.70766499765013,neutral,3,1,night,1,0,ghoster,1,1
42,69.33735815913987,them,107,0.26,50.27716737270712,neutral,2,1,day,1,0,dry_texter,0,1
34,53.75122651340716,me,16,0.15,57.56997563701744,enthusiastic,2,0,day,1,1,interested,0,1
19,70.29309595380371,them,106,0.75,51.980156227638396,neutral,0,0,day,1,1,ghoster,0,1
29,47.94277715080458,me,104,0.47,95.18355725431455,dry,8,0,day,0,1,ghoster,0,1
6,44.23020226629389,them,131,0.65,52.27804099889489,dry,8,1,day,1,1,casual,0,1
33,49.93916485078668,them,103,0.02,101.4163196122244,enthusiastic,5,0,night,0,0,interested,1,1
49,50.411433272575195,me,140,0.86,82.25248453819253,neutral,0,1,night,0,0,interested,0,1
44,64.53457486134401,me,122,0.19,97.34055582468044,enthusiastic,2,0,day,1,0,casual,0,1
15,33.38283996665079,them,189,0.91,1.72302060971648,neutral,4,1,day,1,1,casual,1,1
43,16.878060385721042,me,173,0.77,114.95931186447558,neutral,10,0,day,1,1,ghoster,0,0
22,59.005874028651355,them,49,0.0,31.75716204607385,enthusiastic,8,0,night,0,1,casual,0,1
48,5.42481733519886,me,107,0.47,103.34385488453015,dry,6,1,night,0,0,dry_texter,0,1
4,7.412842715771378,them,198,0.58,87.00285746397229,dry,10,0,night,0,0,ghoster,0,1
10,29.683172802763984,them,11,0.45,6.702967354855412,dry,8,0,day,1,0,ghoster,0,1
42,62.64855217537569,them,77,0.84,39.823628526327326,dry,10,0,night,0,1,casual,0,1
35,0.15712081234699582,me,185,0.6,107.4272043392102,dry,2,1,night,1,0,interested,1,0
8,32.85284242101712,me,108,0.19,108.26123849303436,neutral,4,1,day,1,1,casual,0,1
32,64.79929876642389,me,46,0.01,89.81906171242129,enthusiastic,10,0,night,0,1,casual,1,1
15,33.014113085155884,me,3,0.18,109.22724934432621,enthusiastic,7,1,day,0,1,ghoster,1,1
9,60.80123918555355,them,11,0.35,27.454401106459965,neutral,4,0,night,1,1,interested,0,1
33,39.36847319137047,me,91,0.87,68.82471086651505,neutral,3,1,night,1,1,casual,0,0
26,58.089396963854696,them,73,0.59,16.39238424127662,enthusiastic,4,1,day,0,0,dry_texter,1,1
37,44.63154716249095,me,99,0.42,9.647903487185438,neutral,9,1,day,0,1,ghoster,0,1
10,42.33511479099502,me,56,0.32,66.78867726357025,neutral,6,1,night,1,0,dry_texter,0,1
34,12.431993749123901,them,156,0.81,12.381831898965709,dry,9,0,day,0,0,ghoster,1,1
42,70.47998874926682,them,103,0.15,74.41582419127842,enthusiastic,1,1,day,0,1,interested,1,1
32,23.14059581582258,them,34,0.03,73.93480923233477,neutral,10,1,night,1,0,casual,1,1
10,4.004006723601328,me,60,0.34,28.623172832180913,enthusiastic,7,1,night,0,1,ghoster,1,0
35,66.32762305468502,me,167,0.99,45.03256679977096,enthusiastic,2,0,day,1,1,casual,0,1
34,31.004167148282434,them,123,0.15,91.9732724543277,enthusiastic,10,1,day,1,0,dry_texter,0,1
5,47.27868901178482,them,170,0.62,102.20000673949568,dry,0,0,night,1,1,casual,0,1
15,30.171147333112295,me,12,0.15,40.68958680455231,enthusiastic,9,0,day,1,0,casual,0,1
20,19.804440475681893,them,74,0.55,1.0101657792028482,neutral,7,1,day,1,1,casual,0,1
1,49.81163183048165,them,106,0.32,93.50966728545438,enthusiastic,1,1,day,1,0,ghoster,0,0
23,5.648903990498832,them,99,0.19,31.43939336693055,enthusiastic,1,1,day,1,1,interested,1,0
17,19.529892710734543,them,172,0.37,72.67100387291796,dry,6,0,night,1,0,interested,1,1
46,22.426731340312887,them,31,0.54,118.18073300411271,dry,9,0,day,0,0,casual,0,1
47,2.873201736624634,them,140,0.55,82.45463211740433,neutral,10,0,night,0,0,ghoster,0,1
25,20.338888241555843,them,182,0.6,104.16724498006043,enthusiastic,3,1,night,0,0,interested,1,0
2,36.225903640445914,me,196,0.77,52.40830321608826,dry,8,1,day,0,0,interested,1,0
45,45.30250644514162,them,57,0.08,24.76336674399066,dry,6,1,day,0,1,dry_texter,0,1
16,13.42589199085571,me,29,0.59,48.9900679204574,neutral,7,0,day,0,1,casual,1,1
18,26.161809527904577,them,76,0.48,84.088646285765,dry,8,0,day,0,1,interested,1,0
47,17.559422265840276,them,108,0.88,58.8241922159856,neutral,6,0,night,0,0,dry_texter,0,0
1,9.926488503298916,them,19,0.74,36.84361688015477,dry,5,1,night,0,0,ghoster,0,1
16,2.9901568630957325,them,62,0.43,1.9952781360207799,dry,2,0,night,1,0,interested,1,1
11,4.226562634077475,me,164,0.03,44.41553819250626,dry,9,1,night,0,0,ghoster,0,1
8,41.36242335101397,me,101,0.04,75.17043721881755,enthusiastic,6,0,day,1,1,ghoster,0,1
41,42.518581126116125,me,12,0.32,89.91282723295379,enthusiastic,4,1,night,0,0,interested,1,0
25,25.045975665048022,them,136,0.21,106.47148787853978,neutral,5,1,night,0,0,dry_texter,1,1
27,27.35180444172886,me,105,0.1,50.97989013047828,dry,4,1,day,1,0,dry_texter,0,1
26,1.154551039918445,me,91,0.8,8.483651508023772,enthusiastic,5,0,day,1,0,interested,1,1
28,35.78763063434778,me,81,0.42,42.27645915493783,neutral,9,0,night,0,0,dry_texter,0,1
37,19.105076581807708,them,68,0.73,44.478656675230745,dry,10,1,night,0,1,ghoster,1,0
34,45.88020099283511,them,112,0.96,112.47079991356256,enthusiastic,6,0,night,1,1,interested,0,1
17,45.158491553960665,them,102,0.55,1.8229530791668775,enthusiastic,7,0,day,0,1,ghoster,0,1
42,7.218834344920965,me,42,0.03,43.82580376763575,neutral,3,0,day,0,1,casual,0,1
19,18.653491280034967,me,144,0.92,39.337041762237945,dry,6,1,night,0,1,casual,1,0
15,51.90696369494541,them,167,0.14,17.262621152084446,enthusiastic,2,0,day,1,0,interested,0,1
18,21.120125844758807,me,77,0.49,9.401651806781766,enthusiastic,8,0,day,1,1,dry_texter,0,1
25,4.14568443498305,them,83,0.44,83.07741611833025,enthusiastic,1,0,day,0,0,interested,1,0
44,11.140233377143465,them,161,0.72,18.915192847845727,dry,7,1,night,1,0,casual,0,1
3,68.75579706345987,them,77,0.73,4.364980937064123,neutral,0,0,night,0,0,ghoster,0,1
20,9.739587287400388,them,22,0.73,5.47363402096382,neutral,4,0,day,1,1,interested,1,0
33,12.024322322145025,them,108,0.14,68.73178385342987,dry,6,0,day,0,0,ghoster,1,1
26,63.57874879817937,them,106,0.73,34.64421597322459,neutral,4,1,night,0,0,casual,0,1
37,60.382285527893956,them,154,0.79,31.66480790265134,enthusiastic,8,1,day,1,1,interested,0,1
27,55.80558364698527,them,76,0.22,16.682780695638698,dry,9,1,night,0,0,interested,1,1
42,5.373347994374984,me,85,0.62,67.92380078883087,neutral,3,1,day,0,0,casual,1,0
11,9.897888194714282,me,152,0.97,84.68068259906028,neutral,7,1,day,0,1,ghoster,0,1
33,55.753289491574925,me,33,0.21,63.57729141050757,enthusiastic,10,1,day,1,1,interested,1,1
13,50.24936667144476,them,148,0.64,48.6968720958213,neutral,9,1,night,0,1,ghoster,0,1
13,63.61877203610162,me,1,0.86,103.11152698309064,neutral,2,0,night,0,0,interested,0,1
1,7.124864683643099,them,92,0.9,88.16213301945187,enthusiastic,8,1,night,1,1,ghoster,1,1
7,71.36625943747546,me,66,0.47,33.67706299335348,dry,0,1,night,1,1,casual,0,1
17,23.40691983453049,me,45,0.89,103.52740753443429,neutral,1,1,night,0,0,casual,1,0
33,55.838268166806145,them,121,0.87,87.8925818544569,neutral,0,0,night,0,0,dry_texter,0,1
27,4.374945852769985,me,178,0.33,6.772850083755876,enthusiastic,8,0,day,1,0,casual,1,1
5,59.30442002216685,them,153,0.48,101.51141447869122,enthusiastic,7,0,night,1,0,dry_texter,0,1
20,22.879668785891337,me,119,0.2,90.66781017660205,neutral,7,1,day,1,1,casual,1,1
41,54.81132185081012,me,36,0.66,52.43137084044278,dry,9,1,night,0,0,casual,0,1
9,23.91289518387679,them,157,0.84,3.0899061319873904,dry,4,0,day,0,0,ghoster,0,1
40,26.301574742854086,me,169,0.31,62.10475120710679,neutral,4,0,day,0,0,dry_texter,0,1
18,7.633525856433139,them,41,0.24,92.20791670049867,dry,6,0,night,1,1,casual,1,1
7,61.15007024048039,them,50,0.7,46.68994071289717,dry,9,0,day,1,0,interested,0,1
25,59.279666319866436,them,145,0.31,75.12004784719916,enthusiastic,0,1,day,0,0,ghoster,0,1
33,68.10046697935125,me,39,0.88,28.13187985205378,enthusiastic,9,0,day,1,1,dry_texter,0,1
43,63.97718322096485,them,120,0.98,70.13007117384919,enthusiastic,4,0,night,1,1,dry_texter,0,1
35,38.93665764444095,me,116,0.75,56.06950013479897,dry,5,0,night,1,0,dry_texter,0,0
11,29.15906658416796,me,130,0.26,61.89544574731566,neutral,3,0,day,0,1,ghoster,0,1
8,67.36710117366133,me,162,0.85,88.84910201652106,enthusiastic,8,0,day,1,0,casual,0,0
26,27.93772586807117,me,31,0.05,70.75023002701002,dry,7,0,day,1,0,casual,0,1
43,21.87274804516121,them,12,0.24,38.625755855920964,neutral,7,1,night,1,0,casual,0,0
16,53.260925407055126,me,169,0.9,26.944429687543614,neutral,5,1,day,1,1,interested,0,1
44,63.15653518750406,me,133,0.27,98.83799225344245,neutral,0,1,night,0,0,interested,1,1
45,7.372996555142677,me,59,0.98,95.40017730296988,dry,3,1,night,0,1,ghoster,0,1
38,45.998648341965385,them,159,0.45,7.35898096093185,dry,3,1,night,1,1,dry_texter,0,0
49,71.25665486378209,them,186,0.86,114.49968229592899,dry,1,1,day,0,1,ghoster,0,1
23,41.925036162384124,them,94,0.45,110.1225829203417,enthusiastic,10,0,night,0,0,ghoster,0,0
37,59.750378298673276,them,144,0.37,84.92127178434109,neutral,10,0,day,0,0,dry_texter,1,1
23,45.131673791992384,them,138,0.25,52.51039235930546,neutral,0,1,day,1,1,ghoster,0,1
23,53.49675355492267,them,140,0.28,10.797398892550133,enthusiastic,7,1,day,1,0,ghoster,1,1
33,47.837114682578445,them,145,0.55,77.81812131599614,neutral,1,0,night,1,1,ghoster,0,1
14,49.96762891898635,them,74,0.03,119.55063407336858,enthusiastic,2,1,night,0,0,interested,1,1
48,2.129050920977689,them,182,0.82,14.872432018680863,dry,6,1,night,1,0,ghoster,0,0
21,53.7555951802377,me,72,0.17,114.06545671585651,dry,2,0,day,0,1,interested,1,0
36,15.89091891169128,them,125,0.36,89.10395795048252,dry,7,1,day,1,0,dry_texter,1,1
11,15.212790143955889,them,17,0.46,102.32447563900719,neutral,6,1,day,1,0,interested,1,1
5,40.868039087117225,them,189,0.9,46.38567032174557,enthusiastic,10,1,night,0,0,ghoster,0,1
20,43.76562866001313,me,56,0.93,116.28080030042472,enthusiastic,5,0,day,1,1,interested,0,0
18,56.123103773411245,them,141,0.4,17.741139177140475,enthusiastic,8,0,day,1,1,casual,0,1
47,53.20347227226546,me,96,0.69,35.79687488116992,dry,2,1,day,0,1,ghoster,0,1
9,62.98909718953568,me,75,0.01,39.345448724660066,dry,7,1,night,1,0,casual,1,1
7,52.06223954381896,them,63,0.09,25.529520811836086,dry,5,0,day,1,0,ghoster,0,1
1,34.983737181775936,me,141,0.46,6.395140664291345,enthusiastic,6,1,night,1,0,dry_texter,0,0
1,10.280728982300971,them,149,0.66,30.08254332851788,enthusiastic,1,1,night,0,0,interested,1,1
33,31.085079364091666,them,166,0.69,40.88132800373792,enthusiastic,0,1,day,0,1,interested,1,0
3,7.4229690930446255,me,66,0.32,71.0699860408931,dry,0,0,night,1,0,casual,0,1
18,2.6897943188884463,them,60,0.87,70.86563857293511,dry,10,0,day,1,1,casual,0,1
3,61.224219422324346,me,195,0.21,64.5680249966899,dry,3,0,day,0,0,dry_texter,1,1
11,17.5145023224614,them,86,0.83,49.99473205084885,neutral,5,0,day,1,0,ghoster,0,1
1,12.474910281502002,them,110,0.19,21.690249276946112,dry,9,1,day,1,1,ghoster,0,1
36,45.86228922759169,them,46,0.62,99.81492143582066,neutral,6,0,night,0,1,ghoster,0,1
49,64.60023292963388,me,95,0.79,104.80815570883549,enthusiastic,0,1,night,1,0,dry_texter,0,0
38,50.25378193484728,me,74,0.88,93.51710888817232,neutral,6,1,night,0,1,casual,0,1
49,45.63290631331592,them,192,0.25,35.46669759678251,enthusiastic,6,1,day,1,0,dry_texter,0,1
27,68.4649526935006,me,83,0.27,112.88215336548153,neutral,6,1,night,0,0,ghoster,0,1
31,42.497114703073464,me,158,0.61,106.84084445469917,enthusiastic,10,0,night,0,1,casual,0,1
33,47.216065333521826,them,23,0.03,3.751449899041884,dry,7,0,night,0,1,casual,0,1
40,30.50008471790934,them,142,0.9,3.272779376476265,dry,6,1,day,0,0,interested,0,1
50,31.825552795633385,me,83,0.64,100.7611061793106,enthusiastic,9,0,night,1,1,ghoster,0,1
48,67.01383651886665,them,3,0.22,98.65846987922664,neutral,8,0,day,0,1,ghoster,0,1
44,1.8413865986612503,me,56,0.33,72.40979918987728,dry,1,1,day,0,1,interested,1,0
47,42.127284962236054,me,50,0.23,33.388869201209204,neutral,3,1,night,1,0,dry_texter,0,1
45,19.101758169978744,me,19,0.86,59.74123280092296,dry,0,0,night,0,0,ghoster,1,1
43,5.978734430368635,me,13,0.85,79.08270529639765,dry,0,0,night,1,0,ghoster,0,0
40,43.359964928388564,me,75,0.14,114.61799943916664,dry,4,1,night,1,0,interested,1,1
37,70.87463075171104,me,125,0.84,111.44897610254375,dry,3,1,day,0,1,ghoster,1,1
14,63.13716448647286,me,150,0.68,111.22051675516299,dry,2,1,night,0,0,interested,1,1
41,21.533324530960563,me,125,0.93,9.934867336900817,enthusiastic,3,1,night,1,1,ghoster,1,1
6,2.7006641782364875,them,78,0.61,14.232651317543803,neutral,1,1,day,0,0,interested,1,0
22,15.681239067522654,me,106,0.6,52.56775410422383,enthusiastic,2,1,day,1,1,dry_texter,1,0
48,22.455927493619363,me,1,0.14,44.230813009116716,neutral,1,1,night,1,1,ghoster,0,1
4,2.2050367190359808,me,152,0.99,84.38998663370165,neutral,6,1,night,1,0,dry_texter,1,1
12,32.27434818407081,me,117,0.16,49.10067285492282,enthusiastic,5,1,night,0,1,ghoster,0,1
42,66.31065717161235,me,57,0.01,98.39100155227403,enthusiastic,10,1,day,1,0,ghoster,1,1
27,29.460821382609506,me,173,0.27,116.667514299606,dry,7,0,day,0,1,ghoster,0,1
43,11.616319016221935,me,37,0.55,22.53677406030683,enthusiastic,2,1,day,1,1,dry_texter,0,1
39,21.395537691566226,me,70,0.09,87.42849677358424,enthusiastic,4,1,day,0,1,interested,1,0
50,22.63813601423259,them,200,0.94,111.38982491440065,dry,10,0,day,1,1,interested,1,0
3,43.113236953767405,them,135,0.24,16.187464894871965,enthusiastic,0,0,day,1,0,dry_texter,0,1
40,23.969976535098738,me,196,0.51,108.86042561663109,enthusiastic,4,1,night,1,1,dry_texter,1,1
42,36.71563625736309,me,6,0.39,90.96503998322778,neutral,8,0,day,1,0,casual,0,1
29,18.041832767752858,me,185,0.4,69.50936483319963,neutral,5,1,night,1,1,dry_texter,0,1
48,0.04771426362038156,them,155,0.96,68.40620820133611,dry,4,1,day,1,0,ghoster,1,1
15,32.56899158986295,them,96,0.44,6.144523120495131,neutral,5,0,night,1,0,casual,0,1
4,10.080965830053632,me,163,0.02,34.36199325427191,neutral,6,0,night,1,1,dry_texter,0,1
1,38.26827082263575,me,62,0.74,108.21354137221975,dry,3,1,day,0,1,interested,1,1
16,67.84537242996394,them,154,0.11,64.61468512733543,neutral,7,1,day,1,0,ghoster,0,1
29,4.423256227520488,me,57,0.66,74.84933045196948,neutral,10,1,night,0,0,interested,1,0
15,3.3184897611026276,me,36,0.61,47.68488850351198,enthusiastic,9,0,night,0,0,ghoster,1,1
20,6.2649264732264305,them,139,0.93,22.04318144705542,dry,5,0,day,1,1,casual,0,0
9,58.99728335109718,me,56,0.12,28.444747438862635,dry,8,0,night,1,0,casual,0,1
37,17.23388581197754,me,55,0.37,27.85745795994753,enthusiastic,7,0,day,0,0,interested,1,0
10,13.26282236428124,them,97,0.72,81.5648206056057,enthusiastic,7,0,night,1,1,interested,1,0
15,0.033873770886181376,them,187,0.8,26.84622956267934,enthusiastic,3,0,night,1,1,interested,1,1
16,31.963528103568358,me,158,0.3,91.07550208998104,dry,10,0,day,1,1,ghoster,0,1
43,33.90706085162899,them,18,0.13,94.26666782412185,dry,8,0,night,1,0,ghoster,0,1
16,4.9858181522221505,me,101,0.48,66.10424185462718,neutral,0,1,night,1,0,dry_texter,1,1
23,42.17570748316116,me,36,0.38,76.65531034395985,enthusiastic,4,1,night,0,1,interested,1,0
3,2.0820963651321724,me,117,0.83,92.97618782588344,dry,9,0,day,0,0,casual,1,1
25,27.359238237944375,me,33,0.97,90.84092272645658,enthusiastic,4,0,night,0,1,ghoster,0,1
34,10.041194937896554,me,26,0.78,80.40857407916326,dry,6,1,day,1,1,dry_texter,1,1
24,4.580183461269093,me,125,0.18,34.27833375777898,neutral,3,0,night,1,1,dry_texter,0,1
34,31.772651112185926,them,151,0.43,20.597720467769832,enthusiastic,4,1,day,0,1,ghoster,0,1
37,30.154078420574624,them,137,0.93,103.19104447270182,dry,10,0,night,0,1,ghoster,0,1
45,1.5685132458806361,them,150,0.78,31.630674917198437,neutral,2,0,day,0,1,ghoster,0,1
13,21.074933709908496,them,119,0.55,102.98666066720506,enthusiastic,10,0,night,1,1,ghoster,0,1
45,47.19162604018783,them,7,0.2,78.31787726808139,enthusiastic,2,0,night,1,0,casual,1,1
37,50.30760814717065,them,82,0.06,110.78094390757525,neutral,6,1,day,1,0,ghoster,0,1
34,30.696372735747765,me,29,0.07,17.45987673931137,dry,0,0,night,1,0,ghoster,0,1
49,15.301171708448909,them,173,0.58,3.7299746103033207,enthusiastic,2,1,night,0,0,ghoster,1,1
19,64.12698292218407,me,7,0.56,45.0861270289868,neutral,4,0,day,0,0,dry_texter,0,0
14,26.942430165366314,me,20,0.11,40.484473204024496,neutral,1,1,night,0,0,casual,0,1
48,2.5720068557602866,them,164,0.07,34.53961751841653,neutral,3,0,night,1,1,dry_texter,1,1
42,7.418003229496722,me,123,0.31,39.04653491019732,enthusiastic,0,0,day,0,0,ghoster,0,1
29,39.52186985971786,me,24,0.96,73.3756119193659,dry,7,0,night,0,1,interested,1,1
34,70.39915167102552,me,22,0.57,56.93271453205947,neutral,7,1,day,0,0,ghoster,1,0
22,69.81455324955982,me,96,0.19,43.427911472255246,enthusiastic,1,1,night,1,1,casual,0,1
38,47.24161895152348,me,73,0.16,48.621389206316465,dry,1,1,night,1,0,interested,0,1
36,34.911173131631074,me,2,0.81,93.38776996794981,dry,2,1,day,0,1,casual,1,1
15,18.36333113014114,me,164,0.37,88.8996309899116,dry,2,1,day,1,1,ghoster,1,1
13,67.7791358373997,me,138,0.92,110.93906628456907,dry,0,1,day,0,1,ghoster,0,1
49,36.09091309502153,me,82,0.13,88.1660439238477,enthusiastic,8,1,day,0,0,interested,1,1
46,61.74356386112705,me,50,0.3,35.54182019959627,dry,10,0,night,1,1,ghoster,0,1
28,67.29664141433153,them,28,0.38,85.46342512652093,neutral,5,1,night,1,1,dry_texter,1,1
16,14.023538386115343,them,5,0.02,85.89458954804252,dry,2,1,day,1,1,casual,0,1
6,41.7207897712856,them,63,0.98,84.7070303453575,neutral,0,1,night,1,0,ghoster,0,1
8,5.948354194811342,them,10,0.75,12.445744471392706,dry,6,0,night,0,0,interested,1,0
17,60.81807525268419,them,154,0.46,67.20036747532447,dry,3,1,night,0,1,ghoster,0,1
31,41.049675334787786,them,99,0.24,107.65333505417992,enthusiastic,6,1,night,0,0,interested,1,1
9,58.844649727141686,them,109,0.36,93.66294223588163,dry,4,1,night,1,0,ghoster,0,1
48,48.62169277193908,me,6,0.55,80.02442789752715,dry,4,1,day,1,0,interested,0,1
8,28.846396183325425,me,187,0.06,77.75079665953521,enthusiastic,3,0,night,1,0,ghoster,0,1
6,65.30936429047057,me,185,0.04,7.237414536122072,enthusiastic,9,0,day,1,0,interested,0,1
12,37.92436783273665,me,86,0.7,34.162806180654506,neutral,8,0,day,0,0,dry_texter,0,0
50,30.058860036443047,me,137,0.92,3.943172424357735,dry,2,0,night,0,1,dry_texter,0,1
1,62.770675607165295,me,19,0.99,103.71653375585362,dry,0,1,day,0,0,ghoster,0,1
9,6.815843166070933,me,192,0.31,80.40465127856058,enthusiastic,3,1,night,1,0,interested,1,1
33,35.65725149562633,them,33,0.66,65.58044514394157,dry,6,0,night,1,0,interested,0,1
30,66.55092630467792,me,152,0.16,51.58859189926379,neutral,7,0,day,1,1,interested,0,0
42,43.360300545919216,me,119,0.29,70.4641128240426,neutral,9,0,day,1,1,ghoster,0,1
32,27.373098651616115,me,141,0.84,109.54405988222508,neutral,8,0,night,0,0,dry_texter,1,1
22,34.76490795391348,me,147,0.07,98.93281426690473,enthusiastic,5,1,night,0,1,interested,1,0
4,62.85869728704659,them,199,0.04,86.4895191476704,dry,4,1,day,1,1,dry_texter,0,0
50,10.173304218462423,me,5,0.12,87.9992818637597,dry,5,0,day,1,0,ghoster,0,1
42,43.25232536206638,me,47,0.16,102.26686649393199,neutral,9,0,day,0,1,casual,0,1
2,67.71025146394453,them,45,0.9,78.49378347068796,neutral,2,1,night,1,0,ghoster,0,1
21,35.626906273196106,me,165,0.76,37.30398796895416,enthusiastic,9,1,night,1,1,interested,0,1
42,21.88287963142205,them,57,0.25,87.22187756601298,neutral,6,1,night,1,0,dry_texter,1,0
43,67.66406639465461,them,168,0.55,52.04618328040649,dry,6,1,day,1,1,dry_texter,0,1
30,34.03888322617217,them,2,0.92,108.22996364880196,neutral,3,0,night,0,1,dry_texter,0,0
22,62.38948230863497,me,92,0.02,87.1631068890022,neutral,5,0,night,0,0,dry_texter,0,1
13,20.186213406916735,me,146,0.05,56.625427090924624,dry,7,0,night,1,1,interested,1,0
36,71.48208762171727,me,91,0.04,16.785976015077463,enthusiastic,10,0,night,1,0,casual,0,1
5,10.027380417567572,them,153,0.26,82.36983031565757,enthusiastic,10,0,day,1,1,casual,1,1
16,47.29106588204714,me,71,0.99,20.857508836176212,neutral,2,1,night,0,1,ghoster,0,1
34,26.170371023606755,me,136,0.19,86.07457261197828,neutral,5,1,night,0,1,ghoster,0,1
38,16.714822406626368,me,21,0.48,108.32337368172395,neutral,5,1,night,0,1,interested,0,0
7,29.932785517015905,me,64,0.44,46.84727809101889,dry,1,1,night,1,1,casual,0,1
2,36.98607351290268,me,131,0.98,78.9453241497798,neutral,2,0,day,1,0,interested,0,1
40,43.03532767440343,me,112,0.74,112.98196486427368,neutral,5,0,night,0,0,ghoster,0,1
49,15.502539010260886,me,199,0.53,67.170358621631,dry,4,1,day,1,0,interested,1,0
3,61.849512941580834,me,142,0.18,86.95986315807718,dry,3,1,day,1,1,dry_texter,0,1
46,23.84895012588747,me,192,0.29,31.792534776745867,dry,8,0,night,0,1,dry_texter,1,1
11,47.84201609086401,them,124,0.12,77.45950186816725,neutral,0,1,day,0,1,casual,1,1
29,15.381321711248031,me,131,0.11,51.85592502958547,enthusiastic,9,0,day,1,0,casual,1,1
5,56.65292912127775,them,56,0.68,52.782787439105434,neutral,1,0,night,0,1,ghoster,1,1
40,60.5151005721665,me,96,0.86,7.721083628096936,neutral,5,0,day,0,0,casual,0,1
32,39.95651182629229,me,55,0.74,37.85175210175061,neutral,0,0,night,1,1,ghoster,1,0
50,51.755514508373224,me,70,0.41,83.08306995518019,enthusiastic,5,1,day,0,0,ghoster,0,1
36,47.882216584054355,them,45,0.07,104.69035782136592,neutral,1,0,day,1,1,interested,1,1
35,47.34244316352273,me,93,0.8,21.68370184862335,enthusiastic,3,0,night,0,1,casual,1,1
44,6.188666572369065,them,63,0.74,72.42768664287784,neutral,8,1,night,1,1,casual,1,1
46,7.180066885047552,me,122,0.91,55.353489254285755,neutral,3,1,night,0,1,interested,1,0
8,63.51497703967848,me,160,0.26,77.46727680540033,neutral,4,1,night,1,0,ghoster,0,1
28,35.8931735577718,me,113,0.45,82.43828451257087,dry,10,1,day,1,0,dry_texter,0,1
50,31.724590772099795,me,7,0.37,59.83584623552347,neutral,1,0,night,1,0,casual,0,1
19,48.039614643277325,me,78,0.3,47.526894490449244,neutral,2,1,night,0,0,interested,1,0
50,6.966887006627332,them,45,0.63,13.169665705983324,dry,4,0,day,1,1,casual,0,1
25,22.549948298571646,them,152,0.51,58.4813154437374,dry,3,1,day,0,0,dry_texter,1,1
26,52.483428182787804,me,196,0.34,117.08802033628427,enthusiastic,2,0,day,1,0,ghoster,0,1
4,27.152666907634803,me,149,0.09,65.64271563103684,dry,2,0,night,1,0,casual,1,1
26,46.944260923913404,them,86,0.68,63.572613581462306,enthusiastic,8,1,night,1,1,interested,1,0
8,20.09947311380907,them,86,0.99,43.35759182644831,enthusiastic,1,0,day,1,0,ghoster,1,0
21,29.25952444995254,me,25,0.99,24.81383500741252,dry,2,1,night,1,1,casual,0,1
39,29.557492313460546,them,144,0.51,11.55291508362508,dry,8,0,night,0,0,interested,1,0
32,25.06024907211817,me,30,0.39,96.49461162877593,enthusiastic,3,1,day,0,0,ghoster,0,1
3,22.35400505085134,me,63,0.48,20.43772147270899,neutral,4,1,night,0,1,ghoster,0,0
38,39.467427183779456,me,40,0.48,34.135747394738125,enthusiastic,3,0,day,1,1,interested,0,1
12,23.232330800227114,me,162,0.74,117.7931252008989,neutral,7,1,day,0,0,casual,1,1
37,43.072857639198375,them,67,0.1,25.74119415190829,enthusiastic,4,1,day,0,1,ghoster,1,1
31,43.04273811575683,them,199,0.96,6.49083349423743,enthusiastic,6,1,night,1,0,dry_texter,0,1
12,50.58851074984671,them,124,0.64,107.1522024079689,neutral,10,0,night,1,0,interested,0,1
28,32.603130892458296,them,178,0.14,57.979793795694526,dry,4,0,day,1,0,casual,0,1
40,37.81516020989605,me,16,0.41,109.57116355173582,dry,3,1,night,1,0,interested,0,1
11,21.350223770559616,them,40,0.67,80.51023219277906,dry,4,0,night,0,1,ghoster,0,1
48,37.06227677060187,me,87,0.42,33.60176775574431,enthusiastic,9,1,day,1,1,dry_texter,1,1
30,2.80306094165271,them,163,0.13,100.81371388323429,dry,10,0,day,1,0,interested,1,1
12,53.9531233430603,me,10,0.63,21.76544299558974,neutral,6,1,night,1,0,casual,0,1
17,6.686291546397149,me,161,0.82,94.10983038533381,dry,9,0,day,1,0,dry_texter,0,0
44,12.792576230256891,me,70,0.41,24.987038686189475,neutral,10,0,day,1,0,ghoster,0,0
40,18.316930746131696,me,130,0.43,97.1963807275488,neutral,2,1,day,0,1,casual,1,1
2,41.58847682224031,them,42,0.97,102.45520599613818,enthusiastic,8,1,night,1,0,casual,0,0
19,23.526659601078244,them,154,0.1,103.56456322944587,neutral,5,0,night,1,0,casual,1,1
9,39.634470735664884,them,55,0.93,118.32865676948003,enthusiastic,9,1,night,1,1,ghoster,0,0
45,7.66740370501188,me,111,0.58,11.115420227551754,neutral,9,1,day,0,0,casual,0,1
29,7.389290215402907,them,123,0.83,50.84092818516551,enthusiastic,5,0,night,0,1,interested,1,0
47,49.182523645539156,me,73,0.69,116.38915151283565,neutral,9,1,night,0,1,dry_texter,0,1
46,41.51621860974373,me,125,0.34,6.421776049956791,enthusiastic,4,0,night,0,1,casual,0,1
9,23.79156520970304,me,138,0.32,84.98131836116346,neutral,6,0,night,1,0,ghoster,0,1
49,53.90316228060931,me,172,0.39,39.44607664604277,neutral,3,0,day,0,0,casual,0,1
40,46.693594627116084,me,195,0.29,110.55862072067033,neutral,2,1,night,1,1,ghoster,1,1
13,53.80977045310486,me,65,0.3,34.46981058376204,enthusiastic,9,1,night,1,0,casual,1,1
24,31.661598629751666,them,23,0.48,101.22324981832034,dry,7,0,day,1,1,dry_texter,0,1
27,64.09383763212823,them,63,0.94,53.89504644307307,neutral,0,1,night,1,1,dry_texter,0,1
33,51.3260738258684,me,151,0.35,23.6407276696629,enthusiastic,7,1,day,0,1,ghoster,0,1
10,1.6219720020698443,them,108,0.47,10.581534085176287,enthusiastic,7,1,day,1,0,interested,1,0
4,44.783299821331795,me,9,0.64,6.534844308689745,neutral,0,1,night,1,1,casual,0,1
22,47.137977356614215,them,94,0.25,114.50590093772793,dry,10,0,night,1,0,interested,0,1
37,53.0541007940848,me,16,0.74,97.97699736514781,enthusiastic,10,1,night,0,0,ghoster,0,0
21,36.17153435560034,them,71,0.4,10.103593201362457,enthusiastic,4,1,night,1,0,ghoster,0,1
38,29.63582954401121,them,141,0.89,85.27220533102081,dry,5,0,night,1,1,dry_texter,1,1
45,16.752273215347458,me,1,0.73,69.33593388512901,dry,7,1,night,0,1,dry_texter,0,1
10,4.8301441240544065,me,91,0.07,105.20480111614235,enthusiastic,6,1,day,1,1,dry_texter,1,1
17,32.672372496073905,them,43,0.26,36.60864140767258,neutral,2,0,day,1,1,dry_texter,0,0
47,16.266970994938575,them,166,0.23,43.524505384723476,dry,8,1,night,1,1,ghoster,1,1
5,36.39474213533664,me,3,0.14,62.179890822564644,dry,4,1,night,0,1,casual,0,0
11,49.951185171028754,them,141,0.6,41.90353683637155,enthusiastic,9,0,night,0,0,ghoster,0,1
8,27.128865369942176,them,195,0.62,26.600729525285917,dry,1,0,night,0,0,interested,0,0
25,13.613658746006571,me,181,0.61,98.15519881690203,neutral,2,0,night,1,0,interested,0,0
21,11.141110077478706,me,76,0.09,11.371567541294015,enthusiastic,6,0,day,0,0,dry_texter,0,1
5,23.092399776644292,me,49,0.06,37.57010837885048,dry,7,1,day,0,0,ghoster,0,1
30,29.287960629034096,them,61,0.75,37.34578668131546,neutral,1,0,day,0,1,dry_texter,0,1
40,66.04999229929942,me,6,0.42,13.452344292465199,enthusiastic,6,1,day,0,0,casual,1,1
35,10.180465624131507,me,39,0.69,76.30554025959755,neutral,5,1,day,1,1,casual,1,1
46,6.217221421706547,me,3,0.35,28.41695153384748,enthusiastic,10,1,night,0,0,ghoster,1,1
42,47.59258807717104,them,144,0.34,59.70814695557141,dry,4,0,night,0,0,dry_texter,1,1
22,48.73618197218445,me,181,0.93,109.70977348967278,enthusiastic,6,0,night,0,1,interested,1,1
23,60.99828313016433,them,68,0.45,96.75259155405749,enthusiastic,9,1,day,0,1,interested,1,0
26,69.33144808949805,them,53,0.04,108.16902612360211,neutral,10,1,night,0,0,ghoster,0,0
23,30.640893118102106,me,19,0.21,79.42122627138204,dry,6,0,day,0,0,interested,0,1
18,34.70359709718052,them,171,0.75,108.4035444034833,dry,9,0,day,0,0,dry_texter,1,1
38,57.43000244575475,them,187,0.25,21.050124661161536,enthusiastic,9,1,night,0,0,dry_texter,1,1
20,31.715982803899777,me,151,0.36,12.064113392831525,enthusiastic,6,1,day,0,1,casual,1,1
17,62.24626574485278,them,161,0.53,92.65650357492797,neutral,6,0,day,1,0,casual,0,0
49,7.97638027325159,me,40,0.25,25.950560666370354,neutral,8,1,night,1,1,ghoster,0,1
26,20.055015380116096,me,123,0.97,88.35385715519223,enthusiastic,5,1,night,0,0,casual,1,1
23,49.224893217422036,them,154,0.63,110.92812720574898,enthusiastic,9,1,night,1,1,interested,0,1
25,49.241104005927035,me,110,0.44,91.5129402377884,enthusiastic,10,0,night,1,1,dry_texter,0,1
50,25.789712071886505,them,80,0.89,73.75390335167202,neutral,8,1,day,0,0,casual,1,1
26,56.468403263392524,me,22,0.76,39.946441072950186,neutral,10,0,day,1,0,casual,0,1
50,47.72293277989753,me,123,0.38,66.8423685342786,enthusiastic,10,1,night,0,0,interested,1,0
1,5.183241697940116,them,57,0.44,29.799287547116176,enthusiastic,6,1,night,0,1,dry_texter,0,1
10,64.25972864249697,me,158,0.89,58.66213247805279,neutral,6,0,night,0,0,dry_texter,0,1
40,41.28376189271799,me,154,0.69,85.56108437594143,neutral,6,1,day,1,0,casual,0,0
47,63.79681555319568,me,143,0.25,3.333612189857179,neutral,7,1,night,0,0,casual,1,1
26,34.39386086297807,them,74,0.75,1.3007947880887327,enthusiastic,9,0,night,1,0,interested,0,1
10,41.22623688568327,them,77,0.1,37.511455251856304,dry,5,0,day,1,1,casual,0,1
22,47.73337835867885,them,70,0.44,52.690395144448345,neutral,5,0,night,0,1,dry_texter,0,1
41,60.14479510505548,me,197,0.43,57.01932376781018,neutral,1,1,night,0,0,interested,0,1
32,29.153903932540455,me,77,0.87,42.14713218100798,neutral,9,1,night,0,0,interested,1,0
15,55.18798217711613,them,62,0.66,98.41901651350628,enthusiastic,4,1,day,0,1,dry_texter,1,1
22,19.46617143353343,them,80,0.1,64.54210116063862,enthusiastic,5,1,day,1,0,casual,1,1
2,60.04726916415827,them,125,0.75,36.868012928298555,neutral,5,0,night,1,0,casual,0,0
41,8.464161037817703,me,106,0.17,26.395189235046196,enthusiastic,10,1,night,0,1,interested,1,1
29,45.61909392159316,me,66,0.73,59.63130539404954,enthusiastic,7,0,night,0,1,dry_texter,0,0
19,26.846157993373982,them,10,0.12,4.02239598873746,enthusiastic,6,0,day,0,1,dry_texter,0,1
29,53.97873600228983,them,118,0.57,77.8984857432211,enthusiastic,0,1,night,0,1,dry_texter,0,1
24,41.637662070620095,me,171,0.55,95.18387735544322,enthusiastic,6,1,night,0,1,casual,0,1
23,50.632629558127725,them,12,0.49,55.08009406359767,dry,8,0,night,0,0,casual,0,0
5,19.59155694878421,me,155,0.47,103.01517134067869,dry,7,1,day,1,1,casual,1,1
50,59.05322324990931,me,178,0.27,115.62859552099745,dry,10,0,day,1,0,dry_texter,0,1
25,59.354069008035,me,88,0.18,119.00784989191014,neutral,3,1,night,0,0,ghoster,0,1
9,68.8978129485319,me,20,0.26,79.26330363601863,neutral,2,1,day,0,1,casual,0,1
49,54.632094375268146,them,68,0.63,33.468957863208225,neutral,3,0,night,1,1,dry_texter,0,1
35,47.93275568783374,them,22,0.21,110.64260034685812,dry,8,0,night,0,0,casual,0,1
14,32.00825974568796,them,132,0.3,12.866322427316621,neutral,7,0,night,1,0,casual,1,1
16,23.302309477488198,me,25,0.11,53.70699066004969,enthusiastic,3,1,day,0,0,ghoster,0,1
3,52.726648936098194,me,108,0.66,58.49704895036951,dry,8,0,night,1,0,dry_texter,1,1
41,29.954590658538095,me,128,0.15,34.55073260461105,enthusiastic,8,1,day,1,0,ghoster,0,1
11,27.8728298905227,them,168,0.33,48.67207597604103,enthusiastic,6,1,night,0,0,ghoster,1,1
44,1.4711875606854594,them,146,0.03,68.18261091857296,enthusiastic,7,0,day,1,0,dry_texter,0,0
44,3.821781522658193,me,189,0.86,67.47973641224438,dry,3,1,day,1,1,interested,1,1
5,43.08200021032774,them,187,0.14,105.08087504335077,dry,6,0,day,0,0,ghoster,0,0
30,26.412364908099498,them,132,0.01,103.91589790077536,enthusiastic,3,0,night,0,1,casual,0,1
29,17.23054230025443,them,22,0.48,41.23056017812249,neutral,6,0,night,0,0,casual,0,1
10,65.58351367042769,me,49,0.09,40.31986711732712,enthusiastic,10,1,day,0,1,ghoster,1,0
2,13.84168179595023,them,106,0.5,108.99900680617307,enthusiastic,4,0,day,1,1,interested,1,0
49,45.690653603122875,them,54,0.24,46.83699815329352,neutral,1,1,night,1,1,ghoster,0,1
42,60.68099465546943,them,174,0.64,101.20217797717572,dry,10,1,day,0,0,casual,1,1
47,32.485590755938226,them,68,0.99,41.49401744336587,dry,4,1,day,1,1,casual,0,1
22,60.84903696808759,me,124,0.05,71.72782745029484,enthusiastic,5,1,night,1,0,interested,1,1
20,63.44012391842454,them,75,0.67,42.78010214702026,neutral,7,0,night,0,0,ghoster,0,1
44,1.780496348375431,me,149,0.01,61.38900521159703,enthusiastic,6,1,night,0,1,ghoster,0,1
42,51.68366836107511,them,18,0.22,16.733796923213237,neutral,8,1,day,1,1,ghoster,0,1
37,40.68005877958065,them,37,0.38,60.1432860698094,enthusiastic,2,1,day,0,0,ghoster,0,0
27,12.41217122595799,me,105,0.54,108.2197391966418,dry,4,0,day,0,0,casual,1,1
17,20.154455090270453,me,103,0.81,106.86204198208497,neutral,9,1,day,0,1,dry_texter,0,1
21,56.05401642711002,them,24,0.14,41.89251027889826,neutral,0,0,night,1,1,dry_texter,0,1
8,69.25295318412277,me,66,0.17,42.65752222096308,neutral,2,0,night,0,1,ghoster,0,1
2,34.53633171404465,them,141,0.53,115.30964620522398,enthusiastic,6,0,day,0,0,casual,1,1
6,44.7431108784407,them,144,0.4,50.34997748418102,dry,9,0,night,1,0,ghoster,0,1
20,40.851644233503194,them,45,0.58,14.458934079057302,enthusiastic,9,1,night,1,0,ghoster,1,1
1,33.91253167631636,me,83,0.08,5.9179663157231746,enthusiastic,7,1,night,0,0,interested,1,1
6,52.067412018002436,them,93,0.3,113.7067371481607,dry,6,1,night,0,0,interested,0,1
21,46.81684456214267,me,200,0.1,21.362957084809985,enthusiastic,10,1,night,1,0,interested,1,1
50,24.59911409802388,me,52,0.01,116.14384476336173,enthusiastic,7,0,day,0,1,interested,1,0
39,11.05409962308883,me,103,0.49,32.879040853989615,enthusiastic,8,1,day,1,0,interested,1,0
31,48.19027848184765,me,159,0.13,9.760060451950256,dry,0,0,day,1,0,casual,0,1
18,41.425136079013754,me,194,0.48,41.51543584582942,dry,9,0,night,1,1,interested,1,0
6,20.334413731925352,me,5,0.9,56.53081764113437,neutral,4,0,night,0,1,ghoster,0,1
39,5.740447381388138,me,178,0.07,36.74512026997729,enthusiastic,7,1,day,1,1,ghoster,1,1
13,45.335849520568594,them,78,0.62,56.030339946956566,neutral,2,1,night,1,0,dry_texter,0,0
34,62.3915273003066,me,41,0.61,68.9911688087743,dry,4,0,night,0,1,ghoster,0,1
4,40.86893907688405,me,154,0.07,84.18120435003982,neutral,3,1,night,0,1,casual,1,1
9,26.349649748521536,me,9,0.22,94.04492441081887,dry,0,0,night,0,0,dry_texter,1,1
30,13.272960566063539,me,102,0.31,8.834195776107418,neutral,5,1,day,0,0,dry_texter,1,0
40,37.979148916332214,them,115,0.8,20.466484776078463,enthusiastic,8,0,night,1,1,ghoster,0,1
39,1.4312942091700647,me,43,0.43,109.62031320824896,enthusiastic,4,1,day,1,1,interested,1,0
3,50.628312512785655,me,111,0.3,54.94063178735173,dry,10,1,night,0,1,ghoster,0,1
4,51.4366980963762,them,46,0.64,15.867972125602732,enthusiastic,7,0,day,1,1,dry_texter,0,1
20,68.82896280770176,them,151,0.02,39.01630164375101,dry,10,0,night,0,1,casual,1,1
7,64.21944016169522,me,6,0.93,28.660771019688767,neutral,3,0,day,0,0,ghoster,0,1
17,1.5579936326664265,them,49,0.71,55.57771614727841,dry,3,0,night,0,1,interested,1,1
2,35.09810598959422,me,94,0.95,39.58767594087309,neutral,0,1,day,1,0,casual,0,0
26,21.999486424974073,me,152,0.62,45.18895347228984,neutral,1,0,night,0,0,ghoster,0,1
47,70.10766070922222,them,6,0.35,89.40778210433156,enthusiastic,4,1,day,1,0,dry_texter,0,1
8,64.37782605805295,them,111,0.8,21.66763979268296,enthusiastic,10,0,night,1,0,interested,0,1
5,48.337272407205894,them,184,0.43,38.597185519631,dry,0,1,night,0,1,interested,1,1
33,58.22464944282139,them,153,0.45,105.3944702089148,neutral,3,0,night,0,0,interested,1,1
47,6.915382781399019,me,188,0.22,18.707137545834993,enthusiastic,8,0,day,0,1,ghoster,0,1
27,69.61574820126924,them,182,0.54,42.92540631102623,enthusiastic,10,1,night,0,1,interested,1,1
35,54.62376603143271,them,123,0.18,5.078705835578961,neutral,2,1,day,0,0,dry_texter,0,1
19,1.2774682757252487,me,187,0.72,93.9471617372678,enthusiastic,3,0,night,1,1,interested,1,1
27,33.2244430795484,me,67,0.39,32.348821201559446,dry,6,1,night,1,1,interested,0,1
28,21.911181818777962,them,12,0.35,73.306794991173,neutral,6,0,night,0,0,interested,0,0
2,51.822659986695754,me,90,0.53,115.39765724678364,neutral,5,0,day,1,1,ghoster,0,1
45,40.119084735469954,me,152,0.78,100.91826231380051,dry,5,1,night,0,0,interested,1,0
19,24.26509808845812,me,169,0.06,41.71008046864495,enthusiastic,0,0,day,1,1,ghoster,0,1
26,15.447968251628057,me,198,0.28,63.61207753532618,enthusiastic,0,0,day,0,1,casual,1,1
2,35.40373940615518,them,28,0.44,68.608524861938,enthusiastic,6,1,night,1,1,casual,0,1
39,57.488202297587925,me,38,0.34,54.8286538986914,neutral,10,1,day,0,0,casual,1,1
24,27.521398227931414,them,116,0.85,117.09566899732509,dry,2,1,day,1,0,dry_texter,0,1
33,63.54444171034945,me,87,0.07,48.90308562168045,dry,8,0,day,0,0,ghoster,0,1
3,42.02663159441139,them,50,0.42,39.839818535176455,neutral,6,1,night,1,1,casual,1,1
10,18.076471676243536,them,49,0.72,30.073647829357196,neutral,3,1,day,1,1,interested,1,1
35,2.2727642809779054,me,98,0.68,76.12451549524135,dry,4,0,day,1,0,ghoster,1,1
33,40.88598534463717,me,27,0.81,96.70425520950386,enthusiastic,2,1,night,0,1,ghoster,0,1
3,15.872000417500889,me,72,0.09,90.91860129163788,enthusiastic,1,0,day,1,0,dry_texter,0,1
8,32.03526800065449,me,80,0.31,5.5877346826869125,neutral,6,0,night,0,1,ghoster,0,1
5,1.5682281721468332,me,68,0.81,43.08880637428438,neutral,4,1,night,0,0,ghoster,1,0
30,52.246361160848224,me,57,0.21,119.18214968998531,neutral,4,1,night,0,0,casual,0,1
40,20.802999126950155,me,162,0.4,36.754680167333746,dry,6,0,day,0,1,ghoster,0,0
23,35.20155139739136,them,62,0.09,100.54539077213762,dry,0,1,night,1,1,interested,1,1
2,4.423164518361645,them,75,0.95,48.60067938418401,enthusiastic,4,1,night,1,0,ghoster,1,1
4,66.33742863108529,them,120,0.0,9.54610319359137,neutral,3,1,night,1,0,casual,0,0
5,31.84918182847224,them,14,0.99,34.08580734815001,dry,2,0,night,1,1,interested,0,0
29,20.110756459656148,me,60,0.67,62.758958533864686,enthusiastic,9,1,night,1,0,casual,1,1
14,52.33627629919318,them,63,0.91,105.29565549998921,dry,4,0,night,1,1,casual,0,1
42,59.865964001849775,me,27,0.99,26.758253741427907,enthusiastic,4,1,day,1,1,casual,0,1
23,60.897420926956485,them,85,0.97,29.98855807956782,enthusiastic,2,1,night,1,0,dry_texter,0,0
13,56.95422423597047,them,156,0.39,112.52984496185182,neutral,0,1,night,0,1,casual,0,1
8,27.97784443057939,them,7,0.39,97.56457078387069,enthusiastic,9,0,night,1,1,dry_texter,0,1
1,7.316951361181944,them,170,0.98,77.86069454246204,neutral,7,0,day,0,1,casual,1,0
26,28.62235877417812,me,93,0.32,72.9160726310042,enthusiastic,0,1,day,0,1,interested,1,0
8,48.04000860073933,me,22,0.82,51.47175469087176,neutral,1,1,day,1,1,interested,1,1
48,40.03496424007082,me,168,0.76,64.17183974079518,neutral,10,1,day,1,1,casual,0,0
17,38.1042220070255,them,174,0.89,117.50366761891736,enthusiastic,3,1,night,1,1,interested,0,1
36,9.807314271275878,me,6,0.41,90.32769538992446,enthusiastic,6,1,day,1,1,interested,1,0
10,13.649997396537058,them,196,0.12,75.70717400258087,enthusiastic,3,1,day,1,0,ghoster,1,1
15,56.27177072743455,me,183,0.57,28.145800824255605,dry,5,0,day,1,1,interested,1,1
39,60.89144126305333,them,43,0.94,38.24953690183222,enthusiastic,6,1,night,1,1,casual,0,1
35,31.320451054910457,me,30,0.07,94.19528735846355,dry,3,0,night,1,0,interested,0,1
45,25.035840651064483,me,198,0.64,47.25011666963585,dry,7,1,day,0,1,interested,1,1
16,33.69326922385034,me,106,0.18,87.21289780012118,neutral,6,0,day,0,0,dry_texter,0,1
21,24.818438525262206,them,120,0.77,86.8565872996254,enthusiastic,3,1,night,1,1,interested,0,0
18,49.11765383291516,me,17,0.48,26.772001680203083,neutral,7,0,day,1,0,dry_texter,0,1
11,26.26328674153518,them,187,0.85,25.42906919681519,dry,0,0,night,1,0,interested,0,1
41,18.197721716644555,me,131,0.47,115.4242820306452,dry,1,0,night,0,0,casual,0,1
19,39.22333682420381,me,48,0.0,16.914384452875225,dry,9,1,day,1,0,ghoster,0,1
32,44.14118387005828,them,196,0.89,75.87844660931552,neutral,1,0,night,1,1,interested,0,1
3,36.95526504715747,them,177,0.54,31.45600654550365,dry,2,1,day,0,0,interested,1,1
21,2.7566157210985764,me,1,0.71,23.65767913825959,neutral,10,0,night,0,1,dry_texter,0,1
10,61.1582895881127,me,156,0.11,50.44959870298386,neutral,3,0,night,1,1,ghoster,0,1
17,26.914775103690236,them,17,0.94,47.35463877656485,neutral,6,1,night,0,0,dry_texter,1,0
47,47.22394829123337,them,105,0.3,70.0327129699225,neutral,2,0,day,1,0,interested,1,1
27,44.2997173761315,them,26,0.73,92.96752403841836,dry,5,0,night,1,0,casual,0,1
4,23.355158777769148,me,117,0.65,76.6793614714974,dry,5,1,day,1,1,ghoster,1,1
24,3.3640457358535922,me,23,0.12,40.223835106037,dry,5,1,night,0,1,ghoster,0,1
6,70.78853440322159,them,137,0.59,116.35501514611558,dry,4,1,day,1,0,ghoster,0,1
9,12.82254299416362,me,95,0.96,40.08873668458529,enthusiastic,4,1,day,0,1,dry_texter,1,1
6,7.702182956074164,me,115,0.99,95.90023599000264,dry,0,1,night,1,1,casual,1,1
6,71.80706515917132,me,141,0.57,107.17206680786103,neutral,8,1,day,0,1,casual,1,1
39,55.93336113593871,me,2,0.92,24.295146386348137,neutral,6,0,day,0,0,ghoster,0,0
47,60.271310755622665,them,148,0.88,101.63125406006642,dry,7,0,night,1,0,casual,0,1
44,25.399140652575092,me,132,0.37,77.48230381030614,enthusiastic,9,1,day,1,0,ghoster,0,1
1,46.443591179648365,them,61,0.5,34.86349109740336,enthusiastic,9,1,night,1,1,dry_texter,0,1
29,29.015423431025358,me,191,0.43,46.886563779336896,neutral,4,0,night,1,1,interested,0,1
22,41.74121349277107,me,157,0.52,114.6217656029335,enthusiastic,9,0,night,1,1,dry_texter,0,1
27,47.95150708413126,me,97,0.48,37.82217391970531,dry,4,0,night,0,0,ghoster,0,1
25,6.76219915875511,me,81,0.66,77.38831656831319,dry,7,0,night,0,0,casual,1,1
13,29.433616294550042,them,34,0.95,40.63064866641186,dry,2,0,day,0,1,dry_texter,1,1
22,58.23806679665626,them,160,0.45,32.23532245840153,enthusiastic,0,0,day,0,0,dry_texter,0,1
3,42.13152403755372,them,81,0.37,83.68842331861454,dry,2,0,day,1,0,ghoster,0,1
24,40.57925781410053,them,101,0.11,20.053975446708883,enthusiastic,9,0,day,0,1,interested,0,1
10,12.157915879710444,me,139,0.65,79.08961455151497,enthusiastic,0,1,night,1,1,ghoster,0,1
24,26.619611436997545,them,149,0.33,16.00223956535389,neutral,3,1,night,0,1,ghoster,0,1
14,16.7102504858669,me,125,0.41,118.35351127990077,enthusiastic,9,0,night,1,0,interested,1,0
25,51.90283530629903,me,109,0.89,67.97389661570838,dry,10,0,day,0,1,dry_texter,0,1
39,2.6730875900383797,them,7,0.92,8.989072790638357,neutral,10,0,day,0,0,casual,0,1
28,43.13754888061342,me,30,0.38,87.64578523332177,enthusiastic,10,0,day,0,0,casual,0,1
1,61.20726156440825,me,7,0.48,19.99423422386513,neutral,0,0,day,0,0,ghoster,0,1
19,44.67186206799377,them,126,0.74,64.71829326307378,neutral,2,0,day,1,0,casual,0,1
2,69.11897228433803,me,108,0.98,66.85534775487254,neutral,4,1,night,1,1,casual,0,1
27,58.93009687861761,me,166,0.43,99.80747181286019,neutral,7,0,night,1,0,dry_texter,0,1
32,39.416758188918934,them,4,0.44,97.44515747523661,enthusiastic,9,1,night,1,1,ghoster,0,1
40,37.00433519489219,them,40,0.55,19.45252168526781,enthusiastic,0,0,day,1,0,ghoster,1,1
32,5.366291094378464,them,9,0.33,87.70765940361473,neutral,8,0,day,0,1,ghoster,0,1
41,4.615489023870648,them,150,0.52,107.8104718078827,dry,4,0,night,0,1,dry_texter,0,1
6,70.35149643130563,them,143,0.02,53.3590572426379,enthusiastic,1,1,day,1,1,interested,1,1
4,33.933284368699304,them,15,0.28,27.7673126796872,enthusiastic,9,1,night,1,1,casual,0,1
5,6.594534892731293,me,14,0.68,7.068557299776393,dry,7,1,day,0,0,dry_texter,1,1
44,54.90728666619133,me,181,0.68,21.89939676895649,dry,0,0,night,1,1,dry_texter,0,1
22,46.0802667779096,them,83,0.6,90.06806131857579,neutral,4,1,day,1,0,ghoster,0,1
42,11.934971839511807,them,22,0.4,14.447689865212201,enthusiastic,3,1,night,0,1,interested,1,0
40,55.24922609734089,them,109,0.8,48.060890855233914,enthusiastic,10,1,night,0,1,interested,1,1
30,21.684861444735827,me,93,0.52,74.22986292918692,neutral,8,0,night,1,0,interested,1,0
19,52.881941044699836,them,114,0.26,40.35342091463725,enthusiastic,9,1,day,0,1,dry_texter,0,1
7,6.996327049270854,me,24,0.69,7.753695833789122,enthusiastic,8,1,day,1,1,ghoster,0,1
39,16.010820053014623,me,20,0.24,99.3835824403772,neutral,1,0,day,1,0,dry_texter,1,0
10,10.641363138542715,them,68,0.15,74.32775741941384,neutral,10,0,day,1,1,dry_texter,0,1
31,66.33997238428375,me,184,0.61,116.23788197073554,neutral,7,1,night,1,1,ghoster,1,1
7,34.688085823626736,them,175,0.47,95.53380104653465,dry,1,1,night,0,1,casual,1,1
10,44.74762281713591,me,109,0.45,113.18600764000543,neutral,9,1,night,1,1,dry_texter,0,1
5,16.963211029691355,me,30,0.92,111.21832073046811,dry,9,0,night,0,1,ghoster,1,1
45,41.86273288006506,them,97,0.9,62.39596630435036,dry,1,0,night,1,1,ghoster,0,1
8,66.32077747486721,me,93,0.41,96.59477424506458,dry,2,0,day,1,0,ghoster,0,1
15,7.353943551117552,me,34,0.71,54.491771322818174,neutral,3,0,day,0,1,casual,0,0
5,38.656491143984034,me,73,0.3,104.79237941686954,neutral,6,0,day,0,0,interested,1,0
36,65.09367736544789,me,102,0.42,38.95504410518394,neutral,5,1,night,1,0,dry_texter,0,1
2,11.89780906774454,me,87,0.14,112.63885401480901,enthusiastic,8,1,night,0,1,dry_texter,1,0
12,38.653694719881635,me,178,0.84,118.82766816094859,neutral,0,1,day,0,0,interested,1,0
36,62.42743576418013,them,24,0.79,90.80163920611133,dry,3,0,day,0,1,ghoster,0,0
48,34.59817271865967,them,35,0.43,65.4478467299669,enthusiastic,5,0,night,0,1,ghoster,0,1
31,32.31617826517481,me,69,0.44,10.519233709826844,enthusiastic,0,1,day,0,0,dry_texter,0,1
41,50.70476748433985,them,63,0.34,51.60865674648155,dry,10,0,night,1,0,interested,0,1
31,15.71932897258166,me,199,0.46,89.71022331481706,enthusiastic,2,0,night,1,0,dry_texter,0,0
10,23.83685124395171,them,75,0.91,63.02369971448265,enthusiastic,10,0,night,1,0,dry_texter,1,1
5,25.897328203823246,them,164,0.78,34.97321090525372,enthusiastic,7,0,night,1,1,interested,1,0
17,53.72120887280474,them,128,0.75,25.660262199506644,enthusiastic,2,0,day,1,1,dry_texter,0,0
28,64.16407075256872,me,174,0.61,112.86199577317761,enthusiastic,9,1,day,1,1,interested,1,1
4,6.130314299998378,me,58,0.86,30.1477467606556,enthusiastic,0,0,day,1,0,ghoster,1,1
4,23.07373088716463,me,10,0.54,3.0121225763175223,dry,5,0,day,1,1,casual,1,1
32,11.930455780234563,them,19,1.0,111.19425734382584,neutral,9,1,night,1,1,dry_texter,0,1
24,1.830099583821931,them,83,0.9,29.55886864595966,enthusiastic,6,0,day,1,0,dry_texter,1,0
5,40.25885558237465,them,42,0.69,16.586793534078865,enthusiastic,5,0,day,1,0,interested,1,1
46,13.318130721615692,them,96,0.49,85.55337235485264,neutral,2,0,day,0,0,ghoster,0,0
2,36.92814287995457,me,77,0.95,23.437788873028612,enthusiastic,5,0,day,0,0,dry_texter,0,1
13,71.9041200254043,them,60,0.29,100.42408244700405,dry,9,1,day,0,0,interested,1,0
21,41.97561008415507,me,182,0.03,111.08368303074414,neutral,9,1,day,0,0,casual,1,1
6,68.74645201556818,me,53,0.8,89.18072315770895,enthusiastic,3,1,night,1,0,casual,1,1
30,30.781365687953382,them,23,0.19,29.46677871459827,dry,1,0,day,0,0,interested,0,0
3,6.643219268917577,them,144,0.03,74.55021862351491,enthusiastic,0,0,night,1,1,dry_texter,1,1
38,2.599224961890724,me,18,0.67,23.870999382369803,neutral,8,0,day,1,0,casual,0,0
20,70.11354496073295,me,124,0.09,103.13265133625389,dry,8,0,day,1,1,interested,0,1
11,1.6506903094638572,me,70,0.95,32.35609859600373,neutral,6,0,night,0,1,ghoster,0,1
23,54.08130242408524,me,92,0.71,78.7092361200482,dry,3,0,night,0,0,ghoster,1,1
47,5.531711210930228,me,81,0.77,83.11316118277708,neutral,0,0,night,0,0,ghoster,1,1
18,28.986744894145506,them,102,0.69,30.222164500462423,enthusiastic,2,0,day,1,0,interested,0,0
2,41.75983974094967,me,71,0.66,67.57253337712501,dry,3,0,day,1,0,interested,0,1
19,20.542619820544996,me,160,0.88,21.36084235433707,neutral,5,0,night,0,0,dry_texter,0,0
22,53.474005548306046,them,81,1.0,14.395793267914494,enthusiastic,1,1,day,0,1,casual,0,1
14,39.441897356147294,them,51,0.4,67.94848240987479,enthusiastic,3,0,day,0,0,dry_texter,0,1
27,30.31859738154853,them,133,0.43,58.07335630285656,enthusiastic,4,0,night,0,1,interested,1,1
11,41.40629345061687,them,103,0.04,31.9576242837584,enthusiastic,4,0,day,0,1,dry_texter,0,1
20,51.216427739118515,them,18,0.07,65.14277766171016,dry,1,1,night,0,0,ghoster,1,1
2,56.35397547457384,them,87,0.71,33.083992288343424,neutral,4,0,night,0,1,dry_texter,0,0
32,32.54954575333259,them,7,0.2,105.39691614446197,enthusiastic,4,1,night,1,1,ghoster,0,0
6,6.675540054366767,them,165,0.98,19.11034265971645,dry,3,1,night,1,0,interested,1,0
14,28.12167824391023,me,137,0.37,94.54632370990313,dry,9,1,night,0,0,dry_texter,1,1
24,2.386534922859795,me,18,0.19,96.6198542973968,neutral,0,0,night,1,1,casual,0,0
45,30.23801485028772,them,147,0.33,79.63120659136618,neutral,1,1,day,1,1,dry_texter,0,1
6,70.6299548552578,them,179,0.7,43.093677532107826,neutral,2,1,night,0,0,interested,1,0
46,62.23275414714408,them,53,0.27,55.8539161012697,enthusiastic,4,1,day,0,1,interested,1,1
28,20.051848541797483,them,184,0.09,114.7104186962426,dry,0,0,night,0,1,interested,1,0
29,29.162570689222157,me,189,0.74,5.873539320496862,neutral,9,1,night,0,1,casual,0,0
21,51.38157678576954,me,139,0.2,26.378825564114713,dry,10,1,night,1,1,interested,0,1
25,19.722157700951286,them,183,0.47,99.52470782288704,neutral,8,0,day,1,0,dry_texter,0,0
8,8.351535195088951,them,31,0.08,112.02993929950982,neutral,4,1,day,0,0,interested,1,0
50,21.742103150991507,them,55,0.96,97.78663622278361,enthusiastic,8,1,day,0,1,ghoster,0,1
30,0.340694219383888,them,144,0.56,15.39895703844904,dry,5,0,day,1,0,casual,1,1
36,69.76167896216039,me,104,0.48,116.61911179632808,dry,9,1,night,1,0,casual,0,1
14,59.68402177928792,them,118,0.06,37.585224441430064,enthusiastic,8,0,day,0,0,casual,1,1
38,60.68021427718966,me,115,0.05,30.27011341603666,enthusiastic,0,1,night,0,0,interested,1,0
33,16.889642861882557,them,153,0.15,83.73408175480499,neutral,7,1,night,1,0,ghoster,1,1
18,58.46933502333309,them,82,0.44,51.821389735013526,neutral,5,1,day,0,0,ghoster,0,1
3,13.955830858110279,them,196,0.13,18.750688785763117,dry,6,0,night,0,0,casual,1,0
23,12.371795807914317,them,114,0.22,2.202983057519259,enthusiastic,0,1,night,0,1,casual,1,1
18,33.47887018903545,them,95,0.12,41.7691633571888,enthusiastic,3,1,day,0,1,casual,1,0
13,9.792216445988558,them,60,0.22,31.686764608418176,dry,8,1,night,0,0,ghoster,1,1
44,12.723399202593967,them,193,0.58,13.138845638975953,dry,3,1,day,0,1,casual,1,1
29,0.8021195771622862,me,49,0.23,91.63793054522347,enthusiastic,1,0,night,1,1,interested,1,1
1,19.395518731037384,me,113,0.1,63.32801061356565,enthusiastic,10,1,day,1,1,ghoster,1,1
24,60.77884217227606,them,79,0.3,100.00785281694039,dry,1,1,night,0,1,casual,1,1
29,14.271768440558704,them,134,0.53,74.39210046304171,neutral,2,0,day,0,1,ghoster,0,1
14,5.7817915821356625,them,6,0.24,12.257769299072653,enthusiastic,5,1,night,1,0,interested,1,1
48,46.7532304952188,them,164,0.67,5.382001727740601,enthusiastic,7,0,night,1,1,ghoster,0,1
28,17.756144897993387,them,186,0.62,106.97872522439708,dry,3,1,day,1,0,ghoster,0,1
26,17.424968133443524,them,76,0.21,81.5230605848785,neutral,3,1,night,1,0,casual,1,1
24,31.35454261352163,them,51,0.07,7.926728949786536,neutral,3,0,day,0,0,interested,0,0
25,48.34662994053292,me,175,0.74,20.961634224354892,enthusiastic,6,1,day,0,0,casual,1,1
5,30.678085685240376,them,2,0.8,70.05097659481497,dry,9,0,night,1,1,interested,0,1
20,21.9028892705305,them,199,0.77,106.50161229782809,enthusiastic,3,1,night,1,1,interested,1,1
43,1.6710401412982332,me,127,0.1,50.36520372199751,enthusiastic,10,1,day,0,1,dry_texter,0,1
37,60.14819507010719,them,127,0.79,82.95127269840074,dry,8,1,day,1,0,interested,0,1
36,13.779538988025097,them,190,0.45,11.777936366322532,enthusiastic,8,0,night,1,0,dry_texter,1,0
14,36.24220188648648,them,41,0.75,7.873183040513399,dry,0,1,night,1,0,dry_texter,0,1
34,29.210427007304524,them,46,1.0,23.213098314475115,dry,10,1,night,0,0,ghoster,1,1
20,30.211742853944298,them,98,0.43,108.66052777066035,enthusiastic,0,0,night,1,1,ghoster,0,1
48,63.4565366946022,them,21,0.19,14.779290249096388,neutral,0,0,night,1,1,ghoster,0,1
41,3.1978411901978427,them,32,0.31,72.65916179397476,dry,3,1,day,1,1,interested,1,1
50,62.10769452054553,me,151,0.34,102.6954460095504,dry,8,0,day,0,0,casual,0,1
35,6.670265924989328,them,144,0.05,89.97315931920247,enthusiastic,1,1,day,0,1,dry_texter,1,1
48,58.36027654040101,me,148,0.41,53.12464054447849,enthusiastic,6,1,day,1,0,interested,0,0
46,11.731404886300687,them,5,0.49,109.50162553442544,dry,9,1,day,0,0,casual,0,1
11,69.2438752778126,me,145,0.87,103.29298142961122,neutral,0,0,day,1,0,ghoster,0,1
29,18.351836375481582,me,100,0.4,9.126900152640093,dry,6,0,day,0,0,ghoster,0,0
32,48.51174443004856,me,29,0.12,52.362976198791614,enthusiastic,1,0,day,0,0,casual,1,1
33,55.36700525628878,me,16,0.43,18.926566670225895,dry,4,1,night,0,0,ghoster,0,1
19,25.87033458218418,them,42,0.09,17.77682965092056,dry,3,1,day,0,1,dry_texter,0,0
17,18.367832107803885,them,11,0.88,84.47483993299178,enthusiastic,9,1,day,1,0,casual,1,0
23,2.1482722986961864,them,3,0.59,97.57504908075676,enthusiastic,5,0,night,0,1,dry_texter,1,1
41,39.33950681871015,them,147,0.65,58.966276874312,dry,9,1,day,1,0,interested,1,1
29,65.3544760274712,me,81,0.85,81.2634680686175,enthusiastic,8,1,night,1,1,interested,0,0
19,35.666572526148286,them,32,0.47,35.9256812110784,enthusiastic,6,1,day,0,1,casual,1,1
25,27.860128714677682,them,112,0.01,23.567276475612367,enthusiastic,8,0,night,1,1,ghoster,0,1
32,53.712829555251766,them,12,0.16,107.72466768552978,neutral,2,0,day,0,1,casual,1,0
48,28.10003927232509,me,1,0.52,89.66985661233343,enthusiastic,9,1,night,0,1,casual,1,0
1,45.06749476431756,me,85,0.2,11.431137609643631,enthusiastic,1,1,night,1,0,dry_texter,0,1
16,10.75845683466663,me,2,0.6,106.09979526310556,enthusiastic,4,1,day,0,1,interested,1,1
32,36.86354643118439,them,178,0.91,103.11618020700888,enthusiastic,10,1,night,0,1,interested,1,1
10,16.422193278942448,me,126,0.62,68.33609545226224,enthusiastic,8,0,day,0,0,ghoster,1,1
30,37.39091676182819,them,56,0.68,44.03300493931949,neutral,7,1,night,0,1,casual,0,1
13,53.92695151655427,them,161,0.15,37.98715094593084,enthusiastic,2,0,night,0,1,interested,1,1
12,39.85477854175451,them,12,0.98,30.96007493907752,neutral,3,0,night,0,0,dry_texter,0,1
3,38.323937306197685,them,77,0.32,83.8593088426268,enthusiastic,7,0,day,0,1,dry_texter,1,1
25,39.99206383461771,me,27,0.37,90.2577842579216,dry,6,0,day,0,1,dry_texter,0,0
15,0.27307067633467863,me,4,0.81,10.712724424944746,neutral,5,0,night,1,1,ghoster,0,0
40,61.21467687543774,me,32,0.68,44.12852726122003,dry,3,1,night,0,1,ghoster,1,1
41,21.783209266458716,them,78,0.6,60.06379614287087,enthusiastic,8,1,night,0,0,ghoster,1,1
9,8.3234607158425,me,128,0.61,26.86469546187667,neutral,3,0,night,1,0,casual,1,1
21,19.010783792181627,me,113,0.01,54.60580523015559,enthusiastic,1,1,day,1,1,dry_texter,1,0
2,15.924965001595254,them,106,0.86,117.85978375908807,neutral,6,0,day,1,1,casual,1,0
12,56.69594443958768,me,31,0.58,111.42382326938711,enthusiastic,6,0,night,1,1,casual,0,1
1,65.25434426631207,them,165,0.59,100.78474103864842,enthusiastic,2,0,night,1,1,interested,0,1
13,18.170965962462805,them,53,1.0,63.0050835576156,enthusiastic,4,0,day,1,1,dry_texter,1,0
25,53.95402652712766,them,143,0.68,57.386925884335625,enthusiastic,0,1,day,1,1,interested,1,1
24,53.144140354621776,them,147,0.93,20.863469285644044,enthusiastic,3,1,day,0,0,ghoster,1,1
32,28.781934925970063,them,134,0.49,59.08580563639671,enthusiastic,3,1,night,0,0,dry_texter,1,1
15,55.75894321955623,me,141,0.65,96.13423493829247,dry,6,1,day,0,0,interested,1,1
2,2.387367239343625,me,21,0.22,13.64520736622185,neutral,8,0,night,1,0,casual,1,1
17,71.48324646146504,me,23,0.0,87.40854586977035,neutral,1,1,night,1,0,dry_texter,0,0
6,24.66914748139192,them,58,0.53,110.73436504739959,neutral,7,1,night,0,1,ghoster,0,1
12,54.84063230413461,them,47,0.43,27.622797535960252,dry,0,1,night,1,0,dry_texter,0,1
49,46.4835026428893,them,175,0.44,24.260841218216267,neutral,7,0,day,0,1,dry_texter,0,1
14,45.025228218756325,me,187,0.84,50.23134614935278,enthusiastic,6,1,night,1,0,interested,0,0
23,36.06872161665678,them,152,0.29,26.292038380490435,enthusiastic,3,1,night,1,1,interested,1,1
43,30.54939019472523,them,153,0.39,104.75343283281508,neutral,5,1,night,1,1,dry_texter,0,1
48,17.18016525958097,them,65,0.86,78.08516318569622,enthusiastic,10,0,night,0,1,casual,1,1
18,48.9042769960014,them,81,0.88,77.36024886537695,neutral,5,0,day,1,1,dry_texter,0,0
1,26.97101992762974,me,51,0.73,45.252942644541186,neutral,9,0,day,0,0,ghoster,0,1
18,58.422415377332484,me,122,0.22,25.874796417267216,neutral,1,1,day,1,0,casual,0,1
3,57.75592289226358,me,105,0.36,28.424856390450636,enthusiastic,7,1,day,0,1,ghoster,0,1
26,62.1913678578706,me,64,0.22,102.9962949026045,dry,7,0,night,1,0,dry_texter,0,1
19,58.907646855202216,me,14,0.88,3.5166480564003537,enthusiastic,7,1,day,1,0,dry_texter,1,1
30,34.255913203479835,them,52,0.52,119.50555047460661,dry,6,0,night,1,0,dry_texter,0,1
34,42.48303180297383,them,6,0.95,109.44288758880393,enthusiastic,10,0,night,0,0,ghoster,1,1
49,33.87205985451717,them,22,0.64,109.80199966767577,enthusiastic,10,0,day,0,0,ghoster,0,0
32,33.24389197122946,them,154,0.64,62.98915735544052,neutral,10,0,day,0,1,ghoster,0,1
50,70.50321043165742,them,149,0.07,6.339542565705257,neutral,10,1,day,0,1,dry_texter,1,1
35,49.01258556898749,them,113,0.53,32.99964921893587,dry,0,0,night,1,1,casual,0,1
1,62.49432114478862,them,159,0.13,22.97963084410619,dry,9,0,day,0,1,casual,0,1
48,68.27206586267732,them,127,0.74,39.7490212975994,enthusiastic,8,1,night,1,0,dry_texter,0,1
41,2.424550899893564,them,112,0.01,85.876267084159,neutral,2,1,day,0,1,casual,1,0
39,47.40454546225403,them,98,0.2,3.538363823056026,enthusiastic,2,0,night,1,1,dry_texter,0,0
38,8.448440088582805,them,71,0.81,101.14893634732398,dry,10,1,day,0,0,interested,1,0
36,70.30023797109537,them,2,0.02,16.234718388742742,dry,10,0,day,1,0,interested,0,1
16,65.52342812474562,me,89,0.3,35.258312414207836,neutral,3,1,night,1,1,casual,0,1
46,23.72459076301829,them,61,0.53,13.492378209493898,dry,8,0,night,0,0,casual,1,1
7,36.319915836432955,me,93,0.37,56.57751263366471,neutral,8,0,night,1,0,casual,0,1
40,23.64082495002117,them,68,0.74,54.964433060094656,dry,10,1,day,1,1,interested,1,0
9,47.11730964766556,them,105,0.71,5.887456918075107,neutral,0,1,night,1,1,dry_texter,0,1
22,36.597852325261634,me,16,0.51,85.70486526905307,enthusiastic,2,1,night,1,1,ghoster,0,1
24,41.35852193027246,me,95,0.28,85.2566863967416,dry,3,1,day,1,0,ghoster,1,1
19,62.93994015326532,them,154,0.98,66.14288173633223,neutral,9,1,night,1,0,ghoster,0,1
43,60.8727102516419,me,40,0.33,70.74868029578496,neutral,0,0,night,1,1,dry_texter,0,1
10,65.61119365586481,me,126,0.15,58.4383804446369,neutral,3,0,night,1,0,casual,0,1
4,24.40690753139609,them,87,0.56,95.04638256493968,neutral,5,1,night,1,0,interested,0,0
24,57.19190327708699,them,180,0.97,91.95049145325171,neutral,8,0,night,0,1,interested,1,1
6,34.10275344843566,them,85,0.68,67.5394952014546,dry,1,1,day,0,1,ghoster,0,1
5,48.11253548382128,them,10,0.52,114.72405425949847,enthusiastic,8,1,day,0,0,dry_texter,1,0
7,26.598531697450344,me,45,0.04,49.30177061199561,dry,0,0,day,0,1,casual,0,1
16,39.12071025637665,them,133,0.17,78.93111213534824,dry,8,0,night,1,1,interested,0,1
48,63.50185271839631,me,190,0.01,28.67768861784294,enthusiastic,1,0,night,0,1,ghoster,0,1
18,61.07238383709637,them,119,0.65,24.100802579619067,enthusiastic,2,1,night,1,0,ghoster,0,1
36,34.154748260536266,them,70,0.61,21.083003476417883,neutral,8,1,day,1,1,ghoster,0,1
22,17.95113932053227,them,85,0.81,49.001667805040874,enthusiastic,2,0,night,0,0,ghoster,1,1
37,57.974677763896125,them,197,0.96,47.24351374407314,neutral,10,0,day,0,0,casual,1,0
9,19.17285671552288,them,36,0.19,7.24185002565542,neutral,3,0,night,1,0,ghoster,0,1
20,50.89277505572176,them,127,0.5,7.123473699844144,neutral,5,1,night,1,1,ghoster,0,1
30,36.17392965962631,me,14,0.89,41.141573898385154,enthusiastic,2,1,night,1,1,dry_texter,0,1
11,33.61623450087241,them,106,0.11,115.49332884470203,neutral,3,1,night,0,0,interested,1,1
17,32.825742807282786,me,95,0.14,30.697675576581492,dry,10,0,night,0,1,ghoster,0,1
36,23.004324522433198,me,161,0.26,23.316898439679218,dry,2,1,night,1,0,casual,0,1
18,9.277683309606626,me,141,0.1,48.86319628228482,enthusiastic,8,0,night,0,0,dry_texter,1,1
42,56.05250617868469,them,149,0.83,49.36507439658112,enthusiastic,9,0,night,0,1,interested,1,1
8,57.727669871412886,me,82,0.9,60.95222345571292,dry,0,1,day,1,1,dry_texter,0,1
10,64.59283137351292,me,28,0.4,70.93320366916919,neutral,5,0,night,0,1,ghoster,0,1
40,9.090644955112179,them,64,0.8,22.37421266167136,neutral,6,1,night,0,0,casual,1,1
33,1.5962874154257394,me,65,0.45,40.47906752874165,dry,6,1,day,0,0,ghoster,0,1
21,8.116892341938417,me,92,0.9,101.60958796885265,enthusiastic,6,1,day,1,0,dry_texter,1,1
45,37.62360232006228,them,117,0.87,72.26056709222884,dry,3,1,day,0,0,interested,1,1
45,23.016367060831737,me,108,0.33,98.30623782181546,neutral,9,1,day,0,0,casual,1,1
48,38.03908330542396,them,161,0.93,40.379196449865795,dry,9,0,day,0,1,interested,0,0
35,36.318546133935115,them,26,0.05,27.341550891496247,neutral,6,1,day,0,1,casual,0,1
45,21.791163071487546,them,180,0.87,1.3448802660333379,enthusiastic,4,0,night,1,0,ghoster,0,1
30,0.7721279535346692,them,113,0.06,98.45089604622426,neutral,9,0,day,0,1,interested,1,0
7,32.68896069570306,them,96,0.04,72.91246875549,neutral,3,0,day,0,0,dry_texter,0,1
39,55.3736212214092,me,64,0.72,9.762691863529414,enthusiastic,3,1,night,1,0,dry_texter,0,1
41,21.313100478213286,them,39,0.98,40.75182545886287,dry,5,1,day,1,1,dry_texter,1,0
35,63.41300796462849,them,109,0.15,113.07324820628274,dry,7,0,day,1,0,casual,0,1
5,8.732235911489546,them,132,0.86,3.3761167675327943,dry,0,0,night,0,0,dry_texter,0,1
4,3.5272190482148993,me,35,0.5,49.33974395950021,dry,8,0,night,1,1,ghoster,0,1
30,9.657479541238889,them,130,0.13,115.10291381155139,dry,9,1,night,1,1,ghoster,1,1
39,26.065222472732728,me,152,0.82,18.76627020830915,neutral,1,0,night,1,0,ghoster,0,1
23,3.231632199190318,them,92,0.11,56.57009523282869,neutral,8,1,night,0,1,interested,1,0
33,32.34777167408769,them,128,0.45,29.412210043401206,enthusiastic,9,1,night,0,0,dry_texter,1,0
23,10.410863277744735,me,21,0.61,8.328258506554107,neutral,4,1,day,0,1,ghoster,1,1
13,15.178958435419094,me,174,0.04,75.62651883125238,dry,8,1,day,0,1,ghoster,0,1
24,16.71428162567589,them,85,0.18,83.05596664121806,dry,2,1,night,1,1,interested,1,1
38,14.181686259117445,them,32,0.45,68.89966610709567,dry,2,0,day,0,1,ghoster,0,1
37,46.873629897363585,them,96,0.84,77.65625731018436,dry,5,1,night,1,1,interested,0,1
14,21.730280385413845,them,53,0.35,60.845612034753714,enthusiastic,1,0,night,1,1,interested,1,1
40,19.56052128315705,me,188,0.79,46.283676940138434,enthusiastic,5,1,night,1,0,dry_texter,1,1
30,70.30660343425718,them,84,0.02,69.14297636093964,neutral,3,1,night,0,0,interested,1,1
31,18.75186375380182,me,90,0.28,70.5598197272434,dry,0,0,day,1,0,casual,0,1
24,32.277468308220826,them,54,0.53,95.79237696403905,enthusiastic,1,0,day,1,1,interested,0,1
6,62.68676196331494,them,74,0.84,105.57595015143467,dry,6,0,night,1,1,dry_texter,0,1
15,24.60114743598932,them,100,0.62,83.7962199910316,dry,10,0,night,0,1,interested,0,1
25,65.74101433506787,them,67,0.47,6.900896659257527,enthusiastic,0,1,day,0,0,interested,1,0
22,9.60923914140627,them,162,0.76,11.163509466389685,dry,0,0,day,1,0,ghoster,0,1
22,31.40082438456032,me,136,0.73,108.97448582915479,neutral,1,0,day,0,1,ghoster,0,1
39,57.60894491012153,me,85,0.9,83.900447020852,neutral,8,0,night,0,1,ghoster,0,1
20,42.67070809629757,me,22,0.81,103.6716514290947,enthusiastic,10,0,night,0,1,interested,1,1
33,69.22638149597365,them,148,0.58,70.0780432999034,neutral,2,1,night,0,0,interested,0,0
3,10.954570261524324,them,180,0.31,74.57421093868781,enthusiastic,8,1,night,1,1,interested,1,1
8,17.805092809120943,them,118,0.89,39.90690262601841,enthusiastic,1,1,night,1,0,dry_texter,1,1
7,7.0829239318485735,me,133,0.31,17.349884844643384,dry,5,1,day,0,1,casual,1,0
10,63.461370917484096,them,102,0.17,47.7748141044156,dry,10,0,day,0,0,dry_texter,0,1
16,38.65653674693147,them,11,0.81,57.416340029231854,dry,4,0,day,1,1,ghoster,0,1
32,35.0492297869517,me,20,0.04,78.38435572554853,dry,4,0,day,0,0,interested,0,1
49,43.08095815373436,them,38,0.28,55.9722923615195,dry,5,1,day,1,1,dry_texter,0,1
38,48.30565535225326,me,125,1.0,52.69383203642243,enthusiastic,3,1,day,0,0,casual,0,1
13,69.85773718569037,me,199,0.83,66.36439714922223,neutral,8,0,night,0,1,casual,0,1
42,16.630917412737556,them,149,0.24,98.6536187499507,enthusiastic,6,0,day,0,1,casual,1,0
31,70.8052024061718,me,127,0.48,1.7294647251255526,enthusiastic,8,1,night,1,0,dry_texter,0,1
50,5.089875825591153,me,84,0.91,43.649954078213554,enthusiastic,4,1,night,1,0,casual,0,0
13,50.97470642990594,them,157,0.07,36.00328646939861,enthusiastic,6,0,night,0,0,interested,1,1
28,16.515245176382365,them,188,0.61,113.1910028648879,neutral,0,1,day,1,0,ghoster,0,0
27,62.364429492864744,them,129,0.79,56.46850120527033,dry,3,0,day,0,0,interested,1,0
42,52.23454672883896,me,91,0.94,37.557685407211764,neutral,10,1,day,0,0,casual,1,1
32,64.1626398772409,me,19,0.09,73.15273875825301,dry,3,0,day,1,0,casual,0,1
38,63.98065008728162,me,7,0.23,111.40572677085628,dry,8,0,day,1,1,dry_texter,0,1
33,11.020747467336886,me,181,0.25,65.73283038572984,neutral,0,0,night,1,0,ghoster,0,1
13,13.22760706158844,me,73,0.57,69.2991372191267,dry,3,0,day,1,0,dry_texter,0,1
9,7.522092663674907,them,93,0.07,6.353152325525589,dry,4,1,day,0,0,dry_texter,1,1
48,32.77547974234952,them,35,0.05,57.21064029947569,dry,10,0,day,1,1,ghoster,0,1
46,37.63689250985607,them,184,0.55,102.03009542791095,neutral,7,1,night,1,1,interested,1,1
14,43.66594569882173,me,137,0.97,27.56156313532716,neutral,10,0,day,1,1,casual,1,1
48,36.09297953182476,me,166,0.74,55.293152798470885,enthusiastic,3,1,day,0,1,ghoster,0,1
7,25.044189982852632,them,82,0.51,74.75815444388975,enthusiastic,1,1,day,1,0,interested,1,1
16,42.014102795380495,them,21,0.67,38.62781476935625,dry,6,0,night,1,1,interested,1,1
50,25.56831471770873,them,144,0.66,23.12345601294344,enthusiastic,5,1,night,1,0,dry_texter,0,0
34,50.990861138184854,them,117,0.47,116.1546288273999,enthusiastic,8,0,day,0,0,interested,1,1
2,55.37005184917868,them,127,0.76,9.098060469872053,dry,2,1,night,0,1,dry_texter,1,1
7,67.86797755894116,me,178,0.99,66.68226053472817,neutral,7,0,night,1,1,casual,0,1
32,4.2691764391265545,them,145,0.55,56.932256376576,dry,0,0,night,1,0,casual,1,1
43,21.150552333424073,me,119,0.24,37.64697075614919,neutral,10,1,night,1,0,casual,1,1
7,57.80152941801173,them,160,0.59,89.14166540298704,enthusiastic,9,0,night,1,0,dry_texter,0,1
44,13.798750372689401,me,131,0.43,117.33401201159558,dry,2,0,day,1,1,ghoster,0,1
24,42.8167704180517,them,15,0.02,33.27604006828307,neutral,4,0,day,1,1,ghoster,0,0
22,15.118915582864446,me,81,0.09,78.2790301065051,dry,3,0,day,1,1,interested,1,1
41,9.900621965522266,them,3,0.49,30.49374379741875,neutral,10,0,day,0,1,casual,1,0
28,56.460655829137195,them,168,0.99,30.07693796637111,neutral,3,1,day,1,1,interested,1,1
49,44.72451651918165,them,70,0.73,50.157364690755585,enthusiastic,1,1,night,1,0,ghoster,0,0
26,38.157678970412704,them,16,0.53,33.09567036725737,enthusiastic,9,1,day,0,0,casual,1,0
33,4.02936978596329,me,172,0.74,75.80116883410415,enthusiastic,2,0,night,0,1,dry_texter,1,1
44,63.54141563329521,them,55,0.36,94.81514565648118,neutral,2,1,day,1,1,ghoster,0,1
25,19.047118732268395,me,9,0.31,34.59509127587949,dry,0,1,day,1,0,ghoster,1,1
24,58.04837466985329,me,128,0.46,28.11652300084921,enthusiastic,5,1,night,0,0,casual,1,0
24,18.23624457648013,them,188,0.2,52.77260219439333,dry,6,0,day,0,1,ghoster,1,1
43,67.54146260230554,me,181,0.48,24.953726916019964,enthusiastic,6,0,day,0,1,interested,1,1
38,21.39457864872977,them,69,0.94,55.73157239899399,enthusiastic,5,0,day,1,0,ghoster,0,1
20,43.52378012465498,them,183,0.62,101.28408670659239,enthusiastic,8,0,day,1,0,interested,0,0
10,31.64031961942478,me,136,0.23,102.15077166455107,enthusiastic,4,0,day,0,0,ghoster,0,1
27,66.10478182681271,them,182,0.03,80.29138910722713,dry,4,1,night,1,0,interested,1,1
2,25.215481284794073,me,182,0.87,16.61957875114487,enthusiastic,9,0,day,1,1,dry_texter,0,1
46,68.21084554275791,them,200,0.93,50.97987829412378,neutral,4,0,day,0,1,dry_texter,0,1
30,13.933894907395867,me,184,0.44,115.64340489132616,enthusiastic,6,0,day,1,0,interested,1,0
5,18.53709690233411,them,179,0.52,114.81317979386304,enthusiastic,10,1,night,0,1,interested,1,0
23,13.069091322345301,me,17,0.56,27.415778499902952,enthusiastic,9,1,day,1,0,casual,1,0
9,44.08565558713722,me,71,0.94,89.30714116282437,enthusiastic,5,0,day,1,1,interested,0,0
4,33.98895593623459,me,8,0.56,75.76242193455325,dry,2,0,night,1,0,casual,0,1
3,9.461151785325699,me,20,0.81,97.47223564133854,enthusiastic,8,1,night,0,1,dry_texter,1,0
36,37.85578691040637,me,112,0.86,106.43274153021007,neutral,1,1,night,0,0,dry_texter,1,1
41,39.33069013409448,them,167,0.35,84.37947669612643,neutral,5,1,night,0,1,interested,1,1
12,64.89049883085303,them,106,0.62,81.58139782256026,dry,7,0,night,1,0,interested,0,0
15,46.89367097502835,them,196,0.66,109.68324000740205,enthusiastic,4,1,day,0,1,ghoster,1,1
37,65.10613075368511,me,109,0.78,110.65280311372295,enthusiastic,6,1,night,0,1,ghoster,0,1
24,38.3686873812669,them,70,0.62,114.97059624210878,dry,0,1,night,1,0,ghoster,0,1
38,32.40119784127328,them,56,0.45,7.233802934177461,dry,4,0,day,1,1,dry_texter,0,1
17,70.71671654114903,them,140,0.01,53.40710845087774,neutral,0,1,day,1,1,interested,0,1
12,70.97402041488799,me,194,0.05,116.52085860849328,dry,10,0,night,0,1,ghoster,0,1
5,11.109543363673371,me,2,0.03,93.87098990848811,neutral,10,1,day,1,0,casual,0,1
1,41.784034362844764,me,86,0.92,97.53251857299658,dry,6,0,day,0,0,dry_texter,1,0
22,47.10498700746496,me,151,0.52,52.608274162865285,enthusiastic,4,1,night,0,1,interested,1,1
18,56.676921436579256,me,114,0.03,7.054924616874415,neutral,9,0,night,1,1,casual,0,1
25,17.162033649301858,them,112,0.19,10.440956725767967,neutral,7,1,night,0,1,dry_texter,0,0
10,20.9138380195389,them,79,0.07,21.27045086916466,enthusiastic,5,0,day,1,0,ghoster,1,1
6,45.57548841531866,me,53,0.71,69.5727757027205,enthusiastic,8,0,day,1,0,interested,0,0
43,50.114887300758866,them,184,0.27,61.86330209500738,neutral,6,1,night,0,1,dry_texter,1,0
1,21.362464060834434,them,141,0.59,28.45011679553166,dry,1,1,night,1,1,ghoster,0,1
26,67.11936362695603,them,185,0.43,48.703614439800376,neutral,7,1,day,1,0,interested,0,0
38,31.37690393910765,them,83,0.93,9.402547191309642,neutral,0,1,night,0,1,casual,1,1
28,5.544359218028264,them,178,0.04,106.95893045717169,dry,9,1,day,1,1,interested,1,1
28,14.556186095321548,me,63,0.16,104.13975791214922,neutral,3,0,day,0,0,casual,1,1
33,18.924848557547037,me,103,0.35,60.71032957197332,neutral,5,1,night,1,0,dry_texter,1,1
13,29.66890665754765,them,65,0.35,85.19384889669817,enthusiastic,3,1,day,1,0,ghoster,0,1
26,68.77730678426775,them,64,0.66,25.196712576883762,enthusiastic,9,1,night,1,0,ghoster,0,0
3,49.86004317426693,me,199,0.82,88.46122154167021,dry,4,1,night,1,1,casual,0,1
19,9.891948454649908,them,30,0.49,71.1927126456152,dry,6,1,day,0,0,casual,1,0
39,54.64815262098038,them,185,0.74,103.80107122762212,dry,3,1,day,0,0,interested,0,0
41,19.729167526443725,them,188,0.8,21.411102647519996,neutral,4,1,day,0,0,interested,1,0
39,15.273906282705067,them,10,0.52,35.265913825069795,enthusiastic,2,1,day,1,0,interested,0,1
21,67.99677990055936,them,17,0.67,107.38224368538984,dry,2,1,night,0,1,interested,1,1
14,53.10009037280531,me,48,0.52,102.74127189462358,enthusiastic,9,1,day,0,1,dry_texter,1,0
40,0.8657738693067714,them,25,0.67,21.692939713877028,enthusiastic,5,0,day,1,1,casual,1,1
29,9.1637131568383,them,122,0.95,41.16883500023474,neutral,8,0,night,1,0,casual,0,1
16,41.76703649487508,me,156,0.27,56.057888256225944,dry,2,0,night,0,0,casual,0,1
4,31.439811314247695,them,159,0.85,65.21169508784644,enthusiastic,10,1,day,1,1,ghoster,0,1
9,43.417523430813205,me,57,0.45,14.318734079227237,enthusiastic,1,0,night,1,0,dry_texter,0,1
12,6.067856735464094,me,108,0.94,23.249797396211875,dry,0,1,night,0,0,interested,1,0
14,28.245310628617464,them,65,0.21,20.08380188123207,enthusiastic,6,0,night,0,0,interested,1,1
29,28.65408918024469,me,82,0.16,61.52486964753211,enthusiastic,8,1,night,1,0,interested,0,1
3,1.0270607705343622,me,16,0.67,26.19306126581294,dry,5,1,night,1,1,dry_texter,1,1
43,22.252765755375805,them,168,0.03,35.42609493905234,neutral,10,0,day,0,1,ghoster,0,1
34,20.523289706973433,me,86,0.3,49.88740774576951,dry,5,0,night,1,1,casual,1,0
24,7.792220478562839,them,102,0.57,47.00596984265798,enthusiastic,9,1,night,1,1,interested,1,0
15,50.78441560091681,them,191,0.31,22.69825877811683,neutral,4,1,day,0,0,casual,1,0
22,25.425111730075738,them,185,0.2,77.29971007648817,dry,7,1,night,0,1,interested,1,0
40,60.93028922359804,me,140,0.08,95.01895074483815,dry,2,0,day,0,0,dry_texter,0,1
39,11.003690153107659,them,9,0.09,118.72052324690861,enthusiastic,4,1,day,1,0,ghoster,0,1
13,43.44892951786023,them,138,0.93,79.44847122466446,enthusiastic,4,1,night,1,0,interested,0,1
28,70.59902987058089,them,156,0.31,67.87897801708982,neutral,10,0,night,0,1,casual,0,0
21,24.148099196763784,me,86,0.79,51.833663818649306,enthusiastic,7,0,night,1,0,casual,0,0
11,35.124596846427224,them,184,0.83,50.1314710952015,enthusiastic,9,0,night,0,1,ghoster,1,1
17,63.01717733742092,them,107,0.4,6.470769040727065,dry,4,1,day,0,1,ghoster,0,1
34,50.06857977485644,them,158,0.97,33.34885785469216,neutral,9,1,day,0,1,interested,1,1
6,16.527450442611514,them,70,0.05,67.81210100670911,enthusiastic,3,0,day,0,0,interested,1,0
5,57.92406971555829,me,127,0.97,72.69366967204067,dry,10,0,day,0,0,interested,1,1
2,0.42507843045274285,me,62,0.58,44.293678619536735,dry,1,0,day,1,0,interested,1,1
32,3.276111880083013,me,32,0.55,109.9015729557515,neutral,2,0,day,0,1,interested,0,0
32,45.76348238478905,them,148,0.7,2.635206669036321,enthusiastic,0,0,day,1,1,dry_texter,0,1
19,61.19539116502802,me,66,0.99,94.31479908377185,enthusiastic,7,0,night,0,1,dry_texter,0,1
41,4.217931335042911,them,3,0.13,17.73515924387874,dry,0,1,day,0,0,interested,1,0
46,40.888914750433734,me,46,0.84,20.960017707030907,neutral,10,0,day,1,0,casual,0,1
49,25.221830706722745,them,99,0.16,18.559097133646393,dry,2,0,day,0,0,ghoster,0,1
48,15.48756954116747,them,127,0.68,13.08016006772738,dry,6,1,day,0,1,ghoster,0,1
39,0.5082711944380689,them,25,0.33,61.356920363308916,neutral,2,1,night,0,0,casual,1,0
22,15.027531788733492,me,73,0.95,2.419150322382638,dry,1,1,day,0,1,interested,0,0
21,11.794798250778715,them,106,0.93,54.143136228709544,dry,7,1,night,1,1,interested,1,1
42,32.36443755235257,them,169,0.29,5.800164039651717,enthusiastic,3,1,night,0,0,ghoster,0,1
29,17.450973771132595,me,141,0.19,4.070049040159404,enthusiastic,8,0,day,0,1,interested,1,1
28,64.46816299909486,them,137,0.03,106.40959901017074,enthusiastic,0,1,day,0,1,interested,1,1
18,61.62199148885443,them,20,0.72,55.84570553775011,enthusiastic,6,1,night,1,1,ghoster,0,1
17,59.72104027891721,them,189,0.66,4.003541250830612,enthusiastic,4,0,day,0,0,interested,1,0
22,50.306472340933645,them,178,0.4,53.23839584376703,dry,9,1,day,1,1,interested,1,1
28,22.062501310107443,me,124,0.87,56.5374463815056,dry,2,0,day,0,1,dry_texter,0,1
30,47.312535239688394,them,49,0.73,8.058925721458863,neutral,10,0,night,1,0,dry_texter,0,1
40,43.753243737677785,me,56,0.63,41.3945836303375,neutral,10,0,day,1,0,casual,0,1
34,22.200105303056052,them,74,0.53,32.72148899065334,enthusiastic,7,0,day,1,1,dry_texter,1,1
27,47.628967945919285,them,43,0.79,19.50698676202608,dry,5,0,day,1,0,ghoster,0,1
16,19.45221865271925,me,30,0.26,105.42575549967522,dry,5,1,day,1,1,casual,0,1
34,40.07554279424613,me,56,0.19,55.665040037232544,neutral,4,1,night,1,0,dry_texter,0,1
7,33.637579146373604,them,148,0.26,119.00357629766955,neutral,7,1,day,0,1,casual,0,1
24,5.37079319076419,me,32,0.98,49.53658014163507,neutral,10,0,night,1,1,casual,0,0
29,52.44767647020083,them,55,0.65,74.99074249401846,enthusiastic,7,1,day,1,0,interested,1,1
42,5.42119706704839,me,72,0.48,68.6914836921784,enthusiastic,3,0,night,1,0,dry_texter,1,1
6,10.10261066311279,them,77,0.9,29.394822883543267,neutral,8,1,day,1,0,interested,0,0
1,30.655707883028104,them,30,0.73,45.93676613473377,enthusiastic,10,1,day,1,1,interested,0,1
32,43.035932576761795,me,99,0.34,51.54413561691092,neutral,7,0,night,0,0,interested,0,1
6,29.90267159920331,me,66,0.76,23.28232295314499,neutral,2,1,day,0,0,casual,1,1
40,39.45570836414164,me,96,0.04,55.98910958766033,neutral,6,1,night,0,0,interested,1,1
17,28.242474324975262,them,58,0.84,21.180008414061522,enthusiastic,8,1,day,1,1,casual,0,0
39,19.674760288752058,them,169,0.47,52.98120165159902,neutral,9,0,day,0,1,dry_texter,0,1
35,61.1004702142684,me,100,0.44,2.888420170668699,neutral,10,0,day,1,0,dry_texter,0,1
15,41.02563789493282,me,88,0.97,52.60442890455483,dry,2,1,night,1,1,interested,0,1
26,1.2305604315274499,them,84,0.85,95.86662126629174,dry,0,0,night,0,1,casual,0,1
7,37.90058167040672,me,72,0.35,35.91394892517738,enthusiastic,5,0,night,1,1,casual,0,1
30,54.99251482302338,them,10,0.82,87.0055716145532,neutral,10,1,night,1,0,ghoster,0,1
23,52.3742701580741,me,85,0.08,21.293365942216887,neutral,8,1,night,1,0,interested,0,1
31,42.40717117569586,me,160,0.27,82.5926457385231,neutral,5,0,day,1,1,dry_texter,0,1
10,4.3358792888756925,me,171,0.52,33.03538930064175,neutral,0,0,night,0,1,interested,0,1
31,64.00385605582427,me,178,0.54,9.23368634397344,dry,10,1,night,0,1,casual,0,1
48,12.065686058753126,them,16,0.51,17.74774080267711,neutral,3,0,night,1,0,interested,1,0
34,12.928184500715908,them,90,1.0,107.27907728265177,dry,10,0,day,1,0,interested,1,0
16,14.567933849617326,me,16,0.5,45.47085532347248,neutral,1,1,day,1,1,interested,1,0
6,16.021304621757977,me,188,0.16,109.11208355390187,dry,9,0,night,1,1,ghoster,0,1
22,55.097616767119995,them,97,0.31,42.482675914143236,neutral,9,0,day,1,0,dry_texter,0,1
47,7.994827745610954,me,36,0.38,25.313933166337,neutral,5,0,day,0,0,casual,0,1
24,48.86747865121742,me,80,0.97,62.88256033862544,neutral,0,1,day,0,1,dry_texter,1,0
29,20.263739732248318,me,82,0.63,15.672231762227806,neutral,4,1,night,0,0,ghoster,0,1
43,9.778303270250149,them,64,0.05,70.3927435691875,dry,6,1,night,0,1,casual,1,1
24,36.52180371165488,me,117,0.46,14.28713628006097,neutral,8,0,night,0,1,dry_texter,0,1
5,53.9380869485034,them,81,0.84,47.836464436058314,neutral,4,1,night,1,0,casual,0,1
11,21.82744889600286,me,189,0.53,59.966286816172655,neutral,5,1,night,0,0,ghoster,0,1
44,21.690803490981743,them,12,0.75,74.31179801977676,dry,6,1,day,1,0,casual,0,0
43,5.523681947757947,them,183,0.03,76.59424177511897,dry,4,1,day,0,0,ghoster,0,1
40,9.180192841114017,me,99,0.89,42.6559773034628,neutral,2,1,night,1,0,casual,0,0
33,24.368420856227587,me,91,0.68,51.32569114092802,neutral,8,0,night,1,1,interested,0,1
27,29.849975588148915,them,12,0.57,51.04875746497834,enthusiastic,3,1,night,1,0,dry_texter,0,1
5,15.774015001264324,them,107,0.98,23.296501075269006,neutral,5,0,day,1,1,ghoster,1,1
28,65.0549345080599,them,190,0.89,67.40711456463697,enthusiastic,6,1,night,1,1,casual,1,1
32,45.14216193309738,them,182,0.2,68.91371893235566,dry,2,1,day,1,1,casual,0,0
38,66.00343182482776,me,29,0.49,25.25214060239616,dry,9,0,night,0,1,interested,0,1
1,30.244405811610896,me,45,0.19,50.17413455574968,neutral,6,1,day,1,1,ghoster,0,1
34,22.275937271326125,me,1,0.8,105.70483204722089,enthusiastic,0,0,day,1,0,interested,1,1
29,21.931630181304232,them,53,0.75,39.66038455182048,enthusiastic,3,1,night,0,0,casual,1,0
28,61.70022394767415,them,130,0.67,50.156377151783154,dry,10,0,night,0,0,interested,1,0
32,57.25215193188593,me,54,0.64,51.44395147865709,neutral,3,1,night,1,0,interested,0,1
33,20.151438118611917,me,50,0.2,82.38034810475213,enthusiastic,0,0,night,0,0,ghoster,1,1
7,47.53082524584655,me,182,0.25,41.811038747513166,enthusiastic,7,1,night,1,0,dry_texter,1,1
24,29.002201170440138,them,143,0.06,94.97267860904347,dry,6,1,day,1,1,interested,0,1
16,36.55284860879567,me,2,0.91,9.786604725068285,dry,4,1,night,1,1,dry_texter,0,1
23,31.71336941274275,them,36,0.51,119.4192309514902,dry,6,0,night,1,0,casual,0,1
13,48.305013577468074,them,190,0.86,55.504187339176944,neutral,6,0,day,1,1,dry_texter,1,1
38,61.25870083651754,them,153,0.35,48.63320702785924,neutral,8,0,day,0,1,casual,0,1
6,11.104868694189761,them,8,0.42,13.623015492175275,neutral,10,0,night,0,1,interested,1,0
15,66.70197395712017,me,141,0.94,12.923546957052093,dry,2,0,night,1,1,ghoster,0,1
29,16.09525410277502,them,129,0.22,107.60225485760641,neutral,6,1,day,1,0,interested,1,0
13,42.404633621713245,them,123,0.03,32.016139399559215,neutral,3,0,day,1,1,interested,0,1
36,47.073775398380754,them,192,0.97,86.52312826863441,dry,5,1,day,0,0,dry_texter,1,1
28,60.41665607331866,them,33,0.32,118.14821223873795,enthusiastic,0,0,night,0,1,interested,0,0
39,56.69724358329843,me,11,0.03,110.04742459214427,enthusiastic,0,0,night,0,1,dry_texter,1,1
47,35.72257283613176,me,103,0.75,28.605277125637734,enthusiastic,10,0,night,0,0,interested,1,0
34,15.770528631869801,me,52,0.96,42.66818322212526,dry,10,1,day,1,0,interested,1,0
23,43.28378711355236,me,148,0.29,79.75795145118319,neutral,1,0,night,1,0,casual,0,1
44,30.149113469440408,them,100,0.85,5.316575968679719,enthusiastic,6,0,night,0,0,dry_texter,1,1
36,15.686458218322866,them,74,0.29,84.26685467842742,dry,0,0,day,1,0,casual,0,1
44,58.96402990993523,me,47,0.38,46.44362892091531,enthusiastic,2,0,night,0,1,dry_texter,0,1
7,5.592890638969663,them,131,0.41,41.593304880618476,neutral,6,1,night,0,0,casual,0,0
29,23.01046235766673,them,70,0.03,60.914291942754716,dry,3,0,day,1,0,ghoster,0,1
11,19.172765722072427,them,170,0.93,45.982603024779806,neutral,7,0,day,1,1,ghoster,0,1
20,22.777561012501423,them,92,0.77,43.29784516069955,enthusiastic,4,1,day,1,0,ghoster,0,0
8,58.77878264699167,them,27,0.76,13.260058689513922,dry,5,1,night,0,0,dry_texter,1,1
3,46.72867747035169,me,170,0.41,104.01343221011805,enthusiastic,0,0,day,0,0,dry_texter,0,0
33,68.6211083444914,me,64,0.92,36.60423214614346,enthusiastic,5,1,day,0,0,casual,1,1
50,23.113678936280774,me,87,0.08,103.76547502573676,neutral,7,0,night,0,0,casual,0,0
10,33.407082843664824,them,29,0.67,89.94548683564753,neutral,2,1,night,1,1,ghoster,0,1
31,1.7701529194152235,them,167,0.99,56.88047381245865,neutral,2,1,day,0,0,casual,1,0
46,69.33685836680583,me,36,0.51,83.96758380618832,neutral,2,1,day,1,0,dry_texter,0,1
11,22.917426577147843,me,22,0.26,1.428421483105037,dry,5,1,day,0,0,casual,1,1
40,0.6531534656980709,them,149,0.81,66.05296448018788,neutral,5,1,day,1,1,casual,1,1
34,30.08349171600173,them,138,0.31,35.76848744816673,enthusiastic,3,1,night,1,0,casual,1,1
12,37.487898908964645,them,102,0.47,105.13944716052099,dry,6,0,day,1,0,casual,1,1
11,53.58382436914347,me,132,0.77,29.03836760980762,dry,6,1,day,1,1,dry_texter,0,1
17,61.43281083512193,me,175,0.03,113.1914189033736,dry,1,1,night,0,1,ghoster,0,1
21,22.03394798346369,them,193,0.0,76.64365557151727,neutral,9,1,day,0,1,interested,0,1
28,5.745514889208424,them,188,0.98,50.334070495869184,dry,10,0,day,1,0,dry_texter,0,1
43,24.156032967165984,me,185,0.38,98.65708015827546,neutral,4,0,day,1,1,ghoster,0,1
15,61.0826394229769,me,20,0.43,7.661420919801062,dry,10,1,day,0,0,dry_texter,1,1
5,46.241215248408466,me,176,0.46,21.41283225542938,enthusiastic,5,0,day,0,0,dry_texter,0,0
7,18.185867718934677,them,60,0.93,79.18991997618122,dry,7,0,night,1,1,dry_texter,1,1
36,50.040021568090296,them,193,0.76,22.155002069749553,dry,2,0,night,0,0,dry_texter,1,1
8,69.99763162959339,me,107,0.61,20.78310192946764,dry,5,0,night,0,0,dry_texter,0,1
16,3.9007404579868075,me,94,0.05,90.92428194759782,neutral,4,1,day,0,0,dry_texter,1,0
44,60.46469194219808,them,165,0.39,31.56999162620244,enthusiastic,9,1,day,1,0,casual,1,1
7,20.69871991930163,them,168,0.25,16.23695744799962,enthusiastic,0,1,day,1,0,dry_texter,0,1
38,1.996687801266284,them,31,0.56,109.44533365336832,neutral,7,0,day,0,0,ghoster,0,1
7,49.810680845111705,them,32,0.48,30.919502821855946,enthusiastic,0,0,day,1,1,ghoster,0,1
34,28.52121609246642,them,194,0.21,35.958796530270796,neutral,9,1,night,1,0,ghoster,0,1
31,18.958790000190266,me,2,0.56,65.64451418211371,dry,6,0,day,1,0,dry_texter,1,1
26,1.3114473957175727,them,156,0.77,40.10449148338281,neutral,5,0,night,1,1,interested,1,0
34,5.0038220965504205,them,39,0.26,78.05551776188305,dry,3,1,day,1,1,dry_texter,1,1
40,15.855378097463635,me,160,0.76,43.58964728265401,enthusiastic,5,0,night,0,1,casual,1,0
19,50.7467555872015,me,24,0.08,74.70875257515847,enthusiastic,7,1,night,1,1,ghoster,0,1
18,54.781278985510646,me,148,0.98,55.5996957685584,dry,9,1,night,1,1,ghoster,0,1
3,47.759296882458656,them,6,0.34,25.465680093424886,neutral,8,0,day,0,1,interested,0,1
41,20.009793639997493,me,9,0.47,85.89574706939608,dry,1,1,night,0,1,interested,1,0
20,54.95022086091631,me,9,0.26,103.22237335507441,neutral,8,1,night,0,0,ghoster,0,1
36,69.75353040052269,me,43,0.85,91.21864781456645,enthusiastic,10,1,day,1,0,ghoster,1,1
44,71.95597827686869,them,95,0.19,85.87820027025236,dry,4,0,night,1,0,interested,0,1
32,59.153791732151305,them,193,0.62,31.398695970900445,enthusiastic,1,1,night,0,0,interested,1,1
3,10.727797099708042,me,14,0.73,38.16948121272002,dry,7,1,day,1,0,casual,0,1
20,11.078553979460537,me,191,0.27,119.39183568249756,enthusiastic,7,0,night,0,1,casual,0,1
18,32.06559190719582,them,131,0.9,55.911582920860646,enthusiastic,10,0,night,0,0,dry_texter,1,1
46,42.4865416584188,them,178,0.81,55.6912849271617,enthusiastic,5,0,night,0,0,ghoster,0,1
11,25.213987493108846,me,12,0.29,24.91640005368893,dry,6,1,night,1,1,casual,0,0
29,41.44703060006727,them,27,0.44,26.345903852681925,neutral,0,1,night,0,1,casual,0,1
33,39.438578347067285,me,125,0.91,49.457073628609955,neutral,2,0,night,0,0,dry_texter,0,0
15,41.367872750801375,them,131,0.31,51.09992366621188,neutral,2,1,night,0,1,ghoster,0,0
3,49.1078402303147,them,159,0.02,83.55085945172338,dry,5,1,day,0,1,interested,1,1
15,6.738961028232411,me,40,0.79,80.96978373524038,enthusiastic,6,1,night,1,1,dry_texter,1,1
18,11.287600615315974,me,178,0.86,117.36257646425376,neutral,3,1,day,0,1,interested,1,0
16,70.27183554787311,me,86,0.45,23.228118790489443,dry,6,1,night,1,1,dry_texter,0,1
29,0.8016800842362422,them,171,0.37,60.229388788338404,neutral,2,1,day,1,1,dry_texter,1,1
38,41.942804130097606,them,168,0.17,112.10637111095848,enthusiastic,6,0,night,0,1,ghoster,1,1
5,26.366722451837806,them,195,0.95,104.83412665783956,neutral,5,0,day,1,1,dry_texter,0,1
18,55.09664844362241,them,86,0.53,3.367379073914223,dry,9,1,night,0,0,casual,0,1
25,5.5400492476578105,me,180,0.8,52.352144126836485,neutral,3,0,day,0,1,ghoster,1,1
7,19.42355428649362,me,43,0.58,53.684692104189864,enthusiastic,8,1,day,1,0,ghoster,0,0
42,52.37330826334133,me,35,0.89,62.32384472404355,neutral,9,0,day,0,0,dry_texter,0,1
42,65.45364832301543,me,140,0.12,2.9133897790181233,dry,4,0,night,0,0,interested,1,0
42,37.31135168587706,them,152,0.59,76.53687724427101,dry,3,0,day,1,1,dry_texter,0,1
19,65.21166985461,them,109,0.78,18.15821217880172,dry,2,1,day,1,0,interested,0,0
17,42.10473126847043,them,154,0.07,21.487417997914154,dry,9,0,day,0,0,interested,0,1
44,25.484511402781383,me,195,0.42,43.17631809730283,enthusiastic,10,0,day,0,1,dry_texter,0,1
49,28.518691040057874,me,102,0.27,5.696299440229092,neutral,2,1,day,0,0,casual,1,0
36,66.05705925242765,them,66,0.09,23.175560274521136,dry,3,1,night,1,1,dry_texter,0,1
33,14.405587565271762,me,80,0.88,5.300275941575329,dry,5,1,night,0,1,dry_texter,0,0
28,44.05770370052242,them,98,0.61,22.15581085595677,enthusiastic,9,1,day,1,1,casual,1,1
31,24.51284617640158,them,32,0.53,73.94961417469428,enthusiastic,5,1,night,0,0,casual,0,1
44,70.06750757936369,them,34,0.56,44.17970525650743,dry,2,1,night,1,1,casual,0,1
42,20.29495634249781,me,160,0.07,89.41511798514813,dry,3,0,night,1,1,interested,0,1
31,34.70906548578123,me,193,0.05,111.27939823726975,dry,10,0,night,0,0,dry_texter,0,1
6,46.25358914830176,them,121,0.71,94.51592308941365,neutral,10,0,day,1,0,casual,0,1
17,9.226708009287751,them,123,0.45,22.593510838319144,neutral,4,1,night,1,0,casual,0,0
12,6.71288149942562,them,135,0.31,119.43841106553823,dry,6,0,day,1,1,dry_texter,1,1
19,33.27273809796754,me,95,0.66,95.19988585779825,neutral,7,1,day,1,0,casual,0,1
21,22.35503325854069,me,108,0.71,84.78518726530177,neutral,9,1,night,1,1,interested,1,0
46,29.827075524129285,me,58,0.87,39.742610041719864,enthusiastic,4,1,day,0,0,dry_texter,0,1
41,3.7194525472200652,them,118,0.21,59.00246982978826,neutral,2,1,day,1,1,dry_texter,0,1
30,41.05384670335361,them,142,0.63,19.290410842007407,dry,0,0,day,0,0,interested,0,1
39,4.155027899504405,me,82,0.09,59.12467852592617,enthusiastic,5,0,night,0,1,ghoster,1,1
43,36.81023526616713,me,183,0.27,112.86844596275307,enthusiastic,7,0,night,0,0,ghoster,0,1
45,42.41626290246492,them,109,0.35,79.44837115177906,enthusiastic,4,0,day,1,0,ghoster,0,1
42,15.634320544112068,them,53,0.76,28.96684616042711,dry,6,1,night,1,1,ghoster,0,1
25,57.53995898346848,them,137,0.85,39.39783174337813,dry,10,0,day,1,1,interested,0,1
44,45.19811073785733,me,106,0.09,79.58307152213794,enthusiastic,9,0,night,1,1,ghoster,0,0
43,19.652348296112166,me,192,0.09,15.245130504169614,dry,4,0,night,1,1,casual,0,1
13,27.85372992587788,them,184,0.14,44.12643315482917,enthusiastic,7,1,night,0,1,interested,1,1
32,12.661743980844445,me,168,0.6,97.5913776002001,neutral,4,1,day,0,1,interested,1,0
26,48.25291439225198,me,28,0.77,47.98837023191533,neutral,5,1,night,1,0,interested,0,1
26,15.67526936468688,me,16,0.65,24.90132707668942,dry,1,0,night,0,1,dry_texter,1,1
46,60.97362952421719,me,77,0.84,60.67011126773959,dry,3,1,day,1,0,ghoster,0,1
49,57.730552337245534,them,149,0.75,47.71547531663882,neutral,7,0,night,1,1,interested,0,0
25,43.8468533092861,me,84,0.29,66.34206368615185,neutral,0,0,day,0,0,interested,1,1
17,30.289857576930704,me,17,0.25,91.18351285798639,enthusiastic,4,0,night,1,1,interested,0,1
12,50.42769757679914,them,17,0.72,43.030027991407714,neutral,1,1,night,1,1,casual,0,1
35,23.26777190013818,them,172,0.03,118.6100223354375,neutral,3,0,day,0,0,casual,0,1
34,44.09757372621756,me,96,0.73,24.072492463433917,enthusiastic,10,1,night,1,0,ghoster,0,1
18,48.66394920584118,them,9,0.45,18.955977311187112,enthusiastic,3,0,day,0,1,interested,1,1
48,22.355933092202136,them,193,0.03,81.64025154912315,enthusiastic,1,0,night,0,0,interested,1,0
32,42.80693444170964,them,65,0.5,10.446142278644235,dry,7,1,night,0,1,dry_texter,0,1
29,31.87337920001265,them,59,0.2,58.06189110637973,dry,2,1,day,0,0,dry_texter,1,1
41,35.90903998636388,them,81,0.05,115.67199831147595,dry,9,1,day,1,0,dry_texter,0,1
42,40.58442704937498,me,153,0.08,43.292935512867295,enthusiastic,7,1,day,1,1,interested,0,1
39,40.078790237796575,them,193,0.3,117.26104896338919,dry,6,1,night,0,1,dry_texter,0,1
44,24.937577016855627,them,116,0.12,14.474546843580153,enthusiastic,9,1,night,1,1,interested,0,1
31,18.070154505803867,them,124,0.28,53.19200103867793,dry,1,0,day,1,1,ghoster,0,1
40,5.859608492252623,them,86,0.37,71.52266032685553,enthusiastic,8,0,day,0,0,interested,0,0
48,8.158317145308935,me,98,0.32,44.35413551957542,dry,5,0,day,1,1,casual,1,1
7,70.60864008740066,me,157,0.23,112.59064384637887,dry,6,1,day,0,1,casual,0,1
38,48.27932053061247,me,147,0.4,97.45574322801255,enthusiastic,2,0,night,0,1,ghoster,0,1
36,10.533611357474776,them,49,0.47,112.79445854996052,dry,0,1,night,0,0,ghoster,0,1
32,36.23362620435489,them,86,0.98,95.12462367604572,dry,10,1,night,1,0,ghoster,0,1
47,71.25032631975458,me,176,0.08,111.56050910451818,enthusiastic,3,0,day,1,1,casual,0,1
22,44.72294621101645,me,189,0.35,60.485147464327305,dry,7,1,night,0,1,casual,1,1
38,56.629748679217506,them,172,0.03,61.21646595656503,enthusiastic,4,0,night,1,1,casual,0,1
22,44.53831116198916,them,37,0.44,26.814089384532743,enthusiastic,5,0,night,0,1,interested,0,0
12,4.667461992224363,me,137,0.11,47.18706905211226,dry,8,1,day,0,1,dry_texter,1,1
8,20.792550790710106,me,80,0.08,57.30292523881472,neutral,3,0,night,0,0,dry_texter,0,1
33,14.701580274104938,them,200,0.93,62.39097049485825,dry,6,1,day,0,1,ghoster,1,1
24,71.68912335671828,them,145,0.36,94.37478097511925,enthusiastic,5,1,day,0,1,ghoster,0,0
3,12.876156446569304,me,7,0.63,109.5214659578998,neutral,8,1,day,0,1,ghoster,0,1
3,37.90043253848084,me,74,0.94,2.953523124482782,neutral,1,1,day,1,1,casual,1,1
50,48.99827178712132,me,23,0.34,44.64016180435331,neutral,6,0,day,1,0,dry_texter,0,1
20,24.171491263387374,them,9,0.95,66.89396846944211,dry,2,1,day,1,0,ghoster,0,1
42,25.07646224808203,me,174,0.23,78.99444103133109,dry,8,0,night,1,1,casual,0,1
48,7.004067144430849,me,135,0.73,29.049784962742844,dry,4,0,night,1,1,ghoster,0,1
3,18.709192348283143,me,152,0.91,85.49655714112508,dry,4,1,night,0,1,interested,1,0
4,40.65328158235229,them,54,0.07,99.1315445054731,enthusiastic,8,0,night,1,0,casual,0,1
39,7.817894525186615,me,141,0.1,7.5032438415035525,neutral,4,1,night,1,1,casual,1,1
27,7.77635968596199,them,104,0.59,54.83896937195059,dry,2,1,night,1,1,dry_texter,1,1
40,56.42238366974427,me,120,0.9,78.59145299521114,dry,5,1,day,1,0,dry_texter,0,0
50,18.178118230710965,me,107,0.33,101.9315463343574,neutral,1,1,day,1,1,dry_texter,0,1
39,65.0106749608499,them,190,0.6,87.67963981879402,neutral,4,0,day,0,1,interested,1,1
39,13.633251505807676,me,114,0.25,47.66905680878462,neutral,2,1,day,1,1,interested,1,1
28,18.830127513630504,them,1,0.8,52.80433486820117,dry,3,1,day,1,0,dry_texter,1,1
28,51.830816112275286,me,54,0.53,112.7236307160768,enthusiastic,5,1,day,0,1,dry_texter,0,0
31,24.427329186180476,them,103,0.9,60.89482534672998,dry,8,1,day,0,1,casual,1,1
45,47.8050521408902,me,126,0.53,13.533108035199897,dry,2,1,night,0,1,casual,1,0
47,30.92721074525692,them,112,0.88,40.95343052946764,enthusiastic,8,0,night,1,1,ghoster,0,1
18,43.71098539204441,me,19,0.2,59.18906925799536,enthusiastic,7,0,night,1,1,interested,0,1
29,46.52402767613909,me,196,0.19,23.775366656492903,neutral,1,0,day,1,1,interested,0,1
35,15.955788296741506,me,27,0.65,95.66317038061808,enthusiastic,1,0,day,1,1,dry_texter,1,1
4,62.547485117501374,me,129,0.53,83.48167020659714,enthusiastic,10,1,day,0,0,dry_texter,1,0
35,65.45437740374953,them,125,0.25,97.28523124235718,neutral,9,0,day,1,1,interested,0,1
4,20.85867014971987,me,37,0.41,118.67436761192637,dry,2,1,night,0,0,dry_texter,1,0
28,69.24000512188762,me,199,0.24,6.130337101971403,neutral,2,0,day,1,0,interested,0,1
42,1.2716296048256321,me,182,0.62,63.290951942288636,dry,9,1,night,0,1,ghoster,0,1
36,6.691890887332079,them,143,0.93,81.1604563818113,dry,1,1,day,1,0,ghoster,0,1
18,54.31881390685727,me,50,0.62,72.72985430319298,dry,0,0,night,1,0,ghoster,0,1
19,35.4555127959697,them,168,0.45,63.28884236690257,enthusiastic,8,0,day,0,0,ghoster,0,1
39,56.49625244352896,me,45,0.14,54.9681526780419,enthusiastic,2,1,night,0,0,dry_texter,0,1
19,35.229807849985534,them,75,0.23,11.152790033797421,enthusiastic,6,1,night,1,1,interested,1,1
48,70.72803225674433,them,56,0.4,118.45180843949107,enthusiastic,3,1,night,1,1,interested,1,0
24,2.7858576251565594,them,192,0.46,4.730499136683544,enthusiastic,0,0,day,1,0,interested,1,1
38,50.87616071122391,me,73,0.19,29.140727043814678,neutral,10,1,night,1,0,interested,1,1
44,14.392534548095067,me,84,0.19,102.05568778796093,neutral,2,0,night,0,0,interested,0,0
15,16.6394001872982,them,25,0.29,108.59254558696158,dry,3,0,day,0,1,interested,1,1
30,66.32932398594882,them,12,0.33,14.105969360791704,enthusiastic,10,1,day,0,0,interested,1,0
15,45.91351230281585,me,107,1.0,44.41138922552766,neutral,1,1,night,0,1,casual,1,1
12,58.052588186031315,them,123,0.99,7.4643738361108145,neutral,5,1,day,0,1,casual,0,1
6,47.829068166561505,me,95,0.47,60.30670847087048,dry,2,0,night,1,1,casual,0,1
34,44.96015079785978,me,103,0.82,66.9067342546742,dry,1,1,day,1,0,interested,1,1
45,58.02956548373461,them,94,0.89,115.97220953225927,neutral,3,0,day,1,0,ghoster,0,1
1,49.13230959706327,them,153,0.32,108.65886681771141,neutral,10,0,night,1,0,casual,0,1
32,29.03882264771435,me,119,0.03,13.407642100373456,enthusiastic,0,0,day,0,1,casual,1,1
42,6.3250498232658785,me,8,0.94,115.81236088894468,neutral,9,1,night,1,1,interested,1,0
48,65.587579241677,them,34,0.78,87.0130025134447,enthusiastic,7,0,night,0,0,ghoster,0,1
43,50.930202655824466,me,32,0.25,119.82934131689491,neutral,4,1,night,0,1,casual,1,0
19,9.093309621876099,me,21,0.42,61.83438501614086,neutral,0,0,night,0,1,casual,1,0
5,60.87608729494127,them,74,0.42,39.645460146745,dry,1,1,night,1,0,ghoster,1,1
45,63.47888332121091,them,168,0.1,27.628098602454532,enthusiastic,4,1,day,0,0,ghoster,0,1
28,41.515389294653865,them,116,0.75,7.3680512850405915,enthusiastic,8,0,day,1,0,dry_texter,0,0
32,17.312035509530382,them,180,0.22,118.3018138175652,enthusiastic,9,1,day,1,1,interested,1,1
24,60.241180787848066,me,171,0.81,84.5840797465949,neutral,0,1,day,0,1,interested,1,0
36,41.205477670954565,them,69,0.64,88.7924404352774,neutral,2,0,night,1,0,dry_texter,0,1
29,52.55434628605077,them,102,0.51,48.210654300546814,dry,9,0,night,0,1,interested,1,1
47,52.1045906722698,them,46,0.74,62.02314922126842,enthusiastic,0,0,night,0,0,interested,1,0
22,43.392654136174855,me,200,0.83,20.062673270332862,dry,1,0,night,1,1,ghoster,0,1
34,61.294507926482325,them,32,0.42,82.99894842355506,enthusiastic,1,1,day,0,1,casual,1,1
42,35.416640048784515,them,66,0.18,94.33872825687043,enthusiastic,4,0,day,1,0,interested,0,1
42,36.58931643355475,me,159,0.71,35.211120725224944,neutral,0,1,day,1,0,interested,0,0
44,39.41263648422167,them,156,0.8,85.02986484183687,dry,6,1,day,1,0,ghoster,0,1
7,30.40383748102486,me,33,0.58,11.123005602382415,neutral,1,0,day,0,0,interested,1,0
44,3.1932933093953464,them,104,0.97,34.191410188427284,enthusiastic,4,0,day,0,0,casual,1,0
16,37.7080246671129,them,181,0.86,57.46690451390224,enthusiastic,9,1,day,0,0,ghoster,1,1
34,14.767333288045197,me,32,0.23,118.50509913475184,neutral,8,0,day,1,0,interested,1,0
7,44.97084129375017,me,115,0.84,36.88993674609709,enthusiastic,9,0,day,0,1,dry_texter,0,1
8,6.891693175434376,me,115,0.06,30.774677778845167,neutral,6,0,night,1,1,dry_texter,1,0
21,65.79157674871327,them,83,0.65,61.416950790102376,dry,3,1,day,0,0,casual,0,0
9,52.4995196578667,them,126,0.48,117.0590778726838,dry,5,1,night,0,1,interested,0,1
16,15.578269284459667,me,115,0.77,46.37774706561035,neutral,10,1,day,1,0,casual,1,1
45,6.717518984681166,me,152,0.33,89.48402779702849,dry,9,0,night,0,0,casual,1,1
30,0.6063330749042706,me,125,0.57,78.60352696577972,dry,6,0,day,0,0,dry_texter,0,1
7,28.163071372664373,them,115,0.97,36.52968821011841,neutral,6,1,night,0,0,dry_texter,0,0
22,60.08241595087141,me,86,0.72,27.042355245100023,neutral,9,0,day,0,1,casual,0,1
36,58.5146886678276,me,60,0.31,117.06113318729665,neutral,0,0,night,1,1,dry_texter,0,0
45,51.7878999023237,me,187,0.45,36.03642908878875,dry,0,1,night,0,1,interested,0,0
27,34.8728696810055,them,3,0.56,21.74043573269161,dry,6,1,night,0,0,interested,1,0
3,25.1362508320535,me,100,0.63,3.273478045600843,dry,4,1,night,1,1,dry_texter,1,1
2,21.087989534073706,them,66,0.85,30.978398950168067,neutral,6,0,night,1,1,casual,1,1
39,10.22177617174963,them,102,0.42,38.634445963609906,neutral,0,0,day,0,1,dry_texter,0,1
7,57.06862457572516,them,91,0.18,79.28715209939338,dry,8,0,night,1,0,dry_texter,0,1
5,55.86354651900123,them,19,0.63,82.36775792142905,neutral,7,1,day,0,0,casual,0,1
26,33.9703145337818,me,93,0.31,45.71459738058733,neutral,8,1,night,1,1,ghoster,0,1
49,12.960958198407702,them,22,0.94,65.52684052380698,dry,8,0,day,0,1,casual,1,0
46,42.89016517121712,me,200,0.58,90.03177530562671,neutral,9,0,night,1,1,interested,0,1
49,62.20328229068107,them,104,0.23,116.48790299647581,enthusiastic,2,1,night,0,1,casual,1,1
17,61.46644140181076,them,53,0.45,6.389107847764007,dry,4,0,night,0,0,ghoster,0,1
29,31.335629836355572,them,111,0.43,114.09729297185734,dry,9,0,day,0,1,casual,0,1
40,15.16282481068464,them,112,0.86,60.049866896941744,dry,8,1,night,1,1,interested,1,1
14,57.34825617190633,them,125,0.05,37.05830268435796,neutral,7,1,night,0,1,interested,1,1
4,9.703382475576987,them,192,0.02,11.180664322056282,neutral,4,1,night,0,1,ghoster,0,1
32,18.600233825921926,them,192,0.55,43.475457922065424,enthusiastic,5,1,night,1,0,casual,1,1
22,1.899695992301842,them,56,0.78,82.6132708822848,dry,7,1,day,0,1,ghoster,0,1
46,39.98322231946099,them,41,0.74,77.76856830655909,neutral,6,0,day,1,1,interested,0,1
20,19.022606961048634,me,165,0.9,72.40787332152918,neutral,3,1,day,0,1,ghoster,0,1
50,33.626479812077804,them,36,0.28,13.634339265442891,neutral,9,0,day,1,0,ghoster,0,1
12,24.70372631945981,me,89,0.04,47.19545829419882,dry,5,1,night,0,1,casual,1,1
13,15.534640478368365,them,189,0.58,17.82887282082091,neutral,4,0,day,1,0,dry_texter,1,1
44,41.55971966674186,them,157,0.61,15.040050094861574,enthusiastic,2,1,night,1,0,casual,1,1
39,65.20895849763679,them,112,0.91,71.22469378647605,dry,1,0,day,0,0,interested,0,0
28,46.53384513956185,them,40,0.22,113.74604155372576,neutral,3,0,night,1,1,casual,0,1
16,22.067361095564042,them,14,0.74,2.157710694812332,enthusiastic,2,1,night,0,0,ghoster,0,0
22,25.38002525453627,me,109,0.44,73.15260337544304,neutral,10,1,day,1,0,ghoster,0,1
16,52.83373073290612,them,153,0.08,21.40453725865925,enthusiastic,6,1,day,1,1,dry_texter,0,1
19,1.2968643896592829,them,181,0.87,94.33412676067753,enthusiastic,6,1,night,0,1,interested,1,0
10,1.313969288524932,me,68,0.08,107.6022137473987,neutral,1,0,day,1,0,casual,1,0
34,66.46771704537954,them,159,0.4,96.24331485148473,neutral,0,0,day,1,0,interested,0,1
20,26.595253262579654,them,58,0.95,11.90380012021129,dry,7,0,day,0,1,dry_texter,0,1
2,57.73749652487149,me,2,0.18,13.334813877728173,enthusiastic,7,0,night,0,0,ghoster,0,1
1,7.034878310248833,them,145,0.17,19.621683002510295,enthusiastic,9,0,day,1,0,interested,1,1
45,42.73642932398347,them,14,0.17,78.38903882546713,dry,4,0,night,0,1,ghoster,0,1
3,68.8935059145389,them,14,0.08,38.58386904609828,dry,1,0,night,1,0,casual,0,1
18,57.3617643322026,them,125,0.61,50.639571330789934,neutral,4,1,night,0,1,ghoster,0,1
17,54.512768656734586,them,152,0.88,79.88805408621795,enthusiastic,8,1,day,1,1,dry_texter,0,1
7,57.12008023514034,them,144,0.56,94.85963913470015,neutral,0,1,day,0,1,dry_texter,0,1
48,39.48494073347734,them,12,0.26,88.36049882675228,dry,4,1,day,1,0,ghoster,0,1
23,61.059529089489224,me,85,0.82,28.05234565699352,enthusiastic,8,1,day,1,1,ghoster,1,1
43,36.35347122237572,them,39,0.87,111.30211333679986,neutral,6,0,night,0,0,ghoster,0,0
31,11.099626066997095,me,153,0.75,94.63043335553871,neutral,6,0,day,1,1,interested,0,0
32,31.134210534401056,me,177,0.83,55.401376645235175,dry,8,0,day,1,1,dry_texter,0,1
7,38.12213728583983,them,124,0.48,6.443150040378903,neutral,7,0,day,0,0,casual,1,1
41,42.614640603062824,me,29,0.36,54.84453428756073,dry,5,1,day,0,1,ghoster,0,1
44,41.488769049663716,me,176,0.77,42.08981082266586,enthusiastic,4,1,night,1,0,interested,1,0
9,4.379625427070444,me,107,0.1,2.7323400922409817,enthusiastic,8,0,day,1,1,interested,1,0
4,52.93615471624947,them,184,0.24,8.40997865760102,neutral,5,1,day,1,0,ghoster,0,1
10,70.74457199292573,them,89,0.54,48.19153965949523,enthusiastic,3,1,day,0,1,casual,0,1
4,44.555716296049845,me,84,0.87,43.79083162154309,enthusiastic,0,1,night,0,1,ghoster,0,0
32,65.61815684271501,me,163,0.89,107.15206137265523,dry,0,0,night,1,1,dry_texter,0,0
46,54.37775202278191,me,7,0.76,33.921733887797906,dry,3,1,night,0,1,interested,1,1
24,44.91495294399379,me,73,0.28,106.1457518015916,dry,10,1,day,0,1,ghoster,1,1
30,30.63260432278919,them,30,1.0,1.5215835466223941,dry,5,0,day,1,1,dry_texter,0,1
35,20.35797027465979,them,79,0.02,20.02970815265196,dry,8,1,day,1,0,dry_texter,1,1
35,25.972446301978522,them,95,0.9,14.930892694258104,neutral,2,1,night,0,0,ghoster,0,1
1,51.80788172799305,me,54,0.98,75.0610718935333,enthusiastic,1,1,day,0,1,interested,1,1
1,35.46816476134188,me,71,0.73,45.46813497738325,neutral,6,0,day,0,1,ghoster,0,1
38,19.09644383386738,me,131,0.47,73.79846464965279,dry,9,0,night,0,0,interested,1,1
3,31.603542967354215,me,78,0.83,101.87107258028308,dry,7,0,night,0,0,dry_texter,0,0
25,41.65937909987457,me,111,0.3,116.18260868545698,neutral,10,0,day,1,1,dry_texter,0,1
49,39.09956105070912,them,28,0.92,46.39543182736338,dry,10,0,night,1,1,casual,0,1
18,11.207125860097861,me,62,0.81,83.28872130557464,enthusiastic,10,0,day,1,0,casual,1,0
2,18.612407329792354,me,200,0.31,93.19914763696475,enthusiastic,6,1,night,1,1,interested,1,0
30,22.642427700143298,them,110,0.2,60.912402916284506,neutral,3,1,day,0,0,casual,1,0
39,57.39425235620345,me,76,0.46,6.994729251248037,enthusiastic,7,1,day,1,0,interested,1,1
27,60.44366876441819,them,118,0.53,118.23830443312127,dry,8,0,night,1,0,interested,0,0
44,65.3812482781539,me,41,0.49,6.587016292495817,enthusiastic,2,1,day,1,1,dry_texter,0,1
29,42.968360317199235,me,162,0.29,80.2333353588463,enthusiastic,7,1,day,0,0,interested,1,1
40,39.31692315501295,them,186,0.26,109.09110921736203,neutral,8,0,night,0,0,dry_texter,0,1
30,65.95099733031188,me,100,0.06,12.895102685463533,dry,10,0,night,1,1,dry_texter,0,0
41,49.23012594778748,me,164,0.02,60.34529270418793,enthusiastic,0,0,night,0,1,casual,1,1
34,35.74739385891677,them,21,0.33,114.60713168296174,neutral,8,0,day,1,0,interested,0,1
43,24.35189118917452,me,70,0.48,72.67236980639134,enthusiastic,4,0,day,0,1,casual,1,0
40,34.38667510011923,them,35,0.03,37.760033295785355,dry,7,1,night,1,0,interested,1,1
8,43.19270804704021,them,131,0.66,101.25742072511248,neutral,10,0,night,1,1,casual,0,1
40,12.863202044545654,me,119,0.16,117.93847027805,neutral,7,1,day,1,0,interested,1,0
29,51.64341862901451,me,143,0.41,64.96804733237701,dry,3,0,day,1,0,casual,0,1
27,13.443549994645613,them,111,0.98,8.187072865456296,neutral,6,1,night,1,0,dry_texter,1,0
50,41.73281308700944,them,38,0.48,75.60069630675216,dry,10,1,day,0,0,casual,0,1
3,42.15393526520673,them,20,0.28,94.19940310206181,enthusiastic,1,0,day,0,1,ghoster,0,1
20,67.35542288317261,me,10,0.05,57.47387673203028,enthusiastic,4,1,day,1,1,casual,0,1
46,9.39842516534765,them,176,0.93,24.50315855982423,neutral,3,0,day,1,1,dry_texter,0,0
48,32.21528133941062,them,193,0.91,103.87913714375675,neutral,1,0,night,0,0,dry_texter,1,1
30,71.56425176767966,them,63,0.31,69.46170607147221,neutral,10,1,night,0,1,dry_texter,1,1
32,48.37760702657419,them,21,0.08,49.938760085180284,dry,8,1,night,0,1,dry_texter,0,1
37,67.10353128009913,me,16,0.26,9.30056133195444,neutral,5,0,day,0,0,interested,1,0
43,17.719033577716612,me,155,0.96,55.500164947539545,neutral,4,1,day,0,0,dry_texter,1,1
32,49.91244308900711,them,182,0.05,119.65687562492064,neutral,7,0,night,1,1,ghoster,0,1
43,55.69586650504898,me,145,0.8,49.798563827806625,enthusiastic,10,0,day,0,1,dry_texter,1,1
16,4.7540155895610035,them,34,0.12,60.82879482262613,neutral,5,1,night,0,0,dry_texter,1,1
37,41.25429112380045,me,93,0.77,99.65649173353756,enthusiastic,4,0,night,1,1,dry_texter,0,1
14,66.17700322789818,them,15,0.72,56.62037712575076,dry,8,0,night,0,0,casual,0,1
29,38.87109540377036,them,84,0.62,89.34877605168145,dry,1,0,day,0,0,interested,1,1
33,5.668451420904619,them,68,0.77,116.9865994221082,enthusiastic,9,0,night,1,0,ghoster,1,0
42,51.95038301823393,them,34,0.38,26.860231981238492,neutral,6,0,night,0,0,ghoster,0,1
34,3.7855256377463933,them,11,0.48,74.95991242565847,enthusiastic,10,0,night,1,1,dry_texter,1,0
28,60.17779836112284,me,100,0.57,13.951542664174104,enthusiastic,4,1,night,1,0,casual,0,0
37,11.060066625223804,me,103,0.81,89.34160785346232,dry,1,1,night,0,1,dry_texter,1,0
48,71.56069627089379,me,93,0.64,88.41435644508782,dry,3,0,night,0,0,casual,0,0
5,44.370775669015394,them,192,0.09,56.31017099436912,neutral,10,0,day,0,0,interested,0,1
40,55.52004409238459,them,134,0.67,90.88524916269954,neutral,0,0,night,0,0,dry_texter,0,0
27,13.916235975026126,me,85,0.9,106.56760063035087,neutral,9,0,day,1,0,ghoster,0,0
26,65.57961265090395,them,82,0.19,10.12860067841706,neutral,2,1,day,1,0,interested,0,1
42,21.58461208700314,them,30,0.59,68.17375506235204,enthusiastic,4,1,night,0,1,casual,1,1
10,55.21794631710394,them,171,0.07,43.21496312771408,dry,10,1,night,0,1,interested,1,1
42,65.36745077772629,me,50,0.09,64.2191316315006,neutral,2,0,night,1,0,dry_texter,0,1
5,44.585322658636485,them,187,0.46,45.7960977982572,dry,1,1,day,1,0,dry_texter,1,1
42,26.786835913627307,them,97,0.69,55.91111171280518,neutral,10,1,night,1,0,casual,0,1
4,24.3044899120589,them,134,0.32,3.500415491167372,enthusiastic,2,0,day,0,1,ghoster,0,1
2,62.19464121839192,me,97,0.95,40.79537765097513,neutral,3,0,night,0,1,casual,0,1
41,64.14937260682841,them,39,0.58,8.426833027689778,enthusiastic,10,1,day,1,0,ghoster,0,1
39,3.9299067844321582,them,118,0.06,69.56541870514948,neutral,1,0,night,1,1,ghoster,0,1
29,2.324122614230574,them,173,0.05,55.88111552794474,enthusiastic,6,0,day,0,0,interested,1,0
31,32.56693814072685,me,66,0.78,55.177047829610515,enthusiastic,6,1,night,0,1,dry_texter,0,0
50,68.0426130486603,them,17,0.9,31.62387348776389,neutral,9,1,day,0,0,casual,1,0
21,27.493775607031576,me,71,0.02,19.966295732922763,enthusiastic,2,1,night,1,0,casual,0,1
43,46.07100293094129,me,170,0.11,108.8519074010632,neutral,10,0,night,0,0,interested,0,0
47,5.36838325157551,me,98,0.81,96.59616501471805,dry,4,1,day,1,1,dry_texter,1,1
35,4.673530516474541,me,155,0.76,74.33104791745643,dry,7,0,day,0,1,interested,1,0
4,46.11543010501354,me,75,0.31,10.605709635011992,enthusiastic,6,1,day,0,1,ghoster,0,1
27,63.9774784319925,them,13,0.56,4.546096308023142,enthusiastic,8,1,day,1,0,dry_texter,0,1
45,23.205490011869877,them,46,0.28,1.804758466663459,dry,0,0,day,1,0,ghoster,1,1
50,10.96782661535359,them,157,0.3,111.65847965122242,neutral,4,0,night,1,0,casual,0,1
9,61.98329894249554,them,60,0.21,111.93948040983712,dry,2,1,night,1,0,dry_texter,0,1
16,44.42409896424328,them,190,0.37,24.622310978180515,neutral,4,0,day,0,0,interested,1,0
18,56.06473075728918,them,27,0.21,65.93433645199447,neutral,5,0,day,0,1,dry_texter,1,1
30,23.01238447875105,me,82,0.15,117.69707936321825,dry,2,1,day,1,0,interested,1,1
37,63.78105842423786,them,112,0.17,1.772023122079374,dry,3,1,day,0,1,dry_texter,0,1
20,56.29864482085211,me,157,0.89,5.958391089937401,enthusiastic,8,0,night,0,1,dry_texter,0,1
48,32.530129743199495,them,193,0.16,77.13556428240965,enthusiastic,7,0,night,0,0,dry_texter,1,1
49,14.605972375495455,me,105,0.99,45.419793650907074,dry,1,0,night,0,0,ghoster,0,0
7,59.719051071436745,them,114,0.48,41.15868891848061,neutral,8,1,day,1,0,casual,0,0
34,2.233769879074404,them,64,0.51,65.2153027077661,enthusiastic,8,0,day,0,0,ghoster,0,1
13,54.681604910279724,them,195,0.39,96.96587920404687,neutral,1,0,night,1,0,casual,0,1
18,55.55595449630172,them,174,0.27,117.92664403207421,enthusiastic,9,1,day,0,0,ghoster,1,1
47,31.141640015406047,me,155,0.6,41.44443412001712,dry,6,0,day,0,0,ghoster,0,1
20,49.969191412321926,them,130,0.37,59.94842698875153,dry,0,0,night,0,0,dry_texter,0,1
12,22.75044999354723,me,176,0.58,74.00661895952983,dry,2,0,night,0,0,ghoster,0,1
30,7.161280962294069,me,53,0.7,4.054386139615824,neutral,8,0,night,1,1,dry_texter,1,0
13,12.512589507329594,them,127,0.85,26.277252158633644,enthusiastic,3,0,day,0,1,casual,1,1
31,41.03961698514676,them,85,0.96,45.72024019063285,enthusiastic,4,0,day,0,0,interested,0,0
39,6.587717617786334,me,27,0.12,115.77834314843365,neutral,9,1,night,1,0,casual,1,1
34,8.15952038943356,me,79,0.18,30.095246757349894,dry,7,1,day,0,1,casual,1,1
23,9.38075344499551,them,43,0.88,11.642268537245187,enthusiastic,1,0,night,0,0,interested,1,0
12,54.55710142342368,me,58,0.4,76.83073826296445,dry,3,0,day,0,1,interested,1,0
6,59.941476844000036,them,2,0.07,109.98960033738996,neutral,6,1,day,0,1,interested,0,1
41,53.49537846690674,them,13,0.7,68.99765789326283,enthusiastic,0,1,day,1,0,casual,0,1
12,30.327331315780953,them,18,0.04,101.3268708451908,enthusiastic,4,1,day,1,0,interested,0,1
22,7.23562531843554,me,169,0.13,71.41016744897448,neutral,3,0,day,1,0,ghoster,0,1
44,30.21172182165734,them,62,0.24,6.936639379361807,neutral,3,1,night,1,0,casual,0,0
1,1.9918442463082524,them,27,0.39,82.11809228275767,neutral,5,0,day,1,1,casual,0,1
2,16.210725498074776,them,197,0.63,118.26166479326811,neutral,8,1,night,1,0,interested,1,1
9,15.379839689889012,me,25,0.38,42.41879661019229,enthusiastic,8,0,night,0,0,ghoster,0,1
48,41.642590959363844,me,100,0.81,55.91574350227479,enthusiastic,5,0,night,1,0,ghoster,0,1
41,68.1057926150541,me,188,0.6,52.32263618072437,neutral,8,1,day,0,0,interested,1,0
2,59.64514994897343,them,173,0.34,34.83233518942059,neutral,4,0,night,1,0,ghoster,0,1
22,15.68756625532141,them,94,0.58,43.26051191109228,enthusiastic,0,0,day,0,1,dry_texter,1,1
17,9.736645001355065,them,177,0.14,31.250540987940802,neutral,10,0,day,0,0,dry_texter,1,1
43,21.393182395552213,me,39,0.84,50.7827549555722,neutral,4,0,night,0,1,interested,1,0
13,47.57342218910288,me,49,0.25,12.103453118821262,neutral,2,0,day,1,1,interested,0,1
29,44.21226688179668,them,198,0.55,66.98162723781215,enthusiastic,1,1,day,0,0,ghoster,0,0
49,64.02913782406843,me,150,0.42,79.65413580161709,neutral,6,0,day,0,1,dry_texter,0,1
25,18.69937122892301,them,98,0.17,107.97636260599472,enthusiastic,4,1,day,0,1,casual,1,1
23,33.73251032501948,me,149,0.58,21.30518064828466,neutral,1,0,day,1,1,interested,0,1
22,10.148778325370545,me,48,0.94,81.03686871687962,enthusiastic,8,1,night,0,0,interested,1,0
50,71.97482364987673,me,87,0.19,116.52027047823813,neutral,3,0,day,0,0,dry_texter,1,1
26,42.6578924823334,me,149,0.87,15.639273460210124,dry,5,0,night,0,1,interested,0,0
20,25.08117982303266,them,7,0.85,71.34062153324693,dry,4,0,night,1,1,casual,0,1
41,22.85482124721971,them,106,0.5,73.38571696297221,enthusiastic,7,0,night,0,1,casual,1,1
15,35.20997129705036,me,49,0.68,76.52933604478947,dry,9,0,night,1,1,dry_texter,0,0
44,16.8172913654876,me,6,0.89,48.26391844961971,enthusiastic,3,0,night,1,0,ghoster,1,1
7,33.896970458743475,me,41,0.68,23.144178792968862,dry,6,0,night,1,0,ghoster,0,1
17,13.880035912107523,me,49,0.34,81.2018282883169,enthusiastic,1,1,day,1,0,interested,1,0
11,1.8124074940149715,me,66,0.46,58.29563520411626,dry,5,1,day,1,1,dry_texter,0,1
13,4.623195819089694,me,200,0.4,64.52124521800197,enthusiastic,2,1,night,0,1,interested,1,0
15,39.51495777065149,me,32,0.3,80.47959448056736,neutral,8,0,night,1,1,interested,0,0
17,64.58862362007872,me,193,0.95,16.453256767056132,neutral,6,0,day,1,0,ghoster,0,1
35,32.940827545986785,them,52,0.08,68.11295233832644,enthusiastic,1,0,day,1,0,casual,0,0
22,0.4863765745999853,me,1,0.78,77.42042450185278,enthusiastic,3,1,day,0,1,dry_texter,1,1
36,49.71149860411055,them,143,0.81,25.212318021483348,dry,7,0,day,1,0,interested,0,0
45,36.27742331113576,me,9,0.93,11.516346147742953,neutral,7,0,night,0,0,casual,0,1
30,29.063840217593548,me,131,0.49,72.1438967011697,dry,7,0,night,1,0,interested,0,1
35,5.366687808198098,me,114,0.61,27.345855791917003,enthusiastic,8,1,day,0,0,casual,1,0
37,25.08278234299112,them,63,0.83,51.18753255320475,enthusiastic,2,0,day,0,1,casual,0,0
6,24.52755229987713,me,60,0.99,98.29419544121147,neutral,7,0,day,1,1,ghoster,1,1
10,40.41790074028876,me,66,0.29,13.518006481487516,dry,0,0,night,0,1,ghoster,0,1
35,46.55090259173185,them,180,0.07,111.27352892862606,dry,7,1,night,0,1,casual,0,1
16,29.350012362956164,me,110,0.36,57.46760426254214,dry,6,1,day,1,1,casual,0,1
50,6.164835283502355,them,91,0.22,58.34041706393297,neutral,7,1,day,1,1,casual,1,1
45,13.813298342126888,them,80,0.54,68.30294657180217,dry,3,1,day,1,0,dry_texter,1,1
32,46.111083660134426,me,31,0.99,97.62943222766589,dry,9,1,day,1,0,interested,0,1
38,21.00618660586987,me,131,0.99,87.4220796068965,dry,4,0,night,1,0,casual,1,1
47,27.02323561128481,them,31,0.02,50.17124115248892,dry,9,1,day,1,0,casual,0,1
44,33.9082942097826,them,151,0.29,43.71692026638765,dry,1,1,night,1,1,dry_texter,0,1
36,5.129411444240298,me,176,0.91,59.95377496396718,enthusiastic,0,1,night,0,1,dry_texter,1,1
19,8.337440219947108,them,2,0.78,89.81780726730241,neutral,1,1,day,1,0,interested,1,0
19,49.940579317255455,them,154,0.46,71.19466997591365,enthusiastic,1,1,day,0,1,ghoster,1,1
2,27.684397578796705,me,69,0.77,22.498343771193948,dry,5,0,day,0,1,ghoster,0,1
47,58.525467405889806,me,132,0.47,39.10643415589537,enthusiastic,0,1,day,1,0,casual,0,1
22,7.581460728825459,them,31,0.91,105.70038497220652,neutral,9,0,day,0,0,interested,1,0
5,49.428532091971014,me,51,0.27,102.13365598652109,neutral,5,1,day,0,1,casual,1,1
32,9.440639164854929,me,15,0.38,25.95910492537081,neutral,5,1,day,1,0,dry_texter,1,0
32,32.79108532366037,them,125,0.61,96.74055408702243,enthusiastic,10,0,day,0,1,ghoster,0,1
22,56.12140387677928,me,34,0.03,72.97017099993614,neutral,4,0,day,1,1,casual,0,1
29,29.06512422220795,them,31,0.24,47.24969524919198,neutral,4,1,night,0,1,ghoster,0,1
35,49.87450731719419,them,150,0.04,87.25520188361398,enthusiastic,4,0,night,1,1,ghoster,0,1
18,24.73845991713292,me,123,0.56,8.585508698586912,enthusiastic,5,1,night,0,1,dry_texter,0,1
16,43.98847360105269,them,98,0.8,29.46881364592347,enthusiastic,2,0,day,1,1,interested,0,1
32,34.58223069497695,me,185,0.47,4.498953675114525,dry,9,0,day,1,1,ghoster,0,0
50,21.922640440391234,them,63,0.09,117.90840215254597,neutral,1,1,day,1,1,ghoster,0,1
15,57.278221192250584,them,54,0.79,15.20622786710429,dry,3,0,night,0,1,ghoster,0,1
18,40.82556410900349,them,8,0.78,27.7747505001987,neutral,4,0,night,1,1,interested,1,0
35,46.954760687508504,me,180,0.18,64.19343136454677,dry,4,0,day,0,0,interested,1,0
23,28.75585262308884,them,159,0.42,5.692017522181426,dry,9,0,day,0,0,dry_texter,1,1
8,66.80534612055696,them,84,0.51,32.760028159079795,dry,7,1,night,0,0,ghoster,0,1
13,57.911599109982205,me,62,0.83,52.8708492495044,enthusiastic,4,0,day,0,1,dry_texter,0,1
46,48.13101336370746,me,148,0.84,109.75807391162323,neutral,0,1,night,0,0,casual,1,1
32,63.917612267226836,me,164,0.41,99.33972721342644,dry,4,1,night,1,1,ghoster,0,1
49,54.6702789589636,them,189,0.98,55.14038376044247,dry,6,1,night,0,0,casual,0,1
44,15.131279197108277,them,55,0.34,98.02127275790359,neutral,2,1,night,0,1,interested,1,0
33,20.42823330876287,them,86,0.85,30.13878407282899,neutral,0,1,night,0,1,interested,1,0
17,3.7289318337386614,them,172,0.93,92.4922483940629,neutral,5,0,day,0,1,interested,1,0
47,25.1120299662172,them,56,0.64,19.508594960386503,dry,0,0,day,1,1,ghoster,0,0
49,9.195295686927366,me,177,0.32,81.05859633540311,dry,9,0,day,0,1,interested,0,1
22,49.286903959545114,me,10,0.24,33.31644808089904,enthusiastic,10,0,day,0,1,casual,1,1
46,24.925818768390897,them,38,0.89,36.88246816570277,neutral,5,1,night,1,0,casual,0,1
2,41.64139080872227,them,21,0.97,61.045507032477126,neutral,7,1,day,0,1,ghoster,0,0
34,14.297531253639097,me,144,0.6,52.42760874942807,neutral,10,1,night,0,1,dry_texter,1,1
25,46.10377485810652,me,54,0.91,54.25358240179211,enthusiastic,10,1,night,1,1,interested,0,0
32,24.580898998655435,me,12,0.25,95.38481358745474,enthusiastic,0,1,night,0,0,ghoster,0,1
13,44.19918313680418,me,39,0.3,95.5367316558408,neutral,0,1,day,0,1,interested,0,1
5,13.022951455194992,me,194,0.4,109.26408563104704,enthusiastic,10,0,night,1,0,ghoster,1,1
27,19.770245870992163,me,8,0.49,69.2036357012773,neutral,2,1,night,1,1,casual,0,1
44,64.87844425769995,me,3,0.65,9.953000438546825,neutral,1,0,day,0,1,casual,0,0
19,5.001522020461934,them,97,0.71,32.86726164880864,dry,8,1,day,1,0,casual,1,1
20,27.502907665430595,them,72,0.47,5.538273642307455,dry,6,0,night,1,0,ghoster,0,1
17,8.801912182000606,me,11,0.06,20.15198914670919,enthusiastic,0,1,night,0,0,interested,1,0
41,62.6324674547947,them,190,0.33,75.94554857964343,neutral,5,1,day,0,0,ghoster,0,1
47,66.33703133556524,them,155,0.98,100.18144865159356,dry,9,0,night,1,1,dry_texter,0,1
14,13.938950084512063,me,7,0.26,98.32142781320053,dry,0,1,day,0,0,casual,1,0
23,14.567081350800484,them,75,0.79,11.633867285168701,neutral,3,0,night,0,0,ghoster,0,1
13,60.67348505752013,them,130,0.16,57.48931003644618,dry,6,0,day,0,0,dry_texter,0,0
1,38.5391721130157,them,178,0.08,20.785671739585293,neutral,8,0,night,1,0,interested,0,1
31,9.134671618628662,me,35,0.45,84.58177801337554,enthusiastic,1,0,day,1,1,ghoster,0,0
27,34.8475814949148,them,30,0.07,54.788014814367315,dry,6,1,night,1,1,dry_texter,0,1
20,30.796657499271852,them,50,0.64,35.7266009171578,dry,5,0,night,1,1,ghoster,0,1
31,58.40941576841813,me,175,0.83,45.4973260426822,neutral,10,1,day,0,0,casual,0,0
47,1.2217214665774376,them,183,0.65,8.351216605211423,neutral,10,0,night,0,1,casual,1,1
10,24.248799589847867,them,20,0.7,44.00636215505994,enthusiastic,9,1,day,0,1,interested,1,0
44,70.005495380043,me,112,0.19,88.47812877527807,enthusiastic,1,1,night,1,0,casual,1,0
6,46.00111923800574,me,68,0.93,33.619273879120506,enthusiastic,3,1,day,1,1,interested,0,0
49,69.54874791443336,me,73,0.49,36.080415065220976,enthusiastic,4,0,night,1,1,casual,1,1
40,29.309475992586965,them,78,0.13,77.19336993190339,dry,6,0,night,1,0,casual,0,1
46,42.424719951428884,them,90,0.26,94.96503159679052,neutral,2,1,night,0,0,interested,0,1
50,68.47154590919244,them,101,0.98,27.529979680838828,dry,4,0,night,1,1,ghoster,0,1
26,60.825862854582674,them,133,0.8,112.86956612573861,dry,6,0,day,1,1,interested,0,1
36,21.389186379273916,them,165,0.45,85.69141303386816,neutral,0,0,night,1,1,dry_texter,0,0
35,33.09325174444398,them,30,0.23,80.31231329379452,dry,2,1,night,0,1,casual,1,1
9,66.25194575220902,them,33,0.29,114.46326663802107,enthusiastic,8,0,night,0,0,dry_texter,0,1
23,22.421032230046713,me,68,0.1,77.72283630155307,enthusiastic,10,0,day,0,1,ghoster,0,1
41,12.198215511728998,me,81,0.52,34.52597200607028,enthusiastic,0,0,day,1,1,interested,1,1
21,27.732677926097644,them,50,0.83,72.5873330424344,enthusiastic,1,1,night,1,1,dry_texter,1,1
49,38.72591700291105,me,43,0.57,6.322181884970011,neutral,4,0,night,1,1,interested,1,1
9,59.142756744843574,them,143,0.45,16.409966032481286,dry,2,0,night,1,1,casual,1,0
38,39.14998949954039,me,135,0.77,61.86344994312149,dry,3,0,day,1,0,ghoster,0,1
31,45.33327421201906,me,14,0.91,119.82911320541317,dry,7,0,day,0,1,casual,0,1
42,28.194319099546334,me,94,0.27,42.459243947977114,enthusiastic,1,0,night,0,0,ghoster,0,1
39,22.194255449769276,me,170,0.56,26.782543886630066,enthusiastic,3,1,day,1,0,ghoster,0,1
4,43.87500812215568,me,62,0.36,102.0524876148428,enthusiastic,5,1,day,0,1,ghoster,0,1
28,5.878414390296224,me,90,0.32,109.32216660719689,neutral,5,0,day,0,1,interested,1,0
44,61.79625454035022,them,17,0.43,68.38992694021604,enthusiastic,10,0,day,0,1,interested,1,0
5,40.494553480829346,me,122,0.63,62.08544718673796,neutral,8,1,night,1,1,interested,0,1
50,37.206731184209815,them,89,0.74,100.99464242631291,neutral,10,0,day,0,0,dry_texter,0,1
14,69.43838673020859,them,115,0.32,18.476267406746,enthusiastic,2,1,night,1,1,interested,0,1
1,0.10340189549171352,them,178,0.65,14.235128948077023,dry,6,0,night,0,1,dry_texter,1,1
23,8.358422884307698,me,101,0.9,54.3682309433337,dry,4,1,night,0,1,ghoster,0,1
32,20.796849019688814,them,63,0.95,114.88920310489003,enthusiastic,8,0,night,1,0,interested,1,1
46,49.73710664902382,them,64,0.27,55.764235225170474,enthusiastic,10,0,day,1,0,interested,1,1
37,34.3247646022256,them,117,0.25,118.10638711960293,neutral,8,0,night,1,1,ghoster,0,1
36,23.31168845096544,them,139,0.36,87.24142298714996,neutral,6,1,night,0,1,dry_texter,0,1
4,12.654158061184914,them,67,0.41,32.53729316985648,dry,3,1,night,1,0,dry_texter,0,0
19,58.91469264414231,them,96,0.04,80.29665338007756,neutral,3,0,night,0,1,dry_texter,0,1
42,8.685071216846211,them,94,0.65,42.442446483354175,enthusiastic,4,0,day,0,0,casual,0,0
40,33.139052249450174,them,185,0.09,62.85647750415826,dry,6,1,night,1,0,ghoster,0,0
38,37.42326128402749,me,113,0.1,31.736955311736764,enthusiastic,6,1,night,1,0,dry_texter,0,1
14,51.50370320980518,them,21,0.39,88.73974996649538,enthusiastic,8,1,night,1,1,dry_texter,0,1
40,29.826691371817294,them,42,0.73,108.71736217749013,neutral,9,0,day,1,0,interested,1,1
32,21.541807148400004,me,161,0.99,64.25141194125625,neutral,5,1,night,1,1,dry_texter,0,1
6,16.354700285952507,them,133,0.24,104.15161743726463,dry,8,0,night,1,0,casual,0,1
46,12.414816964649354,me,95,0.69,7.639545446559028,enthusiastic,2,1,night,1,1,interested,1,0
30,19.439358529041275,me,86,0.1,94.21332767364582,enthusiastic,2,1,day,0,1,interested,1,1
3,9.339211745379654,me,12,0.96,1.3425450918067785,enthusiastic,7,1,day,1,1,casual,0,0
48,27.026029213337456,me,63,0.72,48.37144739963204,dry,6,0,night,0,0,dry_texter,1,1
44,46.067676878522136,me,90,0.85,12.343003433248906,dry,10,0,night,1,0,dry_texter,0,1
25,3.69298694738775,me,185,0.99,40.7223814739977,enthusiastic,7,0,day,1,0,dry_texter,0,0
3,54.99672035279612,me,30,0.99,73.9241179155075,dry,4,1,day,1,1,casual,0,1
27,40.493436524413674,me,57,0.33,114.05269333397962,neutral,3,1,day,0,1,casual,0,1
38,40.35932245141792,me,89,0.72,59.11139908925634,dry,3,0,night,0,1,ghoster,0,1
24,1.8882902218883562,them,81,0.02,50.07254174239571,neutral,5,1,day,1,1,ghoster,0,1
9,11.793958533859279,me,75,0.18,30.994838301744302,dry,0,1,day,0,0,interested,1,0
48,61.03755868770134,them,195,0.24,71.41648876179417,enthusiastic,1,1,day,0,0,ghoster,1,1
44,61.649932041503256,me,70,0.0,92.80425307646826,enthusiastic,4,1,night,0,0,dry_texter,0,1
15,49.77695424458436,me,4,0.03,23.691090013087713,neutral,8,0,day,1,0,dry_texter,0,1
15,24.166842822568434,me,155,0.32,46.29525665098673,enthusiastic,7,1,day,1,1,ghoster,0,1
35,54.260468226588415,them,118,0.58,44.185230088592874,neutral,1,1,day,0,0,ghoster,1,1
25,3.941995987876788,them,49,0.91,86.837194736182,neutral,6,1,day,1,0,ghoster,0,0
10,20.986482732967154,them,182,0.45,55.13108447389611,enthusiastic,2,1,day,0,0,dry_texter,1,0
34,61.498401344286606,me,134,0.72,10.84302721489194,enthusiastic,5,0,day,0,1,interested,1,1
46,20.971313016077147,me,185,0.69,119.84186375193411,neutral,1,0,night,1,0,casual,0,1
44,1.892359358168755,me,148,0.71,108.70160179632518,enthusiastic,10,1,day,1,1,casual,1,1
30,20.040094138171227,them,51,0.86,66.78519203857269,enthusiastic,3,0,night,1,0,interested,1,0
22,40.42028339743399,them,147,0.35,61.543261365729194,dry,5,1,day,0,0,casual,1,1
5,40.143836672400525,them,129,0.83,47.86406136357254,neutral,4,1,night,0,0,dry_texter,0,0
24,2.976464808224965,them,147,0.14,100.76725044539957,neutral,10,0,day,1,0,dry_texter,0,1
7,57.31068390578863,me,193,0.87,43.255306325292985,neutral,2,1,day,0,1,ghoster,0,1
37,59.57309296058257,me,190,0.31,48.873264960675236,neutral,0,0,day,1,1,casual,0,1
46,11.223556650350044,them,82,0.27,87.44981373971623,dry,2,1,day,1,0,dry_texter,0,1
14,34.448803999469376,them,39,0.89,85.63997196191912,dry,1,0,day,1,1,casual,0,1
16,52.31566928104132,me,192,0.99,20.460405967952468,neutral,2,1,night,1,1,ghoster,0,1
25,20.913966508882698,me,130,0.41,112.4397173257413,dry,0,1,day,1,0,interested,1,0
19,37.70721947803189,me,96,0.39,77.18019751742496,dry,1,0,night,1,0,interested,0,1
50,52.06298324796964,them,44,0.7,82.83791145306066,enthusiastic,4,0,day,1,0,interested,0,1
9,5.283686252293973,them,11,0.67,33.66516428084593,dry,1,0,night,1,0,casual,1,0
3,27.866698130208608,me,198,0.43,116.03326069841573,neutral,10,0,night,0,1,casual,1,1
8,19.140110878610145,me,118,0.47,82.55063364337168,dry,5,0,night,0,0,dry_texter,1,1
47,33.9035445818081,me,66,0.21,45.00440264749588,dry,4,0,day,1,0,ghoster,0,1
32,13.447794528211979,them,90,0.22,102.07364959383825,dry,7,0,night,0,0,casual,1,1
20,23.103423972318144,me,77,0.93,66.3064396276302,neutral,0,1,day,1,0,casual,0,1
48,47.15194091307558,me,20,0.83,71.30293582371657,dry,4,0,day,0,0,ghoster,0,1
45,60.862009473567305,me,133,0.52,103.05681458813655,neutral,1,1,night,0,1,dry_texter,0,1
26,30.6988393274182,me,123,0.24,112.48457745067793,neutral,10,1,night,1,0,interested,1,1
47,9.768269794556492,them,38,0.82,23.494061874511686,enthusiastic,6,1,night,1,0,ghoster,0,0
45,64.13526005821059,them,14,0.5,95.29335380008291,enthusiastic,5,0,day,0,0,dry_texter,0,1
28,27.744808718864313,them,165,0.16,10.79909280016856,dry,9,1,day,0,1,ghoster,1,1
38,30.475437878546927,me,23,0.85,3.3682274669896146,neutral,0,0,day,0,1,ghoster,0,1
27,16.453907072059753,me,56,0.82,71.86775001237068,neutral,0,1,night,1,1,ghoster,1,1
2,46.69959249092709,them,13,0.68,7.347350003268205,dry,0,1,day,1,0,interested,0,0
19,22.437315595141975,me,150,0.57,35.26277659986563,dry,2,1,day,1,0,ghoster,1,1
38,43.92146979082011,me,113,0.4,70.17006105929937,enthusiastic,8,0,night,0,1,ghoster,0,1
6,32.39414465320278,them,145,0.83,83.76894042741877,dry,7,1,night,1,1,interested,0,0
32,24.407329903553308,me,189,0.87,40.55612579289419,neutral,5,0,day,1,0,casual,0,1
4,15.329418052464998,them,75,0.56,53.610360422645726,neutral,6,1,night,0,1,interested,1,1
32,20.480732310858702,me,128,0.0,13.453783499619767,dry,7,0,day,0,1,interested,0,1
1,36.20001938164427,me,66,0.91,97.71629097643347,neutral,0,0,night,1,1,dry_texter,0,0
26,18.772629249803423,them,154,0.05,27.582820864805054,enthusiastic,4,1,day,1,0,casual,1,0
9,31.069973822944952,me,88,0.27,78.13357414455311,dry,2,1,day,0,1,ghoster,0,1
34,42.318137160156596,them,139,0.51,48.684373069434464,neutral,9,0,day,1,1,dry_texter,0,1
15,38.958880641837375,them,106,0.08,77.04089813786514,neutral,4,0,day,1,0,ghoster,0,1
33,23.708753820968255,them,58,0.78,56.67351124241334,neutral,7,1,day,0,0,dry_texter,0,0
38,11.94768582466395,them,138,0.94,41.68518319495997,dry,4,1,day,1,0,casual,1,0
34,67.0593166039461,them,12,0.09,45.99323413897876,neutral,5,1,day,1,0,dry_texter,0,1
36,58.89500480692397,them,180,0.64,5.939131198275637,enthusiastic,4,1,night,0,0,ghoster,1,1
25,43.39247153993925,me,134,0.12,31.641291834498926,enthusiastic,8,1,day,0,1,dry_texter,0,1
5,24.807839510748916,me,6,0.48,56.48917718344524,enthusiastic,1,0,night,1,1,interested,1,1
15,65.66599879578199,me,71,0.81,9.382281462419604,enthusiastic,8,0,night,1,1,interested,0,1
20,46.843514706079915,them,38,0.88,3.812577817476444,neutral,3,0,day,0,1,interested,0,0
29,62.435774445324085,them,1,0.03,39.18117230849803,enthusiastic,5,1,night,0,0,ghoster,0,1
12,69.99102397434933,them,72,0.08,43.39831446091252,dry,6,0,day,1,1,ghoster,0,1
45,11.251036384502385,them,168,0.24,36.90633589726368,neutral,1,1,day,1,1,ghoster,0,1
26,2.1227539014954564,them,172,0.25,11.230643249008756,neutral,4,0,day,0,0,dry_texter,0,1
22,66.75966128138252,them,33,0.45,30.679339673211206,enthusiastic,7,1,night,1,1,dry_texter,1,1
8,20.384641176518965,me,50,0.45,79.38430472083922,dry,2,0,night,1,1,dry_texter,1,1
25,12.869675760774474,them,195,0.25,81.2309442771075,neutral,0,0,night,0,1,dry_texter,0,1
11,13.046612094196824,me,149,0.26,5.001544546123752,neutral,4,1,night,1,0,interested,1,0
45,62.91348191858094,me,115,0.06,103.05743109106724,enthusiastic,8,1,day,1,0,dry_texter,0,1
50,19.18897295131632,me,34,0.82,74.76512814321319,enthusiastic,7,0,night,1,1,casual,0,1
17,59.049389302053996,me,78,0.7,62.35184274981758,neutral,10,0,night,1,0,dry_texter,0,1
30,7.459170758897007,them,115,0.55,24.029928655703483,enthusiastic,1,1,night,0,1,casual,1,0
6,16.887377719788148,them,51,0.06,3.386249900945296,enthusiastic,3,0,day,1,1,ghoster,0,1
44,47.59211382711079,them,123,0.88,47.801115389934424,enthusiastic,1,0,day,1,1,casual,1,1
36,30.499763188340808,me,176,0.46,47.698326686101076,neutral,1,1,night,1,0,dry_texter,0,1
10,43.031192333984265,me,7,0.79,23.503851278017333,dry,3,1,day,1,1,dry_texter,0,1
7,69.41308185990906,them,81,0.52,23.097172014727107,dry,1,0,night,0,1,interested,0,0
30,33.995061986352916,them,171,0.61,99.37821865520921,dry,3,0,night,1,1,casual,0,1
21,71.11579961020077,me,93,0.24,83.62945115024381,enthusiastic,2,0,day,0,0,dry_texter,0,1
39,4.9687247651878215,them,147,0.76,91.03246479802901,neutral,0,0,day,1,0,dry_texter,0,1
12,2.960117018387539,them,56,0.33,45.1366035581673,dry,6,1,day,1,1,casual,1,1
47,22.278802995670613,me,8,0.66,111.77248245180387,dry,2,1,night,0,0,interested,1,0
38,21.205957610690206,me,194,0.08,74.09043241822295,dry,4,1,night,0,1,interested,1,1
37,41.689904489562245,me,129,0.48,105.10743352116155,dry,2,0,day,0,0,interested,1,0
44,70.30742921280657,them,77,0.49,51.671578246030506,neutral,8,0,night,0,0,interested,1,0
21,49.11501877585464,them,108,0.52,10.430110623379354,enthusiastic,3,0,night,0,0,ghoster,1,1
48,63.52997505483084,me,89,0.27,40.55241600211359,enthusiastic,10,0,day,1,0,ghoster,0,0
39,62.22844222772965,me,98,0.29,59.32249150849597,neutral,5,0,day,1,1,casual,0,1
5,30.279279376297364,me,28,0.76,41.49899295246405,enthusiastic,3,1,day,1,1,casual,0,1
18,64.42988326965835,them,54,0.13,1.354925902038884,enthusiastic,6,0,day,1,0,dry_texter,0,1
15,12.89281911548877,them,111,0.75,111.32091170313548,enthusiastic,8,0,night,1,0,dry_texter,1,1
7,49.18713180069319,me,42,0.72,4.759155752984984,neutral,10,1,night,0,0,casual,1,1
42,55.87950624301692,me,178,0.4,92.53114005658696,neutral,7,0,night,0,0,dry_texter,0,0
3,18.80359448524454,me,156,0.26,71.19989209374184,dry,8,0,night,1,1,casual,0,1
2,15.433463100776457,them,53,0.75,19.25511829672305,neutral,8,1,night,1,0,interested,1,0
13,18.456835435360155,me,186,0.59,83.27200954262779,dry,4,0,night,0,0,interested,1,0
3,0.16957249253012208,them,132,0.82,37.22600479908693,enthusiastic,1,0,day,1,0,interested,1,0
21,63.65425153023358,them,38,0.32,43.9760440314728,dry,4,1,day,0,1,interested,1,0
8,23.999535161902948,them,28,0.5,52.32704690129438,dry,1,1,day,0,1,interested,1,0
44,29.615488965530275,me,34,0.12,98.318816935707,neutral,9,1,day,0,0,interested,1,0
8,30.223152881432124,them,87,0.98,75.45180514042681,neutral,10,1,day,0,0,casual,1,1
26,64.14685955815288,me,130,0.02,58.913283656514025,enthusiastic,9,0,night,0,0,dry_texter,0,1
47,69.84873708682908,me,135,0.64,52.88318975019937,dry,6,0,night,1,1,casual,0,1
8,68.6466041477738,them,150,0.08,114.93974558767509,neutral,7,0,night,1,1,interested,0,1
11,44.834690321539725,them,64,0.63,17.72675019792928,dry,7,0,day,1,0,dry_texter,0,1
35,4.299873230957457,me,6,0.89,74.4489813972441,enthusiastic,7,0,night,1,0,casual,1,1
32,37.1299716104017,me,63,0.11,44.18480871690684,neutral,2,1,day,0,0,interested,0,0
8,8.144732171201959,me,73,0.42,100.10772834408455,dry,1,1,day,1,1,interested,0,1
48,9.585920990948637,them,122,0.02,79.61065613552496,neutral,0,1,night,1,1,ghoster,0,1
50,22.011851412099904,me,55,0.35,102.63173175820884,enthusiastic,6,1,night,1,0,ghoster,0,1
3,31.88827234617726,me,158,0.86,60.393214101993905,dry,10,1,day,0,0,interested,1,0
1,52.719980271911055,me,33,0.96,44.95127405151976,enthusiastic,3,0,day,0,0,dry_texter,1,1
28,70.90844039053066,them,79,0.68,109.4347178670784,neutral,9,1,day,1,0,interested,0,1
5,57.0101016157558,me,95,0.49,108.41147039819288,dry,3,0,day,1,0,dry_texter,0,1
26,21.70257611108113,me,104,0.87,87.1443664656777,neutral,5,1,night,0,1,interested,1,0
2,37.379495860964454,me,92,0.65,55.68304425196047,dry,1,1,night,1,1,interested,1,0
39,18.39520213185943,them,79,0.94,53.5456715917916,dry,6,1,night,0,1,dry_texter,1,1
8,38.77675662733492,me,105,0.07,21.08672411024114,neutral,7,0,night,1,1,dry_texter,0,1
45,9.030758211929406,me,178,0.99,77.42402870541184,enthusiastic,1,0,night,1,1,dry_texter,0,1
41,55.258605591674595,them,88,0.66,72.06350735840117,enthusiastic,0,1,day,1,1,interested,0,1
2,71.3529170857294,me,125,0.2,93.37055690172794,neutral,1,0,night,0,1,casual,1,1
29,49.72697342304008,them,14,0.37,41.68964522172594,enthusiastic,10,0,night,0,1,ghoster,0,1
42,29.055917130250144,me,195,0.88,33.089701084100696,neutral,4,0,day,0,0,casual,0,1
37,29.218852602104356,them,42,0.38,19.60977715979817,dry,10,0,night,1,1,interested,0,1
3,3.956087479722459,me,42,0.97,88.4366552247176,neutral,6,0,day,0,1,interested,1,0
41,8.173037234380237,them,139,0.52,33.43112342554027,neutral,2,0,night,1,1,interested,1,0
44,12.286020415943032,them,126,0.4,5.056840288636305,dry,6,0,day,0,0,dry_texter,1,0
25,34.03990902377165,me,148,0.41,41.14150780616912,neutral,5,0,day,1,0,dry_texter,0,1
19,15.623164278747277,me,117,0.46,20.75036069054548,enthusiastic,7,1,night,0,1,ghoster,0,1
32,55.710209937508424,them,171,0.87,54.57595342915406,dry,8,0,day,0,0,casual,1,1
14,38.133412003677584,them,43,0.15,56.38941001714627,neutral,0,1,night,0,1,casual,0,1
36,18.024943154326436,me,72,0.84,111.22581615494505,enthusiastic,2,1,day,1,1,dry_texter,1,1
38,41.09798158523188,me,34,0.12,106.17821242244784,enthusiastic,6,0,night,0,1,ghoster,0,1
28,47.663713444506385,them,68,0.29,70.8530854809245,dry,4,0,night,1,0,casual,0,1
1,14.802104824333222,them,200,0.83,21.03684868128571,neutral,2,1,night,1,1,ghoster,1,1
6,6.121991113801809,me,104,0.32,47.757324882699585,dry,2,0,night,1,0,interested,1,1
39,51.22249272717758,them,46,0.8,70.22467143970883,neutral,9,1,day,0,0,casual,0,1
22,56.92630873618349,them,100,0.09,49.220514711362455,enthusiastic,7,0,day,1,1,casual,0,1
43,20.349653746417744,me,188,0.81,24.14634084818225,enthusiastic,3,1,day,1,0,ghoster,1,1
2,34.65572758314442,them,107,0.34,7.051306538314065,dry,2,0,night,1,0,casual,1,1
1,44.553014242559414,me,61,0.89,54.85986645821552,dry,4,0,day,0,1,dry_texter,0,1
12,45.42188312381055,them,186,0.7,75.03009566754295,enthusiastic,5,1,day,1,1,casual,0,1
47,41.33576928671484,me,37,0.75,4.543708054769925,neutral,2,0,night,0,1,interested,0,1
2,43.18552022029985,me,68,0.02,25.734846409438724,neutral,2,1,day,1,1,dry_texter,0,1
25,35.17386901933694,me,177,0.7,85.02128492027965,dry,2,0,day,1,1,casual,0,1
38,13.506973623981445,me,146,0.93,53.66818164422128,neutral,1,0,night,1,0,ghoster,1,1
38,56.39521765261342,me,58,0.2,51.60264657963327,enthusiastic,0,1,night,1,0,ghoster,0,1
44,6.732132471104056,me,55,0.91,17.01831806707562,dry,7,0,day,0,0,dry_texter,0,1
27,67.48283451532185,them,149,0.7,103.06896447034025,neutral,1,1,night,1,1,dry_texter,0,0
39,27.294656216126253,them,150,0.44,8.311605178834068,dry,2,0,night,1,1,dry_texter,0,1
48,19.362616465921377,them,40,0.3,13.326866353571637,neutral,2,1,day,0,1,ghoster,0,1
10,7.111090703047104,me,175,0.3,116.08045706033192,dry,9,1,day,0,0,casual,1,1
43,12.719291884797347,them,139,0.24,67.58270547467787,dry,8,0,day,0,1,interested,1,1
14,22.88355570147609,them,188,0.2,80.97728422557577,neutral,3,0,night,0,0,ghoster,0,1
41,6.1282208749152876,them,67,0.87,26.13006131298737,enthusiastic,10,0,night,1,0,ghoster,0,1
10,2.3476106275640847,me,146,0.95,71.43224116696496,enthusiastic,4,1,day,0,1,dry_texter,1,0
7,54.469993059498165,me,110,0.74,44.92852607391982,neutral,9,0,day,1,1,casual,0,1
28,7.990491514219623,me,107,0.47,35.60365422066781,neutral,1,1,day,1,0,dry_texter,1,1
43,57.116503551543154,me,98,0.47,16.119389901165157,enthusiastic,4,1,day,1,1,casual,0,1
50,42.826524658393474,me,170,0.69,74.99339450585832,neutral,2,1,night,0,0,dry_texter,1,1
49,70.39694672533425,them,114,0.55,106.35437506663851,neutral,5,1,night,1,1,interested,0,0
24,24.80545265798974,me,116,0.97,39.818270728823045,dry,4,1,day,1,0,dry_texter,0,1
4,16.322000171366415,them,33,0.85,57.73522318169233,neutral,5,1,night,0,1,interested,1,0
23,28.24682925758309,them,174,0.73,26.950119485146377,neutral,10,1,day,0,0,interested,0,1
33,15.565413537404684,them,52,0.93,64.75799855749551,enthusiastic,10,1,day,1,1,ghoster,1,1
43,41.441490848795624,me,86,0.71,84.01984910370281,neutral,3,1,night,0,1,ghoster,0,1
28,26.705835625584672,me,164,0.34,91.12864779388701,neutral,3,1,night,0,1,dry_texter,0,1
16,56.28927548045273,me,156,0.57,55.94438239009285,dry,8,1,night,1,0,ghoster,0,1
15,6.130834210520157,me,68,0.16,9.476108084548596,neutral,4,0,night,1,1,casual,1,1
17,2.375577436872649,me,200,0.37,89.60689498259435,enthusiastic,7,1,day,0,1,dry_texter,0,1
15,3.59943328395683,them,169,0.88,68.87029050007129,enthusiastic,7,1,day,0,0,ghoster,0,1
40,61.25977918782886,me,125,0.17,96.19981076558815,dry,4,1,day,1,0,dry_texter,0,1
37,10.911257997299685,me,151,0.14,38.80743744579592,enthusiastic,3,0,day,0,1,interested,1,0
44,59.68573103026063,them,46,0.62,7.522874126486023,neutral,5,1,day,0,1,casual,0,1
23,34.5664186668529,them,81,0.38,65.75809743032312,neutral,2,1,day,0,0,casual,0,0
47,62.38882295664562,them,17,0.57,6.003113691911146,enthusiastic,4,0,day,0,1,interested,1,1
50,56.87040741992594,them,149,0.04,44.57069963976699,enthusiastic,9,0,night,0,1,ghoster,0,1
44,46.90140790364163,me,195,0.7,110.07106126850039,neutral,1,0,day,0,0,ghoster,0,0
15,4.826059267089358,them,119,0.99,80.23070290686358,dry,10,0,day,0,0,casual,0,0
44,34.53535879781897,me,198,0.68,95.93203395588274,enthusiastic,5,1,night,0,1,ghoster,1,1
44,13.626349934227253,them,200,0.45,22.99318548501338,neutral,3,1,day,1,0,casual,1,0
15,5.062925116655758,them,160,0.08,39.17243717754148,enthusiastic,0,0,day,1,1,casual,1,1
37,68.45533345654447,me,7,0.38,86.43291993602183,dry,3,0,day,1,1,dry_texter,0,0
12,49.842228037091076,them,101,0.52,69.40472577373528,dry,3,1,night,1,0,interested,1,1
45,66.577875215221,them,174,0.31,93.0812303772028,enthusiastic,4,1,day,0,1,dry_texter,1,1
30,1.002383337115516,me,174,0.13,13.21875545372344,enthusiastic,7,1,night,0,0,dry_texter,0,0
34,17.35937077805623,me,7,0.96,25.847606576514366,dry,4,0,day,0,1,casual,1,1
39,32.67952993815568,them,115,0.33,43.506642574593776,dry,2,1,day,1,0,interested,0,1
48,15.231944851317015,me,47,0.16,13.313552540303878,neutral,6,1,day,0,0,ghoster,1,1
24,41.55146396249531,them,144,0.18,75.08501787996748,neutral,6,1,night,0,0,casual,0,1
47,40.81106988999304,them,20,0.75,60.316465738215065,dry,7,1,day,1,0,dry_texter,0,0
28,65.50174962315579,them,112,0.42,43.614138058869216,enthusiastic,5,1,night,0,1,interested,1,0
30,43.133514438108676,them,72,0.86,8.927835910266747,neutral,9,0,night,0,1,ghoster,0,1
25,68.93477615673555,them,159,0.36,101.92126728451417,enthusiastic,0,1,night,1,0,ghoster,0,1
24,2.279711213364208,them,27,0.42,91.80003844423315,neutral,0,0,day,0,0,dry_texter,1,1
1,12.568191243866465,them,68,0.7,46.48831428966379,dry,7,1,day,1,0,dry_texter,1,1
21,48.26673590409195,me,173,0.6,40.12792996183055,neutral,8,0,night,0,0,dry_texter,0,1
39,49.1406701521393,me,111,0.59,27.51805082212818,neutral,10,1,day,0,1,dry_texter,1,0
36,6.466659752658371,them,194,0.58,30.681933158423252,dry,1,0,night,1,0,casual,1,1
4,22.644636334482275,me,73,0.67,90.41094204295436,enthusiastic,6,0,night,1,0,interested,1,0
14,18.84420646427365,them,92,0.6,33.43368176367541,dry,0,1,day,0,1,interested,1,1
21,19.54320443466098,me,120,0.55,21.714133535380313,neutral,0,1,night,0,1,interested,1,0
49,33.54302464916971,me,114,0.83,69.93204716922038,neutral,10,0,night,0,1,dry_texter,1,1
35,18.903907543040216,me,98,0.85,38.266964103382676,neutral,9,1,day,1,1,interested,1,0
27,43.131596717193204,me,96,0.39,81.06560209315435,neutral,9,0,night,0,0,ghoster,0,1
5,47.377553596350815,me,160,0.76,31.799885000939064,enthusiastic,6,0,night,1,0,dry_texter,0,0
43,30.464744675394485,me,123,0.36,104.12380623756293,enthusiastic,4,0,day,1,1,interested,1,1
46,49.01528839985469,me,185,0.23,95.76825912533003,enthusiastic,5,0,day,0,0,dry_texter,1,1
43,33.50243579772958,me,38,0.49,58.73405849079582,enthusiastic,6,0,day,1,0,interested,1,0
33,67.55288572761022,me,14,0.31,62.76804903116146,enthusiastic,3,1,day,1,0,ghoster,0,1
3,57.68746999610665,me,172,0.87,119.00378381488258,enthusiastic,0,0,day,1,0,casual,0,1
50,47.0504381932341,me,161,0.79,29.38845053193342,neutral,10,1,day,1,0,casual,0,0
31,41.3260711154401,them,182,0.81,11.814844461260783,dry,3,0,night,0,0,ghoster,0,1
22,61.68021270058265,them,158,0.42,44.794073886539195,neutral,6,0,day,0,1,ghoster,1,1
7,59.28816128936231,them,3,0.46,93.22987237657843,neutral,6,1,night,0,1,casual,0,1
47,23.954065763619276,me,27,0.24,31.49811670897807,enthusiastic,6,1,day,0,0,dry_texter,1,0
43,65.62421145995076,them,189,0.59,17.755180715503496,neutral,7,0,day,1,1,dry_texter,0,1
24,29.658659880065496,them,151,0.0,32.282698257146464,neutral,5,0,night,1,1,dry_texter,0,1
19,53.225476376045464,me,82,0.13,106.59831046970615,enthusiastic,8,1,night,1,1,interested,0,1
6,34.247469804042964,them,40,0.08,112.75683058737455,dry,3,1,night,1,1,casual,0,1
48,55.95813703348576,them,189,0.12,44.08386739277649,dry,2,1,day,0,1,interested,0,1
7,13.394729351505472,them,36,0.18,116.98415617592045,neutral,2,0,night,1,0,ghoster,0,1
28,17.0069787174913,me,153,0.92,72.89160169875974,enthusiastic,10,1,night,0,0,dry_texter,1,0
13,69.67171685465777,them,94,0.36,111.53310380118081,dry,6,0,day,0,1,dry_texter,0,1
33,40.60234971955278,me,136,0.12,12.865588538959342,enthusiastic,9,1,day,0,1,casual,0,1
13,47.3776586213187,them,87,0.19,37.735218042586105,dry,4,1,day,1,0,interested,1,1
14,13.337561823091828,me,71,0.78,99.52665709384483,dry,0,0,night,0,0,ghoster,1,0
34,47.184023986288196,them,196,0.96,37.38797993424963,neutral,8,0,day,1,0,casual,0,0
35,67.85525943591969,them,154,0.98,6.932163658978039,neutral,1,0,night,0,1,dry_texter,0,1
37,41.9693053160061,me,92,0.14,108.81553559982478,dry,1,0,night,1,1,interested,0,1
35,3.4787875696282686,them,71,0.3,3.480017896145056,dry,7,1,night,0,0,casual,1,1
6,1.764257302656091,me,5,0.22,103.37228298119628,enthusiastic,5,1,night,0,1,casual,1,0
6,53.64624060621936,them,94,0.5,104.02783227131043,dry,0,0,day,0,0,casual,1,1
22,59.427227915460335,me,36,0.6,63.03407611082186,dry,3,0,day,0,1,casual,1,1
44,21.22712260561848,me,174,0.35,103.7886681967253,dry,9,0,night,1,1,dry_texter,0,1
15,58.44564024757426,them,155,0.09,45.09939212437094,enthusiastic,0,0,night,1,0,dry_texter,0,0
14,31.749710526041067,them,112,0.42,104.16385470847057,enthusiastic,2,0,night,1,1,interested,0,0
23,71.64279721763367,them,43,0.76,36.015202299977034,dry,0,1,night,1,0,dry_texter,0,1
31,5.983673367289747,them,11,0.69,23.496269796163013,enthusiastic,9,1,day,0,0,ghoster,1,1
37,43.41471221057721,me,24,0.1,89.31657242076568,enthusiastic,10,1,night,0,1,interested,1,1
41,33.502367526268394,me,181,0.52,100.69122854038365,dry,8,0,night,1,1,casual,0,1
49,44.13091463092322,them,67,0.13,88.30443879068912,dry,10,0,night,0,1,casual,0,1
32,63.80665058177941,them,16,0.81,106.88976735399903,neutral,8,1,night,0,1,casual,1,0
26,69.36590254019015,them,96,0.11,101.68775418064382,enthusiastic,3,0,night,1,1,interested,0,1
22,12.317651268676288,them,28,0.02,2.004867234371516,dry,9,1,night,0,1,interested,1,0
24,14.681510289421086,me,11,0.56,30.23654237222809,dry,3,0,day,1,1,ghoster,0,0
46,40.63603564986056,them,19,0.66,26.14796142918529,neutral,5,0,night,0,0,dry_texter,1,0
3,54.03030534004142,them,8,0.62,13.059631093995304,neutral,6,1,day,1,1,casual,0,0
37,57.215132909339616,them,89,0.61,59.35026810194424,neutral,0,0,day,0,1,ghoster,0,1
5,36.98164945475534,me,95,0.63,82.99829615739745,neutral,6,0,day,1,0,interested,0,1
1,35.973162922933135,me,26,0.01,18.810302118100942,dry,2,0,day,1,0,interested,0,1
5,54.81860799969148,me,188,0.38,24.315858267062026,neutral,9,0,day,1,1,ghoster,0,1
8,20.27609929590697,them,21,0.08,96.59040014353602,neutral,3,0,day,0,1,interested,1,1
38,67.4564174988394,them,32,0.43,18.356608807423576,dry,7,0,day,1,1,dry_texter,0,1
11,50.83986869327621,me,184,0.08,62.67238847867912,dry,5,1,day,1,1,dry_texter,1,0
19,10.198863191337447,them,167,0.77,50.85270140779819,dry,5,0,day,0,1,dry_texter,1,1
13,11.061600030745748,me,5,0.4,83.13443157491551,enthusiastic,10,0,day,0,0,ghoster,0,0
20,37.30051350353651,me,46,0.51,59.21434340627562,dry,7,0,day,0,1,ghoster,0,1
29,54.55032912078727,them,45,0.57,4.7659222431428105,dry,9,1,night,0,0,dry_texter,0,1
39,23.59046541358402,them,83,0.64,101.99576326830659,enthusiastic,4,1,night,1,1,interested,1,0
13,18.33598914777099,them,129,0.75,26.21594401924198,dry,8,1,day,0,0,ghoster,0,1
35,45.473377859937024,me,128,0.86,92.44905791946474,neutral,6,1,night,1,0,casual,0,1
20,16.825011340541764,them,84,0.76,107.20578858131397,enthusiastic,4,1,day,0,0,casual,0,1
14,25.135842948459103,them,132,0.81,118.31577405905877,enthusiastic,9,1,night,1,1,dry_texter,0,1
15,60.571841615352525,me,29,0.2,97.32758108996985,neutral,10,1,day,0,1,ghoster,0,1
8,66.62595234578085,them,192,0.77,13.846676750244871,neutral,2,0,day,1,0,dry_texter,0,1
47,66.2006748703181,them,10,0.58,8.64043148449339,dry,9,1,night,0,1,ghoster,0,1
24,4.6335000006111065,me,16,0.03,69.81150585964407,neutral,4,0,day,0,0,ghoster,1,1
26,40.74192199718385,me,115,0.64,75.79256761412994,enthusiastic,0,0,night,0,0,ghoster,0,1
6,22.276502920291193,me,192,0.06,41.42493927637699,enthusiastic,8,1,day,1,0,dry_texter,0,0
9,42.618222116629504,me,97,0.67,96.29525822859974,enthusiastic,6,0,night,0,0,interested,1,0
47,42.84484657633112,them,80,0.87,43.33591666328868,neutral,10,1,night,0,1,ghoster,0,1
11,46.92172352949773,them,156,0.46,68.1066505696362,enthusiastic,8,0,day,1,1,dry_texter,0,1
8,1.5357046773919745,me,77,0.64,73.71937662761748,dry,1,1,night,1,1,dry_texter,1,1
29,50.649404679507676,them,99,0.93,117.19991482454577,neutral,9,0,day,0,1,casual,1,1
41,64.42406369153596,them,189,0.35,24.244421420892355,neutral,10,0,night,1,0,ghoster,0,1
23,11.384505438989141,them,136,0.72,59.25008590517589,dry,1,0,day,0,0,ghoster,0,1
13,29.61044122449296,them,145,0.63,15.795460813428178,dry,5,1,night,1,0,ghoster,0,1
21,68.46636701565134,me,90,0.9,80.61661804546733,enthusiastic,9,0,day,1,1,casual,0,1
28,56.59567520174927,me,173,0.78,102.82027722772486,neutral,1,0,day,0,1,ghoster,0,1
7,22.643355607992,them,169,0.44,17.27580323524483,enthusiastic,9,1,night,0,1,ghoster,0,1
47,39.349636126968974,them,133,0.33,103.48466981023259,neutral,1,1,night,0,0,interested,0,1
46,39.01886825915591,them,8,0.17,90.07362206519187,dry,1,0,night,0,0,ghoster,0,1
21,62.421770009128856,me,153,0.66,51.877349894338245,neutral,6,0,day,0,1,casual,0,1
19,36.80414787543836,them,70,0.31,104.50063857928046,dry,0,1,night,1,1,ghoster,0,1
27,59.17171195551234,them,26,0.5,12.553887492147522,dry,3,0,night,0,0,ghoster,0,1
33,58.58150341616326,them,15,0.45,7.944422917320245,neutral,0,1,night,1,1,interested,0,0
24,51.25222339223896,them,21,0.95,51.08247964855062,enthusiastic,6,1,night,0,0,ghoster,0,1
46,18.697347556173945,me,173,0.27,81.2501918267791,neutral,3,1,night,0,1,ghoster,1,1
10,0.556558854286445,them,28,0.39,26.790985563459753,enthusiastic,1,0,day,1,0,interested,1,0
7,68.65848931629445,them,155,0.13,50.18452763232707,dry,1,0,night,1,1,ghoster,0,1
46,31.646600255553118,them,192,0.13,49.96813210553618,neutral,9,0,night,0,0,casual,0,1
28,24.263698228756162,me,125,0.95,24.908984528823648,dry,1,1,night,0,0,casual,1,0
28,57.60755781181395,them,88,0.62,114.34177294768845,neutral,10,1,day,0,0,dry_texter,0,0
25,15.443859420135468,me,117,0.17,12.381054724043858,neutral,4,0,night,0,0,casual,1,1
19,28.962108320675917,them,80,0.99,50.48234521315388,enthusiastic,8,1,night,1,1,dry_texter,0,1
8,37.10030481970923,them,56,0.61,67.36925399663559,dry,1,0,night,1,1,ghoster,0,1
50,4.688956979750061,me,54,0.31,80.175180033819,neutral,0,1,night,1,1,casual,1,1
6,16.45002292223629,me,43,0.34,29.364183897553165,enthusiastic,10,0,night,0,0,ghoster,1,1
47,70.37787990386532,them,108,0.84,44.635449239574136,dry,0,1,night,0,0,casual,1,1
17,22.420326508406596,me,9,0.86,107.62316986193616,enthusiastic,8,1,day,1,0,interested,1,1
43,66.0322157878452,them,10,0.62,30.215717426720968,enthusiastic,8,0,night,0,1,casual,0,0
14,5.7408878790621065,me,112,0.4,34.491091826821176,neutral,5,0,night,1,1,ghoster,0,1
41,50.72688678073424,them,159,0.73,43.30677698078672,enthusiastic,9,1,day,0,1,interested,1,0
42,62.462047368837496,me,97,0.59,109.0395748456324,dry,3,1,day,0,0,casual,0,1
28,39.02389506939014,them,38,0.02,28.24821555083144,neutral,5,0,day,0,1,casual,1,1
29,71.83390925306306,them,25,1.0,27.53167041915797,neutral,2,1,night,1,1,interested,1,0
45,5.087176319624661,me,139,0.27,116.9775934896215,enthusiastic,10,0,night,0,1,dry_texter,1,0
10,50.02228014227462,them,106,0.49,19.128340687681547,enthusiastic,3,1,night,1,1,interested,0,1
48,14.211238110693113,me,176,0.88,67.45820774845552,enthusiastic,9,1,day,0,0,interested,1,0
4,70.01117944767385,me,45,0.28,117.27011903830879,neutral,0,0,night,1,0,casual,0,1
41,10.735456454866664,me,75,0.88,53.339505625859,enthusiastic,9,1,night,0,0,ghoster,0,1
47,52.35714373167475,them,187,0.14,113.62759430984494,enthusiastic,2,0,day,0,1,casual,1,1
22,64.32346420181113,them,197,0.34,3.354500100857028,neutral,10,1,day,0,0,casual,1,1
38,28.04288139034667,me,160,0.9,84.19238487348676,enthusiastic,5,0,night,1,0,ghoster,0,1
45,38.25276315901509,them,200,0.51,20.386155027681525,dry,7,1,night,1,0,ghoster,0,1
45,47.212684502949024,me,127,0.38,89.40242892440246,dry,10,1,day,0,0,casual,0,1
18,22.038056733101733,me,114,0.51,101.87716557485076,dry,0,0,day,1,0,ghoster,0,0
37,22.141206123833808,me,169,0.76,65.32132238402036,enthusiastic,10,1,night,1,0,casual,1,0
26,36.086912407712674,me,166,0.69,56.98206422983738,neutral,7,1,night,1,1,ghoster,0,1
27,20.72660612142745,me,130,0.11,16.34694392875891,dry,5,1,night,0,1,interested,1,1
24,52.62628077527073,me,147,0.28,108.80978656194219,neutral,10,1,day,0,1,casual,0,1
17,35.37447583350765,them,1,0.2,67.09678042765171,enthusiastic,8,0,night,0,0,interested,1,1
44,54.568286291192436,them,29,0.63,78.97387252686084,dry,9,1,night,0,0,casual,1,1
28,39.881928122718094,me,142,0.72,48.42834373651788,enthusiastic,8,0,night,0,1,casual,0,0
25,25.098667956879112,me,64,0.33,59.4474783478975,enthusiastic,9,0,night,1,0,dry_texter,0,1
34,18.406911987795866,them,8,0.67,111.61775345969784,neutral,2,1,day,1,1,casual,0,1
35,6.348716800472238,me,116,0.4,55.372041427935066,neutral,8,1,night,0,1,interested,1,1
37,31.525033735211302,them,129,0.95,69.32492756448042,enthusiastic,3,0,day,1,0,ghoster,0,1
25,8.449104338764567,me,62,0.15,118.086612658027,enthusiastic,7,1,day,1,1,interested,1,1
27,54.309122654264556,me,55,0.14,36.83634394817917,neutral,3,1,night,0,1,ghoster,0,1
10,58.176056955495525,them,9,0.01,17.644684216216135,enthusiastic,4,0,night,0,0,ghoster,0,1
45,70.26630499420806,them,177,0.02,39.88127677672152,neutral,9,0,night,1,0,dry_texter,0,1
21,16.90922283664854,them,76,0.62,47.618406183565575,enthusiastic,0,1,night,1,1,casual,1,1
25,52.593247179667564,me,194,0.99,112.1843296870076,dry,0,0,day,1,0,casual,0,1
27,57.9551456486008,them,196,0.89,52.99076781095147,enthusiastic,3,0,night,0,1,dry_texter,1,1
8,67.00646036347999,me,40,0.76,106.40978557214346,neutral,5,0,day,0,1,interested,0,1
37,15.771147537208964,me,37,0.87,31.480367831434474,neutral,6,1,day,0,0,casual,1,0
18,55.208820149617836,me,160,0.8,69.04541972560109,neutral,10,0,night,1,0,casual,0,1
21,42.28252418097683,me,124,0.01,88.82297740471668,enthusiastic,6,1,day,0,1,casual,1,1
34,61.31483163607952,them,11,0.7,60.79635034596304,dry,1,1,day,0,1,casual,0,1
29,64.01990783170585,them,35,0.51,115.45086378426718,dry,0,0,night,0,1,casual,1,1
36,67.36918662238403,me,147,0.1,78.6608107134617,dry,4,1,night,1,1,interested,0,1
16,39.1401613053005,them,91,0.99,55.62762385798007,enthusiastic,2,1,day,1,1,ghoster,0,1
15,1.9763137531940211,me,96,0.39,1.8067565079411367,enthusiastic,4,1,night,0,1,interested,1,1
50,52.25480955782683,them,14,0.42,75.77668399827176,neutral,6,0,night,0,1,interested,0,0
28,23.747694156307066,me,122,0.57,116.11662367425366,enthusiastic,1,1,night,1,0,ghoster,1,1
21,62.610180161694025,me,178,0.79,93.34914561671053,enthusiastic,6,0,day,0,0,ghoster,0,1
50,62.615033434410904,me,65,0.68,28.117472909630035,dry,1,0,day,0,1,ghoster,0,1
41,67.08995061933628,me,57,0.95,94.87533508740434,dry,9,0,day,1,1,casual,0,0
20,27.78313862990198,me,189,0.88,62.28184232647724,neutral,10,0,night,1,1,ghoster,0,1
3,53.8501265600667,them,142,0.04,6.904856295496225,neutral,8,1,day,0,1,ghoster,0,1
21,19.408234953155713,them,117,0.54,67.61828843242638,dry,7,1,night,0,1,interested,1,0
8,68.77213541595115,them,110,0.41,106.74399447439626,enthusiastic,9,1,night,0,1,interested,1,0
10,65.57035842894655,them,110,0.54,44.082245801157086,neutral,10,1,day,1,0,ghoster,0,1
23,44.51642914985062,me,44,0.66,33.78830644866201,dry,3,0,night,0,0,ghoster,0,1
7,37.907460798809815,them,25,0.31,106.49298956290167,enthusiastic,8,0,night,0,1,interested,1,0
6,45.35627256613675,me,174,0.98,42.11544195030506,dry,1,1,day,0,1,dry_texter,0,1
13,32.08425280674082,me,59,0.77,106.7773998078188,enthusiastic,1,1,night,0,1,casual,0,1
34,71.21942296798983,them,170,0.2,26.640543241174356,enthusiastic,5,1,night,0,1,dry_texter,1,1
10,41.37884972430157,them,27,0.75,42.31833584213133,neutral,7,1,day,1,0,casual,0,1
3,43.007059862990076,them,86,0.31,70.61831863112957,enthusiastic,2,1,day,1,0,ghoster,1,1
50,6.273218395565585,them,13,0.89,78.35995892012464,neutral,4,0,night,1,1,casual,0,1
2,6.938895009218738,them,98,0.61,33.854589341657,enthusiastic,1,1,night,0,1,ghoster,1,1
1,52.115975950469306,me,52,0.27,75.88552102801428,enthusiastic,1,0,day,1,0,dry_texter,0,1
7,22.437246277682355,them,26,0.28,103.0010132579367,enthusiastic,5,1,day,1,0,ghoster,1,0
28,52.306141060648216,me,137,0.26,107.48062857936938,enthusiastic,1,1,night,0,1,casual,0,1
3,32.8085880489627,me,80,0.72,46.834969317774146,neutral,5,0,day,0,0,ghoster,0,1
40,44.25652762819545,me,132,0.48,26.109353268730374,dry,2,1,night,0,0,ghoster,0,1
40,61.711677784668666,me,68,0.83,18.390845433616473,enthusiastic,6,0,night,0,1,ghoster,0,1
49,59.356693083769756,them,67,0.59,7.238196923393989,neutral,3,1,day,1,1,interested,1,1
19,10.44480107946909,me,163,0.38,8.370132655551622,dry,9,1,day,1,1,interested,1,1
25,20.949145187148453,me,156,0.61,11.593178342604823,dry,6,1,night,1,0,casual,1,0
3,3.0346793958338516,me,139,0.75,69.44584712689817,dry,2,0,night,0,1,ghoster,0,1
37,21.644067067238343,me,40,0.33,77.27520867010867,neutral,7,1,day,1,1,ghoster,0,1
50,58.340453899966995,them,112,0.2,23.388341776659942,neutral,6,1,night,1,0,casual,1,1
16,16.16396390176297,them,92,0.79,77.27965709914703,enthusiastic,4,0,day,1,1,casual,0,1
49,56.459596102632005,them,145,0.51,85.74775235962935,dry,9,1,day,0,1,casual,1,1
22,49.6259089255368,them,45,0.96,42.88465461520396,neutral,3,1,night,1,0,ghoster,0,1
48,70.73660024194173,them,121,0.1,43.59461610483459,neutral,6,0,day,0,0,interested,0,1
46,10.071411185672117,them,94,0.11,12.487630854246467,neutral,9,0,day,0,0,dry_texter,0,1
27,58.95640641904481,me,106,0.74,89.83720976997981,dry,4,1,night,0,1,interested,1,1
26,35.171966963532384,them,127,0.55,97.366241580521,dry,10,0,night,0,0,casual,0,1
44,28.31358729073797,them,91,0.79,50.32799614733977,enthusiastic,0,0,day,1,0,interested,1,0
30,17.8085987319884,me,181,0.55,43.12688092813375,neutral,5,0,night,1,1,casual,0,1
28,20.461138140983046,me,4,0.62,91.42212871682311,enthusiastic,6,0,night,0,1,ghoster,0,1
37,15.647386015113334,me,146,1.0,15.67647347258791,enthusiastic,9,1,night,1,1,interested,1,0
1,2.600416200052453,them,24,0.36,14.456347829389225,neutral,8,1,day,1,0,dry_texter,1,1
50,58.67559381355348,them,105,0.96,60.69308562948028,enthusiastic,5,1,day,0,0,ghoster,1,1
23,62.15271315781912,me,79,0.7,31.11396852316322,neutral,3,1,night,1,0,interested,1,1
14,48.98340174527743,me,119,0.33,50.30769738508379,enthusiastic,10,1,night,1,0,dry_texter,0,1
7,18.845584398886384,them,197,0.33,89.27263908139675,dry,5,1,day,1,0,interested,1,0
18,3.438084833593635,me,82,0.12,115.72453682076952,enthusiastic,1,1,day,1,0,dry_texter,1,1
41,19.63859352091658,me,154,0.69,109.15599261285183,neutral,4,0,day,0,1,dry_texter,0,1
37,53.26569371035861,me,74,0.34,72.36453269015455,enthusiastic,6,0,night,0,1,interested,1,1
9,26.453655305758573,me,147,0.7,98.88058317556363,neutral,8,1,day,1,1,casual,1,1
10,22.07954377234579,them,100,0.12,31.89958045753023,dry,8,0,night,0,0,interested,1,1
28,48.533652795644734,them,26,0.83,82.66834222421436,enthusiastic,1,0,night,1,0,casual,1,1
14,17.225567668063555,them,1,0.53,7.120375303158188,enthusiastic,3,1,night,1,1,casual,1,1
44,8.270087415574569,me,62,0.23,1.8799137679051932,dry,5,1,night,1,1,dry_texter,0,1
7,25.688322056707676,them,129,0.23,35.59089944097319,enthusiastic,4,0,day,1,1,casual,1,1
40,2.113479850964369,me,165,0.96,113.30364290647668,enthusiastic,9,0,day,0,1,ghoster,0,1
32,6.3330008306741155,them,79,0.42,108.92713803794743,dry,5,0,night,1,0,casual,1,1
44,15.576215832024632,them,131,0.66,87.29607971198139,enthusiastic,9,1,day,1,1,dry_texter,0,1
15,24.949859534892887,me,172,0.61,1.0146744142090198,enthusiastic,6,1,day,1,1,interested,1,0
5,23.289456339359752,me,40,0.31,117.6151528713558,enthusiastic,3,0,night,1,0,interested,1,1
42,19.392677255875395,me,65,0.1,2.9653957368106685,neutral,2,1,night,0,1,dry_texter,1,0
26,68.19882431741587,them,176,0.31,34.90323520542086,neutral,7,1,night,1,1,dry_texter,0,1
33,29.400326930481437,me,2,0.89,11.590572559978092,dry,3,0,day,1,0,interested,0,1
31,8.685055877402048,them,19,0.3,72.74680059917875,enthusiastic,1,1,day,1,1,dry_texter,1,1
14,39.220062884596395,them,177,0.15,4.480645622880644,neutral,8,0,day,1,1,ghoster,0,1
25,27.542606093252605,them,158,0.17,105.75977422005533,dry,5,1,day,1,0,ghoster,0,1
15,20.563424564797476,them,189,0.84,87.76895514331939,enthusiastic,1,0,day,0,0,ghoster,1,0
34,45.02341880420621,them,164,0.57,40.33626632068668,dry,10,0,day,0,1,casual,1,1
36,10.8069791199739,me,148,0.54,81.41377536032742,dry,1,0,day,1,1,casual,1,1
30,28.081565905957333,them,137,0.82,30.257814150963767,dry,10,1,day,0,1,ghoster,0,1
25,24.394161232446603,them,51,0.02,48.94905657672694,dry,6,0,night,1,0,ghoster,0,1
14,0.7269804378040474,me,133,0.27,110.72883752717576,dry,9,0,night,0,0,interested,1,0
13,1.522387303760122,them,1,1.0,90.61196752098331,neutral,9,1,day,1,1,casual,0,1
11,41.067431272628504,me,37,0.71,34.43539891540329,enthusiastic,4,0,night,0,1,casual,0,0
4,37.41302833967174,them,30,0.94,78.91918946468492,neutral,3,0,day,0,0,ghoster,1,0
19,5.504970093901799,me,122,0.41,19.889569728451132,neutral,5,1,day,1,0,dry_texter,0,0
28,16.867329051100523,them,133,0.07,96.07524978455773,neutral,4,1,night,1,1,ghoster,1,1
7,55.87560764131688,me,155,0.65,112.84832235629594,enthusiastic,10,1,day,0,1,interested,0,0
3,9.47833399307039,them,64,0.89,76.42779082407199,enthusiastic,6,0,day,0,1,interested,1,0
15,58.47286198939226,them,127,0.82,48.030235386183115,dry,7,0,night,0,1,dry_texter,0,1
6,39.260295909071786,me,137,0.23,60.339019825084236,neutral,0,1,day,0,1,ghoster,0,1
34,11.851884989400894,me,56,0.11,10.356668323071272,neutral,8,0,night,0,1,casual,1,0
35,45.128433602947474,them,38,0.8,67.95201786690309,dry,4,0,day,0,1,ghoster,0,1
1,4.405058522515251,me,159,0.36,80.32779972487148,dry,10,0,day,0,1,ghoster,1,1
7,27.917910228222695,them,143,0.73,102.7217723297906,neutral,8,0,day,1,0,dry_texter,0,0
35,28.02485198776961,them,155,0.14,93.90819682488933,neutral,4,0,night,1,1,casual,0,1
15,56.19765055992355,them,51,0.65,49.04543118308014,dry,9,0,night,0,1,dry_texter,0,1
5,64.38798019985266,me,17,0.44,84.15191883163126,neutral,6,1,day,1,0,interested,0,0
23,36.97900733146077,them,187,0.72,90.33164401330312,dry,4,1,day,1,1,interested,0,1
23,27.655096752191778,them,26,0.68,38.54775053270108,neutral,6,1,day,1,1,interested,0,0
2,7.528791469382262,me,178,0.34,63.649535904790326,enthusiastic,3,1,night,1,0,ghoster,1,1
27,5.629047104415514,me,183,0.71,101.75768895103053,dry,3,1,night,0,1,interested,1,0
48,68.85237471584101,me,65,0.2,114.49484121994973,dry,9,1,night,0,0,interested,1,1
38,39.17758006376872,me,3,0.57,34.38764829840924,dry,3,1,night,1,1,interested,1,1
48,0.0291390617193219,them,116,0.55,5.4358215185719745,enthusiastic,9,0,night,0,0,ghoster,0,0
39,61.82951084446914,me,133,0.77,92.43512552291484,neutral,4,0,night,0,1,ghoster,0,1
31,63.75349423874849,them,182,0.46,23.040729613076465,neutral,10,1,day,1,0,dry_texter,0,1
35,39.181890461449,me,172,0.64,12.458414831226547,dry,4,1,day,1,1,interested,0,1
22,2.9477548539017713,them,42,0.27,101.2687485213923,enthusiastic,1,1,night,1,0,interested,1,0
30,4.480985518940756,them,184,0.08,105.20477192864213,dry,1,0,night,1,0,casual,1,1
2,21.093045324903926,me,80,0.47,53.05833615952743,enthusiastic,3,1,night,0,0,ghoster,0,1
43,41.07369501016058,me,79,0.32,36.309230535302035,neutral,10,1,day,0,0,interested,0,0
36,30.138650233478437,them,118,0.8,80.17037616219098,dry,7,0,day,1,1,ghoster,0,1
6,54.169494709771996,me,183,0.84,49.07218719840824,dry,5,1,night,0,0,interested,0,0
2,24.9443498899154,them,96,0.02,96.69355482997116,neutral,4,1,day,1,1,ghoster,0,1
11,35.77491190175066,them,40,0.8,108.70970371792602,dry,0,0,day,1,1,casual,0,1
13,33.08282788176193,me,191,0.23,57.89493996169181,neutral,0,1,day,0,0,casual,0,1
50,10.136182251383985,them,124,0.92,51.03281743446323,neutral,9,1,night,1,1,casual,0,1
19,11.247070715852601,me,125,0.44,57.674389170994026,enthusiastic,4,1,night,1,1,dry_texter,1,1
12,19.946732356423823,them,146,0.24,46.92436912686441,enthusiastic,2,1,day,1,1,casual,1,1
7,6.226788756663204,them,124,0.53,29.623195140741256,enthusiastic,1,1,night,1,1,ghoster,1,0
43,51.91632543183193,me,50,0.07,64.88893157409345,dry,7,1,night,0,1,ghoster,0,1
1,23.79680497493953,me,171,0.82,39.604372695156705,enthusiastic,4,1,day,0,0,ghoster,1,0
26,61.744086376542796,me,89,0.23,16.784061249926403,neutral,1,0,day,1,0,ghoster,0,1
17,31.44244185346773,them,14,0.78,13.195662370348497,dry,5,0,night,1,0,interested,0,0
11,13.246341019208582,them,20,0.74,32.292565602004615,neutral,5,1,day,1,1,ghoster,0,0
25,39.09582562126851,me,2,0.94,22.408529914423895,neutral,1,0,day,0,0,interested,1,0
47,55.064545677848415,them,114,0.97,38.49030508137796,neutral,5,1,night,0,1,casual,1,1
9,71.5860040761202,me,141,0.79,76.51501858744288,neutral,6,1,day,1,0,dry_texter,0,1
37,70.59572720733192,them,81,0.51,91.07681959013252,neutral,2,1,day,0,1,interested,1,1
34,19.91603887851432,me,155,0.06,48.508650509038745,dry,9,1,night,0,0,ghoster,1,1
22,36.14662880071229,them,46,0.99,32.881662602262736,neutral,6,0,day,0,1,casual,0,1
38,17.688016543941913,me,151,0.52,82.5666494631605,dry,2,0,day,0,1,interested,0,0
25,36.693222433924234,me,84,0.29,13.872729235101792,neutral,10,1,day,0,1,interested,1,1
24,5.566142471456621,me,193,0.05,21.932739964517474,enthusiastic,6,0,night,0,1,ghoster,0,1
17,63.40718375369532,them,109,0.27,76.66292879796985,dry,0,0,day,0,0,dry_texter,0,1
31,17.000658839710134,them,141,0.34,21.70864425735018,enthusiastic,6,1,night,1,0,casual,1,1
6,10.746438515270896,them,129,0.5,62.84417405917079,enthusiastic,9,0,day,0,1,interested,1,1
2,47.734598142687496,them,15,0.46,99.962082816316,enthusiastic,10,0,night,1,1,dry_texter,0,0
29,4.996841187949884,me,29,0.37,90.81301969670118,neutral,8,1,day,0,0,casual,1,1
28,63.794685547202604,them,110,0.53,45.1706489556458,dry,1,0,day,0,1,dry_texter,0,1
45,57.80722750794271,them,9,0.84,59.41421579143055,dry,9,0,night,1,0,interested,0,1
11,66.91301457207994,me,126,0.25,117.12720290040744,enthusiastic,10,1,night,0,1,dry_texter,0,1
8,40.55039592951677,them,170,0.63,32.78460925262361,enthusiastic,10,0,night,1,0,casual,0,0
8,63.55229201344514,them,2,0.69,115.30338628210689,dry,8,0,day,0,0,dry_texter,0,1
37,51.73224879707337,them,197,0.05,68.9784364988827,dry,4,1,night,0,1,interested,0,1
35,13.057299934151658,them,91,0.9,74.04805370270472,dry,1,1,day,0,1,ghoster,1,1
33,26.28478760471549,them,200,0.04,56.31649841241396,dry,1,1,day,0,1,interested,1,0
13,9.118362526769786,them,16,0.93,83.7045777142422,neutral,2,1,day,1,1,dry_texter,1,1
26,55.67396805997509,them,106,0.61,112.6122571698775,neutral,2,1,day,0,0,interested,0,1
17,13.778272987968805,them,126,0.73,3.051773787984249,neutral,3,0,day,0,0,dry_texter,0,0
15,34.623418143241786,me,165,0.73,104.64004063294348,dry,3,1,night,0,0,dry_texter,1,1
27,71.90567411970382,them,21,0.04,78.52743894610641,dry,0,1,day,0,1,casual,0,1
14,45.03571948952505,me,78,0.51,69.76983673977695,neutral,0,0,night,1,0,interested,0,0
34,3.444580604820418,me,129,0.48,60.294869831998156,neutral,7,1,day,0,0,casual,0,0
43,53.42363004908164,them,71,0.26,64.78324790303505,enthusiastic,5,0,day,0,0,casual,1,1
7,39.53952023201786,them,46,0.62,20.139908203339388,neutral,4,1,night,0,0,ghoster,0,0
32,47.59955944670039,me,13,0.42,23.918494752003898,dry,5,1,night,0,0,ghoster,0,1
25,11.88204627189402,them,120,0.31,102.06856401395767,enthusiastic,9,0,night,0,1,interested,1,0
24,27.66403523840625,me,22,0.82,103.31032794102207,dry,8,0,day,0,1,dry_texter,0,1
2,42.131581034507946,them,58,0.99,83.23717846656712,dry,1,1,day,1,0,ghoster,0,1
14,18.024426824593515,them,169,0.27,71.38388767218301,neutral,4,0,day,0,1,casual,1,1
13,57.58269086467408,them,137,0.06,84.63814597761716,enthusiastic,7,1,night,0,1,dry_texter,0,1
23,60.682523792539946,them,143,0.91,29.55969340827269,dry,9,0,night,0,1,ghoster,0,1
44,45.09429724752476,me,36,0.94,60.731358002130705,enthusiastic,1,1,night,0,1,ghoster,0,1
4,69.42735756919662,them,57,0.44,60.27459421752016,neutral,7,1,day,1,0,dry_texter,0,1
1,63.106240060059704,me,59,0.24,100.18832514989231,enthusiastic,10,0,day,1,0,dry_texter,0,1
50,46.262832053689195,me,28,0.36,76.7122862970095,enthusiastic,1,0,night,1,0,dry_texter,0,1
21,27.174089353054743,them,110,0.56,106.84907701418004,neutral,10,0,day,1,1,ghoster,0,1
38,7.507249988526699,them,190,1.0,15.125308236387431,dry,10,0,day,0,0,ghoster,0,1
50,41.80681374117142,me,35,0.38,49.9600351030931,enthusiastic,9,0,night,0,1,ghoster,0,1
45,56.50172498175311,them,117,0.92,95.1592083966516,enthusiastic,6,1,night,1,1,ghoster,0,1
41,36.501227089230376,me,119,0.32,88.15158700928566,neutral,8,0,day,0,1,casual,0,1
19,49.767263402940074,me,112,0.5,60.51301415351233,neutral,7,0,night,0,1,dry_texter,0,1
6,70.05965805883321,me,35,0.07,26.924713852709313,enthusiastic,5,1,day,0,0,casual,1,1
32,28.681265268711627,me,15,0.51,64.96007812484554,neutral,10,0,night,0,0,ghoster,0,1
19,16.1890624735573,them,76,0.62,67.99230531878524,neutral,4,1,day,1,1,ghoster,1,1
40,38.047040264675786,them,150,0.38,31.475826464911748,neutral,5,0,night,0,1,casual,0,1
12,19.15175879582911,them,42,0.56,59.60542709946606,dry,3,0,day,1,1,ghoster,0,1
30,8.551354657584708,me,2,0.27,40.69981207833916,enthusiastic,9,0,day,1,0,interested,1,1
42,28.626510875892627,them,9,0.19,38.18087552331287,dry,10,0,night,0,1,interested,0,1
18,29.354778261109576,them,94,0.3,11.221036918325108,dry,3,0,night,1,0,ghoster,0,1
42,29.56776205632458,me,7,0.69,46.439768543670134,dry,8,1,night,1,1,interested,1,0
21,60.99898230214467,me,17,0.98,11.428178274432762,neutral,3,1,night,1,0,ghoster,0,1
44,34.55164816194799,me,54,0.26,37.76363737742553,neutral,2,1,night,1,1,interested,0,1
2,48.143007838093254,me,90,0.73,10.031669349840923,enthusiastic,4,0,night,0,0,dry_texter,0,1
10,66.06456512819881,me,13,0.03,74.56963924320847,enthusiastic,1,0,night,1,0,dry_texter,0,1
37,57.660423602109155,me,93,0.05,73.07567848498164,neutral,3,0,day,0,1,casual,1,0
24,35.251019282406105,me,29,0.98,103.67536352146911,enthusiastic,2,1,day,0,0,interested,1,0
8,36.8881792966504,me,69,0.36,50.317924937387374,enthusiastic,1,1,night,1,0,ghoster,1,1
40,68.31515009646013,me,61,0.23,117.97040007767002,neutral,9,0,day,0,1,casual,1,1
49,39.12554965759937,them,185,0.14,38.02050793775653,neutral,10,0,night,0,1,interested,1,1
28,39.64401277852826,me,20,0.54,16.301669735735718,neutral,6,0,day,1,0,ghoster,0,1
42,20.508600163144738,them,60,0.14,86.28009400757482,dry,2,0,night,0,1,casual,1,1
48,5.659008886042197,them,65,0.1,41.74032012303076,dry,8,1,night,1,1,interested,1,1
20,15.467751291859084,them,20,0.0,55.530829450192,neutral,10,0,night,1,0,dry_texter,1,1
18,47.71855430832117,me,72,0.73,15.125466917709279,enthusiastic,5,1,day,1,1,dry_texter,0,1
8,53.560011142504074,them,8,0.91,51.39857324341963,neutral,0,0,night,0,0,interested,1,0
17,44.10945074516521,them,141,0.93,20.636741463306944,enthusiastic,4,0,night,0,1,casual,0,0
1,23.235961542325526,them,141,0.13,7.108564252758457,enthusiastic,0,0,day,1,0,casual,1,1
41,8.281301560116205,them,197,0.14,76.59038396265349,enthusiastic,4,1,day,0,0,casual,1,0
38,0.8087821309408065,them,23,0.02,95.63712922510022,dry,2,1,day,1,1,casual,1,1
14,12.156337432914302,me,60,0.18,21.317672920661117,dry,8,0,night,1,0,interested,1,0
23,3.5440579692183736,them,139,0.33,35.94866566632665,dry,8,1,day,0,1,interested,0,1
33,29.998603418318417,them,12,0.02,69.13202468620435,enthusiastic,7,1,night,0,0,ghoster,1,0
19,59.963335948569785,them,64,0.47,83.93027695213128,enthusiastic,10,0,day,0,1,ghoster,0,1
45,9.742251984617596,them,139,0.92,51.74020659786648,neutral,1,1,night,0,1,dry_texter,0,1
42,35.76112249282109,me,120,0.98,72.42286591722828,dry,10,0,day,1,0,casual,0,1
41,67.2078567285457,me,52,0.27,114.9621561487814,enthusiastic,1,1,night,1,1,casual,0,1
15,39.0218681214158,me,97,0.11,41.799092599481696,dry,1,0,night,1,0,casual,0,1
31,14.78080106347728,them,168,0.39,37.351120779643345,dry,4,0,day,0,1,dry_texter,0,1
35,4.182708562329461,me,28,0.0,49.77322318787845,enthusiastic,2,0,night,1,0,casual,1,1
47,22.625136358894867,me,165,0.58,60.56964273614569,enthusiastic,5,1,day,1,0,dry_texter,1,1
3,64.26040469248085,me,70,0.37,85.93097629794003,enthusiastic,9,0,day,1,1,interested,0,1
27,42.23214125232975,them,157,0.54,72.7424874213207,enthusiastic,3,0,day,0,1,ghoster,0,1
2,54.8821463131638,me,182,0.05,42.2912075992434,neutral,9,0,night,1,0,interested,1,1
40,27.060963054044834,me,5,0.8,119.14194895176985,enthusiastic,2,0,night,1,0,ghoster,0,1
13,42.76437513195842,me,135,0.36,101.22618185703801,neutral,6,1,night,0,1,ghoster,0,1
34,39.47799012814256,me,2,0.47,110.77636931003983,enthusiastic,8,1,day,0,0,interested,1,1
41,55.9088495807155,me,119,0.74,16.30097193047448,enthusiastic,2,1,night,0,0,interested,1,0
7,39.27733595760205,them,129,0.86,38.01592069931948,neutral,6,1,night,0,0,dry_texter,0,0
29,63.48214499364149,them,128,0.09,41.294470642046164,neutral,5,1,night,1,0,ghoster,0,0
5,71.01794394666408,them,8,0.69,70.908995865763,dry,5,1,night,1,1,casual,0,0
23,17.723778901392606,them,199,0.95,89.10577303792489,enthusiastic,10,0,night,1,1,ghoster,0,1
12,1.0156135980052285,me,27,0.84,92.19585345067891,neutral,9,1,day,1,1,interested,1,1
31,31.511677560565783,me,112,0.22,6.071851912120861,enthusiastic,6,0,day,0,0,ghoster,1,1
39,46.521933797621756,them,47,0.9,1.1455270729892644,neutral,10,1,day,1,1,dry_texter,0,1
28,7.098360044312861,them,168,0.79,112.59291913545944,neutral,0,0,day,0,0,casual,0,0
44,16.03849949764016,them,186,0.4,88.37178284492644,dry,7,0,night,0,0,interested,0,1
21,61.209603174475816,me,190,0.56,55.828437115242075,dry,10,0,night,0,0,ghoster,0,1
38,29.876956837219787,them,134,0.47,8.512481711854033,neutral,3,0,day,0,0,casual,1,0
3,33.577304364926626,me,132,0.16,119.21388989655641,enthusiastic,5,1,night,1,0,casual,0,1
35,13.711323718067192,me,75,0.02,78.51862774995247,neutral,9,0,night,1,1,dry_texter,0,1
49,51.216928326568635,me,89,0.2,54.70646719754505,dry,1,1,day,0,0,casual,1,1
8,45.50837032887997,them,88,0.38,117.55936183530618,enthusiastic,2,0,day,0,0,casual,1,1
6,28.974143917680117,them,80,0.23,26.847461542384202,enthusiastic,3,1,day,1,0,interested,1,1
29,54.141012227621296,me,158,0.93,69.83088235010041,enthusiastic,0,1,night,1,1,casual,1,0
50,6.727123170374029,me,20,0.04,5.774473606748337,dry,0,1,night,0,0,dry_texter,1,0
25,64.69071297397569,them,182,0.35,3.483399859280159,enthusiastic,9,1,day,1,0,casual,0,1
12,53.12313576959238,me,43,0.34,26.521572743242373,neutral,4,0,night,1,1,dry_texter,0,1
23,69.30709733754998,me,142,0.57,31.501086439347617,dry,1,0,night,1,0,dry_texter,0,1
5,68.33765230691287,them,9,0.73,32.5783971310093,neutral,8,0,day,0,0,casual,0,1
19,20.047357743197104,them,138,0.3,43.25719752486355,enthusiastic,6,1,night,1,0,dry_texter,1,1
38,6.699653465182631,me,98,0.72,58.07822572172926,dry,3,0,night,0,0,ghoster,0,1
9,15.232443487658033,them,83,0.26,89.03484325063218,enthusiastic,2,1,day,0,1,casual,1,1
41,61.97129219799399,me,16,0.94,115.54229791827562,neutral,8,0,day,0,1,ghoster,0,1
14,40.547931137190666,me,195,0.66,77.22729763598159,dry,8,0,day,0,1,interested,1,1
21,24.460237747317723,them,10,0.39,15.157027692649976,dry,10,0,night,1,0,ghoster,0,1
11,5.1407016650028,them,42,0.67,105.18988519268454,dry,4,0,day,1,1,dry_texter,0,1
18,42.67941370146542,them,88,0.2,5.161845932104173,neutral,4,1,day,0,1,dry_texter,0,1
10,10.065113285813217,them,144,0.1,10.38937431014294,dry,5,0,day,0,0,casual,0,1
20,63.14197257887238,them,110,0.41,94.12620520936377,neutral,0,1,day,0,0,ghoster,0,1
43,0.51456817299308,them,125,0.22,83.20561790785287,neutral,9,1,day,1,1,interested,1,1
13,3.729367617576437,me,87,0.22,82.46396382532204,dry,6,1,night,1,0,ghoster,1,1
19,1.6466747459632387,me,69,0.52,22.833913760058675,dry,9,1,night,1,0,interested,1,1
7,28.558746355427708,them,91,0.32,19.34154267693763,enthusiastic,4,1,day,1,0,ghoster,0,1
38,41.515525209529514,me,187,0.83,76.47778832290936,enthusiastic,6,1,day,0,0,ghoster,0,1
12,38.17696095111099,them,80,0.73,4.806686046475686,dry,10,0,night,0,1,interested,1,0
2,33.1562155927333,me,128,0.91,84.94850293976788,dry,0,1,day,0,1,interested,0,1
29,34.105386651020446,me,13,0.93,61.43026944968064,enthusiastic,1,1,day,1,1,casual,0,1
41,3.17126546948114,me,197,0.31,116.17204965226394,neutral,0,1,night,1,0,dry_texter,0,1
38,8.253825510449829,me,117,0.63,70.29605221771158,enthusiastic,1,1,night,0,1,ghoster,0,1
45,70.39763166749033,them,121,0.77,71.96809796174668,neutral,1,1,day,1,0,ghoster,0,0
18,7.377453142453767,them,62,0.78,34.31103368996541,neutral,6,1,night,1,0,ghoster,1,1
46,8.17436676320591,them,133,0.37,97.49265159824226,dry,4,0,night,0,1,ghoster,0,1
18,52.711121717485426,me,45,0.32,2.1981204046646594,dry,0,0,day,0,1,interested,1,1
6,46.58028001071455,them,120,0.26,67.65169664543879,neutral,10,1,night,0,1,casual,1,1
17,23.19215680557483,me,68,0.86,57.86265199031112,dry,8,0,night,0,0,ghoster,0,0
27,49.96235612588652,me,85,0.27,81.54520773024268,enthusiastic,7,0,day,1,0,dry_texter,0,1
41,9.47482230047095,me,124,0.78,21.73642601842923,neutral,2,0,day,0,1,interested,1,0
20,54.35320655083615,them,90,0.23,53.29655143300197,neutral,0,0,day,0,1,ghoster,0,1
20,20.05216831072193,me,116,0.52,50.9678958160827,dry,10,1,night,1,0,dry_texter,0,1
21,5.900071449037138,me,126,0.63,20.841813904754225,enthusiastic,0,1,day,0,0,casual,0,0
39,34.02633218926244,me,108,0.64,87.95903194159106,enthusiastic,2,1,night,1,1,casual,1,1
9,37.009558017754,me,103,0.62,25.370986413864934,neutral,8,0,day,0,0,casual,0,1
50,63.42673966452279,me,133,0.21,63.479897448124625,enthusiastic,10,0,night,1,0,casual,0,0
47,21.678930450961186,them,31,0.6,68.48166286140773,dry,0,0,night,0,0,interested,1,1
46,68.03716421892338,me,21,0.78,42.02402197405169,neutral,4,1,night,0,0,ghoster,1,1
40,66.12386781762974,them,68,0.77,20.670685344339866,dry,10,1,night,0,0,casual,1,1
34,15.265709879971219,them,69,0.85,18.261867905944722,dry,0,1,day,0,0,ghoster,0,0
49,26.166901027482293,them,149,0.52,108.6728661276146,dry,5,1,day,0,0,dry_texter,0,1
3,13.27300907491486,them,173,0.06,52.98144758271431,enthusiastic,4,1,night,0,0,ghoster,0,1
3,33.22202840151838,them,40,0.28,5.281463091345407,enthusiastic,9,1,day,0,1,casual,0,1
16,64.65289734373737,them,39,0.05,57.63293882667639,enthusiastic,0,0,day,1,1,dry_texter,0,1
16,26.522862971242123,me,108,0.45,37.13615494305969,neutral,4,0,night,0,1,ghoster,0,1
4,16.92303569098278,me,74,0.98,69.49713732302556,dry,3,0,day,0,0,dry_texter,1,1
21,50.89377467732591,me,51,0.62,24.100211460277226,dry,8,0,day,1,1,casual,0,0
10,67.0821036339324,them,178,0.03,93.21546802071644,enthusiastic,8,0,night,1,1,casual,1,1
31,37.81316902345099,me,134,0.24,96.36153339867194,enthusiastic,9,1,day,0,0,ghoster,1,1
27,65.56656245998693,me,197,0.22,8.566460388456425,neutral,9,0,night,1,1,interested,0,1
27,60.96494518874755,them,70,0.83,70.80597614233729,dry,8,1,day,0,0,dry_texter,1,1
22,63.926343508622736,me,4,0.74,119.03494659802527,enthusiastic,0,1,day,1,1,casual,0,1
12,34.90522779355428,them,41,0.11,41.91720137945225,dry,7,0,day,0,0,dry_texter,0,1
15,39.034062351475896,them,119,0.44,44.48174351126183,enthusiastic,7,0,night,1,1,interested,0,1
13,50.576785643319866,them,101,0.92,40.43204063155952,neutral,4,0,night,0,1,ghoster,0,1
19,54.47805331909902,them,41,0.61,68.22456961207014,neutral,7,0,night,0,1,casual,0,1
5,6.148163142136757,me,6,0.03,102.10768779103749,neutral,8,0,day,0,1,casual,1,1
48,3.4319289249174503,me,48,0.32,88.24248736582429,dry,9,0,day,0,0,ghoster,0,1
43,49.937433609374665,them,197,0.28,58.383438033736056,dry,7,1,day,1,1,ghoster,0,1
30,22.450395775649596,them,101,0.56,54.47334111217921,enthusiastic,4,0,day,1,0,casual,1,0
29,27.06015931180789,me,82,0.98,73.00359702824116,dry,0,1,night,0,0,casual,0,1
26,15.64264797238182,me,94,0.43,9.920701168467822,dry,6,0,day,1,0,casual,1,1
19,20.923837546608848,them,173,0.18,65.39213999247622,enthusiastic,4,0,day,0,1,casual,1,1
5,38.94151165543892,me,40,0.29,109.79748227088619,neutral,10,1,night,1,0,interested,1,1
4,44.282306103980886,me,122,0.35,26.361180960656984,neutral,10,1,day,1,0,ghoster,0,1
19,58.546984966817874,me,160,0.15,61.541445589709426,neutral,9,1,night,0,1,interested,0,1
19,54.27309215966062,them,163,0.81,70.25350852198716,dry,4,0,day,0,1,dry_texter,0,1
40,34.11677715070984,me,87,0.47,87.70913557233311,enthusiastic,5,0,day,0,1,casual,0,0
12,69.03143753255425,me,96,0.27,34.96788523060426,enthusiastic,5,1,day,0,0,ghoster,0,1
31,69.60761409776043,me,61,0.62,53.56594950980813,neutral,8,0,day,1,1,interested,0,1
49,34.76388070545693,them,4,0.61,69.82340515769836,dry,7,0,night,0,0,interested,0,1
19,45.678113759192605,them,78,0.25,81.78086435364229,dry,9,0,night,1,1,interested,0,1
5,70.62445251660638,them,147,0.18,16.08699287467758,dry,5,1,day,0,0,casual,0,1
20,63.22657259982098,them,49,0.42,29.875978813677804,enthusiastic,0,1,night,1,0,ghoster,1,0
43,50.25625747109494,them,96,0.61,10.565800257523515,dry,6,0,day,1,1,ghoster,0,1
44,42.59984187848388,them,27,0.77,51.19839873130491,dry,8,1,night,1,1,casual,0,1
33,60.41768132042193,them,183,0.42,76.55813913147423,enthusiastic,6,1,day,0,1,dry_texter,0,1
31,46.11234075267995,them,76,0.32,34.935838576778934,neutral,10,1,day,1,0,dry_texter,0,1
35,56.9769405340699,them,73,0.75,86.5714140502021,dry,7,1,night,0,0,dry_texter,0,1
42,24.788347443935574,them,42,0.39,106.64181797216195,enthusiastic,9,0,day,1,0,ghoster,0,1
17,28.659294554200443,me,109,0.72,92.65264311457223,enthusiastic,6,0,night,1,1,casual,0,1
35,15.162774600813492,me,186,0.8,27.981557293366752,dry,4,0,day,1,1,dry_texter,0,1
41,12.517751855140062,me,101,0.43,39.30270297608752,neutral,7,1,day,0,0,interested,1,0
14,64.50354883135796,them,103,0.41,11.714177701717704,enthusiastic,0,1,night,1,0,ghoster,0,1
27,24.88940888831941,me,188,0.61,36.104925678114554,dry,5,0,day,0,0,interested,1,1
38,70.57397669708253,me,124,0.07,71.4887299404713,neutral,6,0,night,0,1,casual,0,1
43,3.4885034486404454,them,175,0.04,53.18486448269342,neutral,4,1,day,0,1,ghoster,1,0
36,54.651322883803715,me,25,0.93,115.29215299626766,dry,1,1,day,1,1,ghoster,0,1
49,69.60278032636354,me,116,0.35,36.48218136777766,neutral,4,1,night,0,0,ghoster,0,1
34,28.30505348975774,me,135,0.29,75.30246386472257,neutral,3,1,night,1,0,interested,1,1
6,18.903428573588954,them,34,0.32,106.32233466358575,neutral,9,1,day,0,0,ghoster,0,1
40,61.90908566771241,them,93,0.68,70.90136261689777,dry,4,1,day,0,0,casual,1,0
1,45.473877374432455,me,64,0.84,76.58457224900975,dry,4,0,day,0,0,interested,1,1
10,5.821986279724808,me,135,0.28,52.36183358231373,neutral,2,1,night,1,1,casual,1,1
18,20.39123214826415,me,118,0.09,42.31576336657453,neutral,7,0,day,0,1,interested,1,1
42,35.45801200124473,me,86,0.76,115.61854902300652,enthusiastic,3,1,day,1,1,casual,1,1
13,50.23308313283839,them,101,0.13,105.1601085632337,dry,5,1,day,0,1,dry_texter,1,1
11,62.36010331794465,them,15,0.43,94.3375757469366,neutral,8,0,night,0,0,casual,0,1
28,34.75771577782818,me,64,0.53,95.48023304839286,neutral,4,0,night,0,0,casual,0,1
45,67.04582584956373,them,194,0.27,26.92001834710423,neutral,0,0,day,1,0,ghoster,0,1
26,36.27540347728526,them,96,0.33,80.80884308426141,dry,2,1,day,1,1,ghoster,0,1
50,63.79939178462606,them,37,0.58,59.81703331880256,neutral,0,0,day,0,1,casual,0,0
12,54.9383476751115,me,24,0.42,7.904127344194709,neutral,2,0,day,1,1,interested,0,1
15,47.847362450543805,them,128,0.45,27.22898655611719,dry,4,0,night,0,1,casual,0,1
22,46.030091295297225,me,56,0.73,24.812118337853832,neutral,7,1,night,0,0,ghoster,0,1
28,71.37165249620173,them,162,0.79,102.91623143961456,enthusiastic,9,0,night,1,0,interested,0,0
34,67.0272033170485,them,172,0.77,83.56614119026258,enthusiastic,4,0,day,1,1,ghoster,0,1
6,7.138372562366413,them,198,0.35,96.58529335654075,dry,7,1,day,1,1,interested,1,1
5,52.84705647976205,them,33,0.59,108.56111091325548,dry,2,1,day,0,1,ghoster,0,1
24,46.00814520641036,me,200,0.1,75.37356701807444,neutral,6,0,night,1,0,dry_texter,0,1
48,67.55575120325307,me,155,0.82,36.386733811555125,neutral,1,0,day,0,0,ghoster,0,1
16,9.072493854809768,them,94,0.62,17.670765506706726,dry,3,0,day,1,0,dry_texter,0,1
6,31.885824575369316,me,189,0.06,78.83071252927719,neutral,3,0,day,1,1,interested,0,1
14,25.186443160770274,them,78,0.92,44.03333929708923,dry,1,0,day,0,0,dry_texter,0,1
32,13.902609366368697,me,61,0.36,101.73793402579086,dry,5,1,day,1,1,dry_texter,0,1
25,49.80981613213197,them,50,0.41,83.10438574230106,dry,1,1,night,0,1,interested,0,0
29,55.04395519422181,them,187,0.88,80.30603934854861,enthusiastic,4,1,night,0,0,casual,1,0
9,6.897747635010768,me,109,0.76,105.03285056131358,dry,5,0,night,0,1,dry_texter,0,1
38,2.7531992584617484,them,126,0.3,18.10504567455737,enthusiastic,0,0,day,1,0,dry_texter,1,1
43,37.355830508814435,me,85,0.44,87.50580928981528,neutral,4,0,day,1,0,dry_texter,0,1
20,70.9718521651131,them,134,0.62,61.65388495376123,enthusiastic,10,0,day,0,1,casual,1,1
29,18.832151941025458,them,164,0.58,23.90295571369376,enthusiastic,4,1,day,0,1,interested,1,0
47,24.117735818830674,me,47,0.79,102.06468940714743,enthusiastic,10,0,day,0,1,interested,1,1
4,13.517459156205689,them,164,0.21,36.903583678448854,dry,5,0,day,0,0,dry_texter,0,1
27,40.74007287731191,me,105,0.87,61.422631231362644,enthusiastic,9,1,day,1,1,interested,0,0
21,52.254082732597645,me,179,0.16,47.395106198356174,neutral,3,1,night,1,0,casual,1,1
26,68.42059336716252,them,59,0.24,36.630276970474625,enthusiastic,0,0,day,1,1,interested,1,1
1,54.44455326832243,them,171,0.57,9.408066779336119,enthusiastic,10,1,day,1,1,dry_texter,0,1
28,34.73845339766032,them,153,0.89,55.504771511401344,dry,5,0,day,0,1,dry_texter,0,1
39,23.414833593226607,them,28,0.33,64.29509424619184,dry,3,0,night,1,1,interested,1,1
24,48.239814929071485,them,22,0.17,68.18305617516367,enthusiastic,10,0,day,1,1,interested,1,1
47,53.15930974368271,me,131,0.59,45.22354301808175,dry,9,0,night,0,1,casual,0,1
34,67.27516341341817,me,195,0.73,84.51366880911276,enthusiastic,10,1,night,1,1,ghoster,0,1
9,0.2338497112757807,me,137,0.09,12.55841900458157,enthusiastic,4,1,day,0,1,ghoster,0,1
44,4.094977165552772,me,88,0.23,69.00704328847068,enthusiastic,7,1,day,1,1,interested,1,1
20,51.68103229932988,them,169,0.79,101.73545709652024,neutral,4,0,night,0,1,casual,1,1
11,60.09643372881078,them,129,0.57,93.49478285885013,dry,10,1,day,0,0,casual,1,1
37,70.62747937734218,me,8,0.31,104.3276214100775,dry,4,1,day,0,0,dry_texter,1,1
41,32.94495475946969,me,103,0.77,28.128580413205366,enthusiastic,5,0,day,0,1,ghoster,0,1
48,41.62643678374944,them,154,0.02,26.33808084086662,neutral,10,0,night,1,0,casual,0,1
35,36.19640738935674,them,102,0.95,79.87676949325879,enthusiastic,6,1,night,0,0,interested,1,1
42,14.705370653560209,them,11,0.71,18.399601282166028,dry,3,1,day,1,1,casual,1,1
35,34.14448860406882,them,121,0.1,101.48655413435313,dry,9,1,night,1,1,ghoster,0,1
27,8.485951566832362,them,147,0.61,62.22075675526717,enthusiastic,10,1,night,0,0,ghoster,0,1
30,70.52999645863807,them,135,0.6,28.467119628671174,dry,4,1,night,0,0,interested,1,1
37,15.015242167293591,them,188,0.02,94.37229338637466,enthusiastic,6,0,night,1,1,casual,0,1
35,14.378279927061662,me,173,0.22,10.467488412630047,dry,8,1,night,0,1,dry_texter,0,1
27,24.32497785820408,them,97,0.32,47.390003459967,enthusiastic,6,0,night,0,0,casual,0,1
12,15.17787025864834,me,73,0.97,22.786402482716987,dry,3,1,day,0,1,ghoster,0,1
49,6.661321435564462,me,52,0.34,54.23549247673304,enthusiastic,9,0,night,1,1,interested,1,0
9,44.574345850522995,me,18,0.23,53.82886075022762,enthusiastic,4,1,night,1,0,dry_texter,1,1
41,5.636064072062831,me,58,0.6,65.08814752105698,dry,6,1,night,0,0,ghoster,0,1
46,49.333645222362364,me,144,0.2,28.985389435452344,neutral,7,0,night,0,1,interested,1,1
24,63.990070886570805,them,23,0.91,86.68422399482245,enthusiastic,1,0,day,0,1,dry_texter,0,1
12,11.8174475656005,me,17,0.74,59.36129980123509,enthusiastic,9,1,day,0,0,interested,1,1
34,49.566720525943516,me,124,0.16,18.60235179626913,dry,10,1,night,1,0,interested,1,1
33,68.14909111403587,me,79,0.76,33.060710443513344,dry,5,0,night,1,0,dry_texter,0,1
36,18.930558876986794,them,12,0.16,70.46715294227182,enthusiastic,10,0,day,0,0,dry_texter,1,0
42,17.281746128232747,them,197,0.58,97.40613513305868,dry,4,0,day,0,1,casual,1,1
4,66.02260621719977,me,109,0.84,35.91829266780602,dry,8,1,night,1,1,interested,0,0
12,40.536611057158574,them,33,0.72,3.3613160466032843,dry,9,1,night,0,0,interested,1,0
34,52.37759879416745,me,89,0.92,76.61983020827311,dry,0,1,night,0,0,ghoster,0,1
21,63.897644243710815,me,11,0.31,109.22152369148574,dry,5,1,night,0,1,interested,1,1
6,34.18022619088448,me,67,0.13,6.913895416290469,neutral,7,0,day,1,1,dry_texter,0,1
34,62.83141364389108,them,30,0.23,81.76847604550453,neutral,8,0,day,0,0,casual,0,1
14,22.871376805567916,me,51,0.33,103.18392470003735,dry,6,0,night,1,0,dry_texter,0,1
34,14.520936280856413,them,10,0.26,46.284223548252044,neutral,3,1,night,0,1,interested,1,0
20,59.37683416090481,them,116,0.73,78.46542558867766,enthusiastic,4,0,day,0,0,dry_texter,0,1
45,24.401835079652876,me,129,0.12,79.85434196224996,neutral,3,1,day,1,0,casual,0,1
39,57.87481655912774,them,157,0.06,68.75863930517258,neutral,3,1,day,0,0,interested,1,0
34,27.433990399239676,them,87,0.4,66.61817651674903,enthusiastic,0,0,day,0,0,dry_texter,1,0
44,48.621811281977614,me,116,0.59,8.772892231269974,dry,4,1,night,0,0,dry_texter,0,1
11,3.210138620677159,them,11,0.73,71.16343776617447,enthusiastic,3,1,day,0,1,ghoster,0,0
7,52.991110162768834,me,199,0.11,111.46744335824926,dry,4,1,day,0,0,dry_texter,0,1
30,62.18688025119894,them,52,0.1,117.86512082035992,dry,8,1,day,0,0,dry_texter,0,1
9,22.520619521430024,me,127,0.84,40.759770705789904,enthusiastic,1,0,night,0,0,casual,1,1
43,38.1974016619728,them,96,0.98,59.10374869361835,enthusiastic,8,1,day,0,1,interested,1,0
28,22.377021350337188,me,163,0.3,17.598809940562738,enthusiastic,8,1,day,1,0,dry_texter,0,1
32,46.26615694725662,them,157,0.79,97.77690023560208,dry,9,0,day,1,1,interested,0,1
17,58.52920461863459,me,189,0.74,2.321864205931208,dry,4,1,day,1,0,ghoster,0,1
14,8.02035264801626,them,162,0.93,17.990725491274784,dry,3,0,day,0,0,casual,0,0
23,26.90692894274229,them,138,0.79,21.017869566014035,neutral,3,1,night,1,0,interested,1,1
31,70.01701998888788,them,6,0.79,18.59087200132662,dry,8,0,day,1,0,casual,0,1
33,38.547404867941864,me,126,0.23,99.80511594855273,dry,7,0,night,1,0,dry_texter,0,1
27,15.458922794355455,them,46,0.05,114.9195838279248,dry,3,0,day,0,1,interested,1,1
45,21.060175732118495,me,98,0.35,66.40727375837503,enthusiastic,2,1,night,0,0,casual,1,1
23,46.63485911575643,me,84,0.75,94.66141592753287,neutral,3,0,night,0,1,dry_texter,0,1
32,71.45293508888405,me,185,0.2,104.19937777642413,neutral,0,1,day,0,1,ghoster,1,1
47,17.80175818495756,me,44,0.86,39.27176539098492,neutral,6,0,night,0,1,interested,0,0
8,71.60781198886689,me,192,0.45,30.954115287826188,dry,2,0,night,1,1,casual,0,1
38,0.007610774784994057,me,197,0.98,34.09438689601054,enthusiastic,7,1,night,1,1,casual,0,1
15,34.20367678912852,me,107,0.29,93.1260896618885,neutral,3,1,day,0,0,dry_texter,0,1
39,71.10061418758505,me,6,0.26,92.80632299463038,enthusiastic,6,0,day,0,0,interested,1,1
19,34.34838327037172,them,155,0.2,47.82191486932046,dry,5,0,day,1,0,casual,0,1
18,56.19683593714351,me,196,0.84,70.63122098311874,neutral,9,1,night,1,0,dry_texter,0,1
11,57.62233298699615,them,75,0.15,96.52621821011206,dry,6,1,day,0,1,ghoster,1,1
25,31.62768989616952,me,37,0.12,88.632043082295,neutral,10,1,night,1,0,dry_texter,0,1
22,16.24139189879382,me,114,0.73,47.089926668005695,neutral,9,0,night,0,1,ghoster,1,1
4,54.23628405381276,me,10,0.04,56.4187385749177,enthusiastic,2,0,day,0,1,ghoster,0,1
40,13.327774326102775,me,129,0.95,66.94055703161582,dry,6,0,night,1,1,casual,1,1
44,57.36373193934287,them,55,0.3,93.9115833720318,neutral,8,1,day,0,1,ghoster,0,1
38,11.785987750811914,me,166,0.4,119.33746584579228,enthusiastic,1,1,night,0,0,ghoster,0,0
25,16.727373708881288,them,188,0.74,54.89923325553829,neutral,3,1,night,0,1,casual,0,1
24,26.480562871730186,them,3,0.65,33.80843964662189,enthusiastic,3,0,day,0,0,ghoster,0,1
42,33.778058372449365,me,128,0.48,77.32133098298826,enthusiastic,10,1,day,0,1,ghoster,0,1
36,46.13718581396271,me,144,0.03,21.333502268718394,dry,10,1,night,1,1,interested,0,1
24,40.42969256020101,them,105,0.99,102.06783311074551,neutral,7,0,night,0,0,casual,0,1
34,19.084823204734054,me,48,0.77,106.92187775117152,dry,7,1,night,1,1,ghoster,0,1
37,39.80566081973024,them,15,0.68,81.94575260477022,neutral,0,1,night,1,0,interested,0,1
45,23.571597651142692,me,151,0.95,55.65809753018725,enthusiastic,4,1,day,0,1,ghoster,1,1
3,2.068955679051542,me,115,0.57,56.91447906050877,neutral,10,0,day,0,0,interested,1,0
50,9.413276490843224,me,35,0.25,39.02937513217761,dry,0,1,day,0,1,dry_texter,0,1
48,63.532627108611685,me,44,0.36,119.9866934549225,enthusiastic,0,1,day,0,0,ghoster,1,1
29,55.90091338785498,them,107,0.72,67.69927983145975,neutral,4,1,day,0,1,casual,0,1
32,10.987824293045472,me,183,0.9,35.12399138064097,dry,0,1,day,1,0,casual,1,0
19,32.601591846455726,me,107,0.6,87.76575957445898,enthusiastic,1,0,day,1,0,interested,1,0
15,47.48952202796488,them,109,0.54,74.11230019049196,neutral,8,1,night,0,0,interested,1,0
3,24.21686975478523,them,86,0.08,83.42147654548737,enthusiastic,9,1,day,1,0,ghoster,0,1
47,54.83725572034511,them,52,0.23,62.14183680252654,dry,4,0,night,0,0,ghoster,0,1
20,8.86820257105078,me,68,0.77,113.22921557295285,dry,0,0,night,1,1,casual,0,1
32,37.719302451771576,me,77,0.86,107.77210865987647,dry,4,1,night,1,1,dry_texter,0,1
46,45.22105492668172,me,86,0.88,9.327770593100814,dry,1,0,night,0,0,interested,0,0
31,58.341994122283985,them,30,0.46,6.772668050099231,neutral,10,0,day,0,1,ghoster,0,1
14,19.513600081321457,them,145,0.84,59.35665220313712,neutral,4,0,day,0,1,casual,0,1
7,57.88532823946719,them,15,0.91,66.62523365535218,enthusiastic,9,0,day,0,0,casual,1,0
17,48.06879972798324,me,56,0.65,62.19723223708177,dry,7,0,night,0,0,ghoster,0,1
9,41.290492255828866,me,158,0.44,82.41111689437803,dry,8,1,night,1,1,casual,1,1
31,36.94377516664809,me,187,0.72,64.6404614391491,neutral,6,1,night,0,0,interested,0,0
21,56.471754191212206,me,32,0.11,83.89557865229587,enthusiastic,5,0,day,1,0,dry_texter,0,1
40,31.941613244388762,me,55,0.27,14.49973764038447,dry,9,0,day,0,1,casual,0,1
17,32.46953306079018,them,82,0.69,43.56551355504092,neutral,0,1,night,1,1,interested,0,1
31,37.0830762835049,them,160,0.64,65.82157721437888,neutral,4,0,night,0,0,ghoster,0,0
20,3.4898518388500293,me,27,0.98,63.638726072655814,enthusiastic,0,0,day,1,1,ghoster,1,1
22,16.547756563419323,me,149,0.22,25.137940499659283,neutral,7,1,day,1,0,ghoster,0,1
50,10.383079971644454,them,151,0.63,94.70273604019233,dry,5,0,day,0,1,dry_texter,0,0
6,30.415444049550224,them,71,0.18,12.565120714261775,enthusiastic,1,0,night,1,1,dry_texter,0,1
20,54.466361800952605,me,5,0.68,9.395224513678897,enthusiastic,1,0,night,0,0,ghoster,0,1
40,45.65977923134564,them,25,0.71,76.48010326948659,neutral,0,1,day,1,0,interested,1,1
20,0.6508215400003863,them,6,0.1,9.963091678547789,enthusiastic,5,1,day,1,0,ghoster,1,1
39,1.1403659737919059,me,22,0.91,63.93818912082348,neutral,8,1,night,1,1,dry_texter,1,1
33,55.55143243278219,me,98,0.24,91.87248013046768,dry,0,1,day,1,1,casual,1,1
45,37.809606745790404,me,18,0.76,46.26821653880338,enthusiastic,7,0,day,1,0,casual,0,1
20,69.76917601873728,them,72,0.16,92.82526053807784,enthusiastic,8,0,day,0,1,casual,0,1
20,70.16304662630515,them,174,0.82,26.343155517797946,dry,3,1,day,1,0,casual,0,1
26,5.178148010561876,them,176,0.61,35.341744773832055,dry,5,1,day,1,1,dry_texter,1,1
43,37.71668896146023,them,22,0.91,106.31270910880552,enthusiastic,9,0,day,1,0,interested,1,1
26,12.184288010020893,them,70,0.48,6.655614001063021,enthusiastic,4,0,night,0,1,interested,1,0
28,5.064018597468111,them,15,0.26,36.330536822280635,dry,0,1,day,1,1,ghoster,1,0
50,51.71977966792062,me,56,0.62,58.19879411938355,enthusiastic,3,1,night,1,1,ghoster,0,1
31,65.59161085445176,me,79,0.77,21.97285037825593,neutral,2,1,night,0,0,ghoster,0,1
49,52.997357281566146,me,110,0.98,19.97608522527566,enthusiastic,9,1,night,1,0,dry_texter,0,1
30,24.983018732977474,me,186,0.01,109.64148112670499,enthusiastic,6,1,day,0,1,ghoster,0,1
11,19.86502225049187,me,100,0.35,47.604651631895734,dry,10,1,night,0,0,interested,1,1
47,34.81203326645766,them,193,0.3,92.18444990018016,dry,1,1,night,0,0,casual,0,1
26,26.724585826069607,me,173,0.56,25.802018960399135,neutral,8,1,night,0,0,dry_texter,1,1
38,70.69125850035077,them,93,0.54,68.33989368132191,neutral,3,1,night,0,1,interested,1,1
6,53.756742307576246,me,188,0.4,46.36789349414051,neutral,0,1,day,1,0,dry_texter,0,1
34,45.072366809989695,me,42,0.16,45.58379865704515,neutral,0,0,day,0,1,ghoster,0,1
39,48.03595319171832,me,135,0.88,12.151865010109937,enthusiastic,8,1,night,1,0,ghoster,0,0
17,48.654031142600644,me,99,0.8,89.10453315782556,dry,5,0,day,0,1,ghoster,0,1
19,33.57556076695581,them,59,0.05,36.039491158075975,dry,6,1,night,1,1,ghoster,0,1
23,28.72431791188723,me,105,0.92,71.95425595813107,neutral,4,0,night,1,1,ghoster,0,1
35,11.345568542749781,them,25,0.87,34.827663824937666,enthusiastic,7,0,day,1,1,interested,1,0
32,14.566541261241401,me,151,0.9,51.85399174219973,enthusiastic,4,1,night,0,0,ghoster,1,1
45,39.31877528550578,them,51,0.8,51.42211686732252,neutral,4,0,day,1,1,interested,0,1
23,68.20682523420089,them,51,0.55,8.809700338069863,enthusiastic,6,1,night,0,0,dry_texter,0,1
41,16.320242924100803,me,124,0.87,48.922003221944884,enthusiastic,1,1,night,1,0,ghoster,1,1
27,21.275308720221204,them,28,0.53,101.09730498896674,enthusiastic,7,1,day,1,0,ghoster,1,1
50,45.41286000868756,them,30,0.09,58.767492492585404,neutral,3,1,night,0,1,interested,1,1
12,31.197804423230743,them,159,0.96,110.89272714531937,dry,7,0,day,0,0,ghoster,0,0
34,12.551104351355775,me,108,0.58,113.53999406460288,dry,0,0,night,1,1,casual,1,1
6,45.963171226709974,them,4,0.07,74.61973869328531,enthusiastic,3,1,night,1,0,ghoster,0,1
1,31.06986038441472,them,89,0.91,66.28932150798975,dry,0,0,night,1,1,ghoster,0,1
22,44.536254742211206,me,39,0.86,104.02039828117303,dry,0,1,night,1,1,dry_texter,0,1
33,47.39666530277635,me,54,0.92,113.49399633055155,dry,6,1,day,0,1,interested,1,0
42,56.96710737036019,me,126,0.61,17.857387302823096,dry,6,1,day,0,0,interested,1,0
26,58.071588115879614,me,192,0.74,76.2355176649319,dry,6,1,night,0,0,ghoster,0,1
3,39.10846748264921,me,176,0.03,12.95647181775999,dry,5,0,night,0,1,ghoster,0,1
18,28.549911800428717,me,67,0.7,36.936649820541746,enthusiastic,7,1,day,1,1,dry_texter,0,1
28,61.04066905198128,me,154,0.4,11.419290635582785,dry,3,0,night,0,0,ghoster,0,1
7,28.229089203899022,me,143,0.46,46.03997379244135,neutral,10,0,night,0,0,casual,0,0
2,19.482274715574086,me,102,0.67,56.94361286369997,dry,9,0,day,0,1,casual,0,1
4,55.57226873327614,me,123,0.23,10.3066834586317,enthusiastic,7,1,night,1,1,casual,1,1
47,1.703432696774704,me,133,0.31,7.4986671091345425,enthusiastic,9,1,day,0,0,dry_texter,1,0
17,1.9711670549765428,them,111,0.93,108.72013675571738,neutral,9,0,day,0,0,ghoster,0,0
5,39.7253615077193,me,90,0.8,41.15768165848809,enthusiastic,1,1,day,0,0,interested,1,1
50,24.773065429546875,me,15,0.53,5.552841832759135,neutral,1,1,day,1,0,casual,0,0
13,10.767973771337806,them,40,0.91,106.75493118189588,enthusiastic,5,1,day,0,1,dry_texter,1,1
32,52.397403280838816,them,168,0.74,19.69866328359513,dry,4,1,day,0,1,casual,0,1
45,31.04102721904386,me,99,0.49,46.96208446054173,enthusiastic,7,0,night,0,0,casual,0,1
7,1.1919750458305325,me,4,0.55,100.29272574343378,dry,9,0,night,0,0,casual,1,0
22,57.68428811925811,me,24,0.68,85.10957125471762,enthusiastic,9,0,day,0,1,casual,1,1
31,58.78355625964717,them,119,0.07,109.82481081894373,enthusiastic,0,1,day,0,1,ghoster,0,0
31,58.564286474375955,them,158,0.43,19.716178547179233,neutral,7,0,night,1,0,dry_texter,0,0
13,65.90606055922713,them,79,0.95,27.86834886358827,enthusiastic,7,1,night,1,0,dry_texter,0,0
17,2.984336350969209,them,184,0.56,61.24570513154992,neutral,5,0,day,0,0,ghoster,1,1
35,23.40743220988115,me,87,0.6,76.08875034403215,enthusiastic,9,1,night,1,0,ghoster,0,0
32,70.0770860007895,them,61,0.95,91.26833343895798,enthusiastic,1,1,night,0,1,casual,1,1
8,0.8321321978733671,me,110,0.15,116.96566993966424,enthusiastic,9,1,night,1,1,casual,1,1
45,24.83697850113557,me,100,0.29,14.670076421516942,enthusiastic,0,1,day,1,1,dry_texter,1,1
12,17.189714714695413,me,98,0.69,51.66657947569266,enthusiastic,0,0,night,1,1,casual,0,1
30,8.592869424546073,me,16,0.38,109.71038201092188,enthusiastic,4,1,day,0,1,dry_texter,1,1
47,19.67304501969873,me,85,0.67,111.40834616790217,enthusiastic,5,0,day,0,0,interested,1,0
18,14.138924253013979,me,47,0.28,68.46815235992725,neutral,5,0,night,1,0,ghoster,0,1
20,16.559022862663433,them,31,0.5,66.3033233046933,neutral,2,1,day,1,1,dry_texter,1,0
39,61.83809870221678,me,134,0.26,104.94229369743255,neutral,7,1,night,1,1,dry_texter,0,1
39,42.59564677172236,them,39,0.34,20.221829647638597,dry,6,0,day,0,0,interested,0,0
13,40.875769191493276,me,187,0.02,20.566239954973756,enthusiastic,0,1,night,1,1,casual,0,1
4,5.487832123378394,them,18,0.58,106.22688652896645,dry,6,1,day,1,1,interested,1,1
20,3.34189633528466,them,125,0.24,5.2625252234270485,dry,8,1,night,1,0,ghoster,1,1
15,59.14930537989381,me,109,0.41,101.95634118991117,enthusiastic,0,0,day,1,0,interested,0,1
8,61.425348879288734,me,137,0.57,30.497364120595016,enthusiastic,5,0,day,0,1,interested,1,1
30,71.88012986214963,them,171,0.05,40.606312475065614,dry,3,0,day,1,1,ghoster,0,1
17,56.959403323448626,them,71,0.32,19.514964682225077,neutral,4,1,day,1,0,casual,0,0
30,7.134800638574276,them,39,0.24,119.70686125464258,dry,5,0,day,0,0,interested,0,1
38,24.764833224285482,me,125,0.66,60.819488846891296,enthusiastic,7,1,day,1,1,dry_texter,0,1
3,45.48072226920229,me,164,0.66,24.221162893552762,neutral,5,0,night,0,1,casual,0,1
9,10.969151623805828,them,118,0.76,49.14049114326954,dry,0,1,night,0,0,casual,1,0
7,21.422756246875725,them,160,0.82,36.374833030621815,dry,4,1,night,1,0,dry_texter,1,1
21,65.23569812777679,them,119,0.36,51.98207476563911,dry,2,0,night,0,0,interested,0,1
19,1.82559333206407,me,92,0.03,52.22389679874945,enthusiastic,4,0,day,0,0,interested,1,0
17,12.532198470048113,me,133,0.92,36.35686827323387,dry,10,1,night,1,1,casual,1,1
14,2.8422562752717893,them,58,0.32,12.847297443922137,dry,6,0,night,1,1,ghoster,0,1
44,26.171642611589466,me,83,0.53,104.32195029687307,neutral,5,1,day,1,1,interested,0,1
36,35.50143159296489,them,61,0.0,65.32769460236263,neutral,8,1,day,1,1,interested,0,1
45,3.586099273562234,them,149,0.19,93.96257070548315,neutral,7,0,day,1,1,interested,1,1
34,20.75655090754458,them,89,0.01,39.15405037063289,enthusiastic,10,0,night,1,0,ghoster,1,1
33,63.8342764707702,them,102,0.55,109.27127800306846,dry,5,0,day,1,1,interested,1,1
4,8.962511253714986,them,46,0.89,71.1479427099813,dry,3,0,night,0,1,casual,1,1
23,21.461871789164718,me,161,0.63,113.22142181302408,enthusiastic,4,1,day,1,1,casual,0,1
27,62.416727062058364,me,80,0.6,50.41553095533263,dry,5,1,night,1,0,interested,1,1
12,57.99225151528778,me,21,0.6,75.6013910820947,dry,1,0,day,0,0,interested,0,0
13,66.86238083486424,me,9,0.95,89.14753038761425,enthusiastic,9,0,night,1,0,ghoster,0,0
13,59.24430988825498,me,111,0.32,72.091648724738,dry,3,0,day,1,0,dry_texter,0,1
24,21.9516777272919,me,72,0.38,74.97828274580057,enthusiastic,8,1,night,0,1,casual,1,0
24,51.959422865819214,me,24,0.82,41.01404411869714,dry,10,1,night,1,0,interested,1,1
8,65.72473797110283,me,98,0.66,115.21762264310033,neutral,0,0,night,0,1,dry_texter,0,1
35,6.622307445347773,them,174,0.93,112.340110991873,dry,4,0,night,1,0,dry_texter,1,1
17,45.31865488922981,me,23,0.02,5.792099985105041,enthusiastic,2,1,night,0,0,dry_texter,0,1
38,25.856848925094393,them,69,0.14,18.859949898028066,neutral,3,0,night,1,0,interested,0,1
23,27.712931812759148,me,128,0.2,31.623984052147684,neutral,8,0,day,0,0,interested,1,1
9,32.345514068584656,them,8,0.39,48.34624854397992,dry,5,1,night,1,1,dry_texter,0,1
12,6.729498526846307,me,125,0.25,108.13358761189387,enthusiastic,2,0,night,0,1,ghoster,0,1
28,34.55134326198357,them,18,0.63,63.469596742297384,neutral,9,0,day,1,0,casual,0,1
23,0.22952284305137916,them,62,0.87,26.10986408806856,dry,9,1,day,0,0,dry_texter,0,0
32,4.28385327038256,them,161,0.67,34.04531517941635,neutral,6,0,night,1,1,ghoster,0,1
7,5.981263883720185,me,200,0.37,100.6571235111624,enthusiastic,1,0,night,1,0,casual,1,0
25,2.3826746686665192,me,60,0.15,112.7104717359023,dry,1,0,night,0,0,dry_texter,0,1
2,15.05039946554351,them,103,0.55,13.223740321806943,dry,10,0,day,1,1,interested,0,1
18,12.995846065151756,me,113,0.36,114.04926825172122,enthusiastic,5,1,night,0,1,casual,1,1
17,60.55363682329407,them,101,0.37,64.15178108031944,neutral,9,0,night,1,1,dry_texter,0,0
36,27.85613872140512,me,20,0.77,52.6665191151581,dry,7,0,night,1,0,casual,0,1
19,23.80583517574931,me,145,0.41,96.89574411338577,dry,6,1,night,0,0,dry_texter,1,1
34,52.970221535737515,me,171,0.66,33.512022186409546,dry,0,1,night,0,0,ghoster,0,1
45,5.742650391783325,me,27,0.56,60.44926944838759,enthusiastic,8,1,day,1,1,dry_texter,1,0
5,30.499657746027154,them,111,0.47,81.38602526083281,enthusiastic,6,1,night,1,0,ghoster,0,1
24,10.5086860592785,them,120,0.61,97.18975741552025,dry,5,1,day,1,0,ghoster,0,1
36,46.15381394745019,me,98,0.68,92.47954276840788,neutral,8,1,day,1,0,dry_texter,0,1
29,26.964536078108484,me,179,0.95,68.99024785056002,neutral,0,0,day,0,0,dry_texter,0,1
50,48.31325307152529,them,119,0.1,27.164123891048394,enthusiastic,10,1,night,0,0,interested,1,0
11,52.728282239327015,me,45,0.22,91.46995811886896,enthusiastic,9,0,day,0,0,dry_texter,0,1
37,28.52120619235242,me,189,0.91,18.16119334559958,enthusiastic,2,0,night,1,0,ghoster,1,1
24,14.348156430199554,them,34,0.44,17.16082093032876,dry,6,1,night,1,1,interested,1,1
30,23.302756547644847,me,121,0.78,45.56429849525156,enthusiastic,0,0,day,1,0,dry_texter,1,0
38,49.61534701452861,them,39,0.58,17.139478810634202,enthusiastic,9,0,day,1,0,ghoster,0,1
49,65.54343283335898,me,1,0.17,87.77983623852647,enthusiastic,8,0,day,1,1,interested,0,0
5,22.75237798738882,me,191,0.3,21.57378586502131,neutral,4,0,day,0,0,casual,0,1
31,47.025331656965896,them,10,0.04,22.941707915664733,enthusiastic,5,1,day,1,0,casual,1,1
4,17.076734184469288,them,49,0.03,55.374215740352284,neutral,8,0,day,1,1,dry_texter,1,1
41,25.785344312782733,them,133,0.37,66.97037864119659,enthusiastic,7,1,night,1,1,dry_texter,0,1
26,69.87444376656674,them,43,0.82,1.9900009187276926,neutral,4,1,day,1,1,casual,0,1
20,65.84984764343294,them,112,0.79,109.56391712922964,neutral,5,0,day,0,1,interested,0,1
8,60.04010432905241,me,26,0.69,7.2807435490185455,neutral,2,0,day,1,0,ghoster,0,1
47,1.336306655899353,me,98,0.19,94.26379671788673,dry,0,0,night,1,0,casual,0,0
23,57.411060388093404,them,74,0.15,69.21471098220198,neutral,1,1,day,1,1,casual,0,1
37,35.33854903779807,them,13,0.31,47.327030382395826,dry,3,1,night,1,1,ghoster,0,1
13,20.273121552762376,me,161,0.07,18.20624161746266,dry,1,1,day,1,0,casual,0,1
38,0.7196396262368259,me,50,0.52,27.380678862351484,enthusiastic,4,0,night,0,0,dry_texter,1,0
43,48.09451366186264,me,33,0.83,38.43313932218819,neutral,1,1,night,0,0,dry_texter,0,0
11,18.979586783338153,them,57,0.64,94.61735604748303,enthusiastic,5,1,night,1,1,casual,1,1
9,52.71137447854177,me,99,0.21,43.110267141077735,neutral,5,1,night,1,1,ghoster,0,1
25,28.56676247236457,them,66,0.96,86.01644357323869,dry,4,0,night,1,0,casual,0,1
45,18.421368997463475,them,52,0.7,104.79718649291723,neutral,4,0,day,1,1,interested,1,1
40,3.088994892225905,me,86,0.84,12.928792036789194,enthusiastic,8,0,night,1,0,dry_texter,1,1
15,34.65176908461115,them,53,0.62,69.62221791190977,dry,0,1,night,0,1,interested,1,1
38,23.89691165269835,me,83,0.27,115.51856994864713,dry,3,1,night,0,0,dry_texter,1,0
44,40.38756090363766,them,1,0.94,118.87612588806493,dry,2,0,night,1,1,dry_texter,0,1
29,8.007134431622948,them,87,0.32,96.39495584956892,neutral,0,0,day,0,1,interested,1,0
23,14.47869436953398,me,102,0.07,35.14644374574971,enthusiastic,9,0,night,0,0,ghoster,1,1
5,7.1642161476291335,them,105,0.55,114.09059436731584,neutral,1,0,night,0,1,interested,1,0
17,25.206870339763945,me,93,0.33,70.50066755907665,neutral,7,0,day,0,0,casual,1,0
47,64.62343107054225,me,80,0.2,85.30236461235418,neutral,6,1,day,0,0,ghoster,0,1
17,1.0416244785519346,them,1,0.08,113.70289012552499,neutral,1,0,day,1,1,dry_texter,1,1
4,2.004804510819646,them,133,0.11,25.04735719552653,enthusiastic,3,1,day,0,0,ghoster,0,1
33,2.1163056530196718,me,115,0.66,46.99611064594182,enthusiastic,2,1,night,1,0,ghoster,0,0
6,10.144423054964065,them,197,0.52,73.56350331942264,neutral,0,1,day,0,0,ghoster,0,1
21,27.818366635116973,me,100,0.43,53.59564019038773,dry,3,1,day,1,0,casual,0,1
43,5.720342971935691,me,74,0.2,85.56708752119424,enthusiastic,3,0,night,0,1,casual,1,0
33,8.668956274752592,them,107,0.37,75.36563708923345,neutral,0,1,day,0,1,dry_texter,0,1
6,14.805779943329316,them,128,0.52,112.17232301725251,enthusiastic,9,0,night,1,0,casual,0,0
14,54.5552685455923,me,152,0.8,80.30302026589703,enthusiastic,6,0,night,0,1,casual,1,1
38,21.28833915187806,them,72,0.35,31.514992510952997,neutral,6,0,day,0,1,ghoster,0,1
20,66.68136594570109,me,162,0.18,77.24841675205046,neutral,5,1,day,1,1,interested,0,1
8,44.90828977473097,them,29,0.83,28.049870181920895,neutral,4,1,night,0,0,interested,1,0
50,8.370207558640136,them,115,0.78,1.2296844887312162,dry,3,0,night,0,1,casual,1,0
17,49.50730701454599,me,114,0.97,77.05595958223475,enthusiastic,0,1,night,1,0,casual,0,0
11,7.861891849275091,them,79,0.75,76.9714781753087,neutral,7,1,night,0,1,dry_texter,1,1
20,33.02747353196253,me,50,0.86,91.87614818403117,enthusiastic,2,1,day,1,0,interested,0,1
24,37.035519425773536,me,198,0.93,75.92623915789525,neutral,9,1,day,1,0,dry_texter,0,1
30,12.510167366068705,them,153,0.06,110.79243730476534,enthusiastic,9,1,night,0,0,casual,1,1
38,57.112235543863235,them,91,0.56,39.04001875726744,neutral,4,0,day,0,1,dry_texter,0,1
37,7.965773026485949,them,115,0.24,78.58184483320593,enthusiastic,10,0,night,0,1,casual,1,1
39,70.20554254862519,them,92,0.88,57.76262366468967,neutral,3,0,night,0,1,ghoster,0,1
31,19.436323890871577,them,53,0.5,98.1727142592841,dry,3,0,day,1,1,casual,0,1
25,45.105065620078896,them,30,0.68,40.695061767543166,enthusiastic,4,0,night,0,0,ghoster,0,1
31,28.099188423418337,me,115,0.16,33.44591242454605,neutral,0,0,day,1,0,interested,0,0
34,32.46973873689599,me,96,0.09,11.283255220023548,enthusiastic,4,1,night,1,0,interested,0,1
17,3.625712407626258,them,169,0.99,77.17610654728134,enthusiastic,5,0,night,1,0,interested,1,0
17,45.321736888344034,me,113,0.56,81.86852882460468,dry,0,0,night,0,0,casual,0,0
39,25.253975910850908,me,20,0.77,76.87834301472157,neutral,10,0,night,0,0,casual,1,0
37,30.42885769977451,them,20,0.9,103.23160739098304,neutral,6,1,night,0,0,ghoster,0,1
4,51.2305003272289,them,8,0.35,11.485000918111933,dry,2,1,day,0,1,dry_texter,1,1
37,63.93439404919091,me,83,0.23,55.08738744726636,enthusiastic,2,1,night,0,1,dry_texter,1,1
17,5.6824128414289525,me,36,0.41,66.35056049669251,dry,6,1,day,1,0,ghoster,1,1
40,29.51844555680325,them,105,0.03,111.18339805828491,enthusiastic,4,1,night,1,1,interested,0,1
32,40.867991923867635,them,85,0.57,22.47085551858567,enthusiastic,3,1,night,1,0,interested,1,0
33,18.88068683469451,me,189,0.81,97.27979419595016,dry,0,1,night,0,1,ghoster,0,0
10,40.04345391972565,me,20,1.0,61.41107936010835,neutral,6,0,day,0,0,casual,0,1
1,36.62235706399476,them,71,0.7,31.109209517961126,neutral,3,0,night,1,1,casual,0,0
22,5.461956001728537,me,2,0.57,44.10950883810733,enthusiastic,10,0,night,1,0,interested,1,0
44,63.21228443377639,me,1,0.01,119.97934577594494,enthusiastic,8,1,night,1,0,dry_texter,0,1
24,23.467175035411223,them,149,0.96,82.49771758615123,dry,4,0,night,1,0,interested,1,1
46,61.2822307735228,me,61,0.45,57.12282661129177,dry,1,0,day,0,1,casual,0,0
15,15.006404934631771,them,30,0.69,42.28716786500622,dry,10,1,night,0,0,ghoster,1,0
15,42.310222037013936,me,27,0.52,61.07990753046868,dry,0,1,night,0,1,dry_texter,0,1
50,3.2455685297112487,me,95,0.22,53.12092102440754,neutral,6,1,night,0,0,dry_texter,0,1
32,56.50533020902971,me,141,0.63,26.5504905089051,neutral,2,0,day,1,1,interested,0,1
28,12.951658095539287,them,173,0.9,63.17256131056976,enthusiastic,2,1,day,1,0,interested,1,1
44,20.96885041090032,them,1,0.63,75.96645979709498,enthusiastic,6,1,day,0,0,interested,1,0
18,21.408622094290585,me,123,0.6,119.4778214396243,neutral,8,1,night,1,1,interested,1,1
20,49.319412642294076,them,25,0.4,26.671698554727488,neutral,10,1,night,0,1,interested,1,0
29,19.134807120596545,me,30,0.13,109.2595708418994,neutral,10,1,day,1,0,dry_texter,1,0
43,41.86815678305414,them,14,0.5,61.321545241371545,dry,7,0,night,0,0,ghoster,0,1
29,62.73022312864048,me,39,0.38,72.23084781632048,neutral,7,0,night,1,1,interested,1,1
36,23.227856983528874,them,148,0.07,35.654023796943726,neutral,5,0,night,1,0,interested,1,1
10,29.216111411730427,them,32,0.51,56.96963533129596,enthusiastic,9,1,day,1,0,interested,0,0
21,67.74157222131217,them,21,0.25,16.954879591188714,neutral,8,0,night,0,1,interested,1,1
16,63.64078047605507,me,96,0.64,47.52386108402876,dry,10,1,day,0,0,dry_texter,0,0
25,11.900769845464879,them,1,0.28,51.99479550106252,dry,0,0,day,1,0,dry_texter,0,0
40,14.594718244130743,me,147,0.7,52.28841887103979,dry,6,1,day,1,1,interested,1,1
4,69.17059308557663,them,78,0.75,25.13329499802746,enthusiastic,1,0,night,0,1,casual,0,1
34,69.40323897760916,me,34,0.31,40.01657994781601,enthusiastic,2,0,day,0,0,casual,1,1
16,46.79152205213769,them,155,0.78,83.5943236923416,neutral,3,1,night,1,1,dry_texter,0,1
9,2.2661745136288127,me,198,0.34,118.86194572914737,enthusiastic,0,0,night,1,1,dry_texter,0,1
38,36.902427541041455,them,188,0.32,19.53843978775538,dry,5,1,night,1,0,casual,0,0
16,54.17123350670052,me,38,0.35,38.52044012264433,neutral,1,0,day,0,0,interested,1,1
7,5.608928270019028,me,127,0.14,25.58957694385399,neutral,7,0,day,0,0,dry_texter,0,1
8,5.514996226702892,me,147,0.55,79.85426413246394,dry,8,1,day,0,0,interested,1,0
39,5.936992208509009,them,6,0.16,103.15194337232705,enthusiastic,2,1,day,0,1,casual,1,1
34,30.359354770966213,me,95,0.51,67.76587714996866,neutral,8,1,night,1,0,ghoster,0,1
27,18.811243382715833,me,52,0.66,112.26724748619289,enthusiastic,10,1,night,1,0,casual,1,1
32,65.320489189254,them,38,0.8,111.49921598435317,enthusiastic,4,0,day,1,1,ghoster,0,1
26,13.696361650646955,me,86,0.9,47.60560363153394,enthusiastic,6,1,day,1,0,casual,1,1
18,23.35416139215503,them,117,0.57,106.16895837555265,dry,10,0,night,0,0,dry_texter,1,1
31,25.87416153097872,them,105,0.81,114.32640714007387,neutral,4,1,night,1,1,interested,0,1
8,3.537820538911239,me,99,0.12,31.56346403353462,dry,2,0,day,1,1,interested,1,1
12,63.95528577829081,them,6,0.6,36.80659279492252,dry,6,0,night,1,1,interested,0,1
29,28.991207880339374,me,111,0.65,95.71079198719654,enthusiastic,10,0,day,1,0,interested,1,1
3,33.491159571144344,them,109,0.44,114.06558468076757,dry,3,1,day,1,0,dry_texter,0,1
13,14.875167057048793,them,59,0.75,117.82429949376146,neutral,2,1,night,1,0,interested,1,0
49,10.45925548797746,me,174,0.05,40.470794846807884,enthusiastic,5,0,night,0,0,casual,0,1
46,45.14104391640469,them,121,0.47,82.82278349409883,neutral,6,0,day,1,1,casual,1,1
33,12.454662396260968,me,103,0.23,37.10615191234843,dry,8,0,night,1,1,dry_texter,1,1
9,33.34820566869853,them,192,0.88,93.17711813028174,dry,9,1,day,0,1,ghoster,0,1
15,26.72109288097918,me,137,0.8,96.94975624913128,neutral,10,0,night,1,1,casual,0,1
45,70.47801096022769,them,48,0.45,112.87099882389164,enthusiastic,7,0,day,0,1,interested,1,1
10,52.12967639965862,them,91,0.27,95.92325901847227,dry,3,1,day,1,1,interested,1,1
35,38.40216595722714,them,22,0.22,33.13232084486017,dry,3,1,day,1,0,casual,0,1
17,51.81673711194567,them,10,0.84,34.64629471930823,dry,0,1,night,1,1,interested,1,1
25,49.47454500079672,me,149,0.57,23.28787725207548,enthusiastic,10,0,night,0,1,interested,1,1
39,45.28148827829718,me,128,0.66,87.74211950299994,enthusiastic,3,0,day,0,0,casual,0,1
6,43.88730561785125,me,184,0.97,46.04045043162466,neutral,7,1,night,1,1,casual,0,1
48,23.683649194370915,them,79,0.65,56.46136823783823,enthusiastic,8,1,day,1,1,dry_texter,1,1
37,52.9651898946113,me,78,0.8,27.28462149766988,neutral,1,1,day,1,0,interested,0,1
12,47.52019193487841,me,138,0.55,36.255751016701545,dry,9,1,night,1,1,casual,0,1
7,12.657847489001249,me,4,0.48,11.218941853218507,neutral,9,0,night,1,0,casual,0,1
11,46.143953519689276,me,61,0.78,87.75945404189899,dry,7,0,day,1,1,interested,0,1
15,40.34630296195734,them,84,0.37,53.21889041102739,enthusiastic,3,0,day,0,0,casual,0,1
8,15.835490069129163,them,26,0.0,45.14835829147858,enthusiastic,7,0,night,0,0,ghoster,1,1
7,26.973122570534176,me,32,0.51,22.617674501596458,neutral,1,0,day,1,0,interested,1,1
47,69.95726113211943,me,56,0.57,76.86811946435294,dry,8,1,day,1,0,ghoster,0,1
40,6.106898220364513,me,14,0.69,11.042337770506284,enthusiastic,5,0,day,0,0,dry_texter,0,0
12,58.54088001042102,me,76,0.93,103.9294227463803,enthusiastic,5,0,night,0,1,interested,1,1
42,53.80527798320966,me,28,0.35,96.42064892245388,dry,1,1,night,0,0,dry_texter,1,0
44,70.42158538807656,me,8,0.41,80.07780972424482,neutral,2,0,day,0,0,ghoster,0,1
37,70.07426737792377,them,34,0.37,76.9324720935673,enthusiastic,2,0,night,1,1,ghoster,0,1
28,32.016756505674806,me,37,0.46,97.11068331050262,enthusiastic,4,1,day,0,0,interested,1,0
16,46.700608356290296,me,80,0.77,70.41352075411864,dry,7,0,day,1,1,ghoster,0,1
4,51.23835075198691,me,178,0.14,84.49200600394255,neutral,0,1,day,0,1,interested,1,1
21,49.39236727634749,me,82,0.8,90.06818426135806,dry,2,1,night,0,0,ghoster,1,1
12,50.86636900602929,me,73,0.9,117.14032452729087,neutral,10,1,night,1,0,ghoster,0,1
21,59.29823840823392,me,70,0.95,43.761214269796554,dry,8,1,day,0,0,ghoster,0,1
4,70.65165766534713,me,197,0.94,60.902410109047416,enthusiastic,2,0,night,1,1,dry_texter,0,1
22,38.672132925329876,them,112,0.36,74.31668961717611,neutral,1,1,night,0,1,interested,1,0
41,47.81824384374119,me,194,0.69,71.56182805651126,neutral,5,1,night,0,0,casual,1,1
19,66.89369624967456,them,70,0.91,22.86553300857413,enthusiastic,3,0,night,1,1,casual,0,0
27,53.382405935285,me,72,0.62,39.171803966207655,enthusiastic,5,0,night,1,1,dry_texter,0,1
33,48.26349623579234,me,4,1.0,118.69768541332061,enthusiastic,9,0,night,0,0,interested,1,0
25,11.465055894951837,me,22,0.43,107.25857913303655,neutral,5,1,day,1,0,interested,1,0
13,23.021702303210052,me,21,0.35,98.81695545571291,dry,7,1,night,1,1,interested,1,1
14,24.494802628234222,me,177,0.5,86.90616191815138,enthusiastic,6,0,night,1,1,dry_texter,0,1
28,66.26418282796851,them,107,0.69,90.39912251784109,neutral,6,1,day,1,0,casual,0,1
6,4.008819627872395,them,118,0.57,72.30172574394501,enthusiastic,2,1,night,0,0,dry_texter,1,1
21,6.012108391639425,them,48,0.71,25.538059323350186,neutral,9,1,night,1,1,interested,1,1
4,8.33561149114344,them,138,0.94,57.866023477830126,enthusiastic,0,1,day,1,1,interested,1,0
7,30.830707135929092,them,80,0.61,106.49576767740359,enthusiastic,10,0,night,0,1,ghoster,0,0
34,48.1317155726784,them,116,0.9,37.3996621822028,dry,3,1,day,0,1,casual,0,1
40,69.6925994543048,me,23,0.46,49.80213330005464,enthusiastic,5,1,night,1,0,interested,1,0
11,35.84582806381199,them,194,0.16,94.72457208697828,dry,6,1,night,1,0,dry_texter,0,1
31,45.268220964898575,them,66,0.03,19.614175183904283,neutral,1,0,day,1,1,dry_texter,0,1
6,32.78904306139618,them,138,0.72,22.88027977421612,dry,4,0,day,1,1,interested,0,1
32,71.63251966911281,me,162,0.24,14.788503585273,neutral,6,1,day,1,0,casual,0,1
6,43.1555057656801,me,140,0.68,7.8434061577963865,enthusiastic,6,0,night,1,1,interested,0,0
38,31.74396937324684,them,136,0.38,67.08107976937,enthusiastic,0,1,day,1,1,interested,0,1
44,7.034167814903467,me,102,0.2,34.80742477338375,neutral,3,1,day,0,1,interested,1,0
17,71.67437760975537,them,93,0.53,119.3558253505624,enthusiastic,0,0,night,0,1,interested,0,1
37,49.568292383519506,them,172,0.28,103.7499777645838,neutral,10,1,night,0,1,ghoster,0,1
48,43.23220556387019,me,102,0.07,33.992807286356054,neutral,10,1,day,1,1,ghoster,0,1
34,65.9957625123381,them,51,0.83,74.45894567415604,neutral,3,0,night,0,0,casual,0,1
16,28.401884206533033,them,115,0.04,87.72992676715417,dry,1,1,day,0,1,casual,1,1
47,23.16463605440007,me,32,0.85,32.16408103681651,dry,3,1,night,0,0,interested,1,0
5,15.78251086231482,them,1,0.38,23.24730914205484,enthusiastic,7,0,night,0,0,dry_texter,1,1
15,64.12701172070138,me,121,0.4,70.56131771590053,dry,7,0,day,1,0,ghoster,0,1
38,55.331087114387316,them,94,0.95,111.93522984269029,dry,6,0,night,1,0,casual,0,0
45,48.428408188142676,me,176,0.16,9.275091874588165,dry,0,0,night,1,0,ghoster,0,1
6,29.597289523590632,me,51,0.34,25.663821564781756,enthusiastic,4,0,day,1,0,dry_texter,0,1
36,23.766750354979877,me,161,0.08,52.26546714099374,enthusiastic,8,0,day,0,0,dry_texter,0,1
29,16.82714842239649,them,99,0.38,111.12848491652228,neutral,6,1,day,0,0,interested,0,1
29,57.24106523078921,them,111,0.85,32.98161779815495,enthusiastic,10,1,day,0,1,ghoster,1,1
23,18.267736582396804,me,95,0.63,65.18171404361942,neutral,10,1,day,0,0,dry_texter,1,0
30,60.620636416075115,them,191,0.51,61.81467278789365,dry,1,1,day,0,1,dry_texter,0,0
46,52.327413398591084,them,197,0.38,91.75222245422117,neutral,0,0,night,0,1,interested,0,1
22,21.001405157412385,them,162,0.2,90.37793046034218,enthusiastic,10,0,night,0,1,casual,1,0
45,27.882282880465386,me,66,0.78,93.45459066399742,neutral,10,0,night,1,1,dry_texter,0,1
17,41.78437316226744,them,140,0.01,54.328147208755524,neutral,9,0,day,0,0,interested,1,0
39,52.51559807734851,them,17,0.55,34.271997560763694,dry,6,1,night,0,1,interested,1,0
50,48.289183643530095,me,8,0.33,49.95353575116991,dry,6,0,night,1,0,interested,1,0
41,67.7818655631663,them,87,0.85,40.890759476912656,enthusiastic,6,1,night,1,0,ghoster,0,1
8,45.96324223798837,me,71,0.32,52.11029422106225,neutral,4,1,night,1,0,dry_texter,0,1
31,53.42014847819514,me,137,0.59,7.9310795874486635,dry,3,1,day,0,1,ghoster,1,1
2,19.903227627952838,me,39,0.92,94.61013376170763,dry,2,1,day,1,1,interested,1,1
40,60.43981580149399,them,17,0.5,9.39051100732644,neutral,10,1,night,1,0,ghoster,0,1
4,42.76220233123371,them,37,0.65,108.4151587433416,enthusiastic,6,0,day,0,0,casual,0,1
18,2.6397930107167795,me,112,0.64,98.70474915510553,enthusiastic,8,0,night,1,1,casual,1,1
33,57.181191792214165,them,41,0.85,36.64579318245234,neutral,10,1,day,1,1,ghoster,0,1
27,29.44780463247981,me,80,0.97,119.90454272781899,dry,9,0,night,0,0,casual,0,1
20,60.43748351737065,me,154,0.64,37.9066867090719,enthusiastic,9,0,day,0,1,casual,0,1
9,6.701137294829592,them,172,0.51,98.23778893932284,neutral,4,0,night,0,0,interested,0,0
2,2.5624988723899635,me,97,0.16,35.03042977882136,neutral,2,0,day,0,1,ghoster,1,1
40,68.58253320492345,me,109,0.42,42.68888042857575,neutral,6,1,night,0,0,ghoster,0,1
24,69.95864942328434,them,124,0.78,43.04227436187388,enthusiastic,8,0,night,1,1,casual,0,0
44,49.5833468961443,them,179,0.64,74.51294655889994,enthusiastic,1,1,day,1,1,interested,1,1
28,10.008427031197709,me,120,0.52,7.786625392074448,enthusiastic,7,0,night,1,0,dry_texter,0,0
1,68.6072421932031,me,67,0.9,85.12005543976993,dry,9,1,day,1,1,ghoster,0,1
29,66.34377694351711,them,17,0.93,37.00813384607057,dry,9,0,day,0,1,dry_texter,1,1
42,30.495752587367804,me,29,0.72,107.78065848896095,neutral,0,0,day,1,0,dry_texter,0,0
40,9.27453664699252,them,151,0.16,28.82427609070446,dry,0,0,day,1,0,interested,1,1
10,50.74940599973891,them,34,0.99,14.038867791344028,enthusiastic,0,0,day,1,1,casual,0,1
12,48.498037448789276,me,128,0.91,88.31020091877483,neutral,8,0,night,1,0,ghoster,0,1
32,10.697874890517422,me,142,0.52,77.5278989055144,dry,9,0,night,1,1,interested,0,0
21,20.56420512510101,them,7,0.8,40.9199356363235,neutral,7,1,night,0,0,dry_texter,0,0
3,58.496590631682196,me,41,0.72,36.625206749741366,enthusiastic,1,1,day,0,1,interested,1,0
49,25.651291290331123,me,177,0.38,2.2269824077565845,neutral,5,1,night,1,1,casual,0,1
11,64.99855277350082,them,52,0.45,31.42884727691169,neutral,9,1,day,0,0,ghoster,0,1
41,64.56051308984782,them,153,0.16,105.14652360629128,dry,9,0,day,1,1,casual,0,1
2,36.57624520689069,them,61,0.51,94.35403981841833,enthusiastic,7,0,night,1,0,interested,1,0
32,40.084528404064606,me,110,0.84,108.71128510938888,neutral,9,0,night,1,0,interested,0,0
8,39.295374284433294,me,76,0.67,93.43887671560563,enthusiastic,4,0,night,0,1,interested,0,1
16,67.26586156909855,them,163,0.78,20.18160989802225,dry,6,0,day,1,0,interested,0,1
40,45.268755392431956,me,113,0.15,106.48013175602297,neutral,7,1,day,1,1,ghoster,0,1
24,53.102749510204156,them,83,0.94,90.0023939432649,neutral,4,0,day,0,0,ghoster,0,1
30,18.15453270888825,me,142,0.55,66.62128007724812,dry,8,1,night,1,0,ghoster,0,1
29,24.550678982901353,them,122,0.83,49.415467577930315,enthusiastic,1,1,night,1,0,casual,0,1
11,11.815046500904351,them,75,0.4,3.5606086178540792,enthusiastic,6,1,day,0,1,interested,1,0
12,61.72234878112238,me,153,0.4,86.89853173763518,enthusiastic,10,0,day,1,1,casual,0,1
7,45.23362946576704,me,44,0.74,38.53448427050653,enthusiastic,1,1,night,0,0,dry_texter,1,1
7,9.175991118121537,me,84,0.69,18.671746687533282,neutral,2,1,day,0,0,interested,1,1
2,34.571624571804584,me,20,0.63,20.808558317940232,dry,4,0,night,1,0,interested,1,1
12,65.36967687442363,me,186,0.35,7.096244835089307,enthusiastic,9,0,day,1,0,dry_texter,0,1
45,4.551430734031089,them,6,0.66,37.031010998532366,dry,2,1,day,0,0,casual,0,1
34,13.08275738701311,them,11,0.2,7.543143906400589,neutral,3,0,night,0,1,casual,1,0
18,26.630957066861626,them,32,0.26,84.80723827355293,enthusiastic,1,1,night,1,0,interested,0,1
47,17.23835635505905,me,41,0.47,105.23108772272299,neutral,2,1,night,0,1,casual,0,0
20,34.30610257615797,me,199,0.76,69.68258789347023,dry,7,0,night,1,0,ghoster,0,1
41,48.2017933322127,them,130,0.55,12.942465282198022,neutral,5,1,night,0,1,interested,1,1
28,65.47632218516335,them,19,0.06,97.58690216730547,neutral,1,0,night,0,0,casual,1,1
36,28.11782322885906,me,129,0.07,75.08867064653265,neutral,8,0,day,1,1,interested,1,1
21,17.66686119708607,them,84,0.31,89.828963601697,neutral,8,0,night,1,1,casual,0,1
26,28.717636857686436,them,198,0.22,107.36519239033838,dry,9,0,day,0,0,dry_texter,0,1
21,65.95135063139155,me,147,0.74,102.27250843082713,dry,7,1,night,1,0,casual,0,1
8,66.04801126038808,them,6,0.06,25.398410703423124,dry,3,1,night,0,1,ghoster,0,1
16,4.207202325363558,me,200,0.45,57.16261868739182,neutral,8,1,day,0,0,ghoster,0,1
18,29.397863050883842,them,171,0.39,40.77918236822188,dry,6,0,day,1,1,casual,0,1
30,45.950927080410054,them,7,0.44,2.315581599679021,dry,9,0,day,1,0,ghoster,0,1
9,13.74054101148747,them,146,0.63,91.58656873003439,dry,9,0,night,0,0,interested,1,0
34,70.75236963318288,them,115,0.02,63.85984426254716,enthusiastic,5,0,day,0,0,casual,0,0
46,19.489795359930447,them,31,0.86,109.63689760880335,neutral,0,0,night,0,1,interested,1,1
10,31.40569596536418,me,15,0.08,5.096846179593895,enthusiastic,1,1,day,1,0,interested,1,0
37,26.275728846210725,them,81,0.68,13.37351570927763,enthusiastic,6,1,day,1,0,interested,1,0
33,32.27697469141414,them,151,0.7,102.34066840086366,enthusiastic,3,0,night,0,0,interested,0,0
33,14.253157896099875,me,85,0.85,9.441151841453458,enthusiastic,0,0,night,1,0,ghoster,0,1
33,63.81470907772708,me,120,0.83,117.34116767761977,neutral,1,1,day,0,1,dry_texter,0,1
13,43.87874871792129,them,138,0.16,100.59034311903062,neutral,4,0,day,1,1,dry_texter,0,1
45,70.32549790486883,them,152,0.59,11.103536171611134,enthusiastic,7,1,day,1,1,ghoster,0,1
13,59.626065234240016,me,138,0.42,62.85741660762191,dry,0,0,night,0,1,dry_texter,1,1
26,58.495960375927844,me,135,0.61,78.13212216817686,dry,4,1,night,0,0,dry_texter,0,1
7,15.971695358558911,me,183,0.62,110.80042118504963,dry,4,1,day,0,0,dry_texter,0,1
22,9.680653549620391,them,30,0.69,48.89226097675932,neutral,6,1,night,1,1,dry_texter,1,1
38,6.039020764877124,me,56,0.83,32.77638618192741,neutral,3,1,night,1,1,ghoster,0,1
39,39.76401350252935,them,111,0.64,36.79833286179546,neutral,5,1,day,0,0,interested,1,0
34,66.0619552240175,me,44,0.79,60.70202516778979,enthusiastic,7,1,night,0,0,interested,1,0
14,68.16336037478003,me,165,0.71,23.480352427132253,neutral,8,1,night,0,1,casual,1,1
19,23.885974351402737,me,147,0.91,114.3154655115969,neutral,4,1,night,1,0,ghoster,0,1
35,6.6794452848080965,them,29,0.49,46.84063898648332,enthusiastic,9,1,night,1,0,casual,1,1
3,65.01632059216102,them,43,0.58,79.29733099973805,neutral,5,1,night,0,0,interested,1,1
3,38.6477362151958,them,144,0.18,17.78103798019491,enthusiastic,10,1,night,1,1,dry_texter,1,0
37,7.281624314716022,them,180,0.98,73.26084487337516,dry,5,1,day,1,0,dry_texter,1,1
5,62.45149605041284,me,60,0.73,48.760840905961416,dry,0,1,day,1,0,dry_texter,0,1
16,35.87508890905298,me,176,0.44,9.38892612521172,neutral,0,0,day,1,0,ghoster,0,1
33,70.06682002190372,me,194,0.11,42.31865198116848,dry,4,0,day,0,1,dry_texter,0,1
36,8.28894332627544,me,39,0.96,113.09884025733727,dry,1,1,day,0,1,casual,1,1
10,59.29595155520702,me,188,0.9,79.05314599608941,neutral,4,0,day,1,1,casual,0,1
17,15.261942655122027,me,170,0.49,5.9354529075329445,enthusiastic,10,0,night,1,1,casual,1,1
12,61.76201094661205,me,109,0.29,57.984390465609806,enthusiastic,3,0,day,1,0,casual,0,1
14,12.976145876959013,me,169,0.45,45.68105924081789,neutral,10,1,day,1,1,interested,1,1
45,6.028448616121094,me,184,0.74,85.45059343137007,dry,4,0,night,0,0,ghoster,0,1
9,36.91812963868601,me,39,0.03,74.73081202227245,enthusiastic,7,1,day,0,0,casual,1,1
23,24.741066242856316,them,73,0.27,37.403977101788165,enthusiastic,10,1,day,1,0,ghoster,0,1
17,38.37515520565424,me,125,0.67,45.2579396866029,enthusiastic,7,0,night,1,0,casual,0,1
25,23.752719398752056,me,38,0.86,50.99334937349136,neutral,6,1,night,1,1,interested,1,1
40,46.48541973720043,me,59,0.79,27.95437583807236,neutral,6,0,night,1,0,interested,0,0
4,50.90379241544735,me,187,0.26,10.286839265729535,dry,7,0,day,0,0,casual,1,0
35,71.88398865309556,me,162,0.43,116.41513217745656,neutral,8,1,night,1,0,interested,0,1
19,39.16343001456162,them,59,0.92,90.1403027076907,enthusiastic,7,1,night,0,0,dry_texter,0,1
40,67.38076053436987,them,149,0.65,63.596509958684706,dry,5,0,day,0,1,dry_texter,1,1
33,53.59023699562545,me,176,0.66,7.566617242403123,dry,3,0,night,1,0,casual,0,1
39,5.096209909327316,me,170,0.56,46.239398932335114,enthusiastic,1,0,night,0,1,dry_texter,0,0
22,43.56460129467072,me,50,0.62,93.46041170961131,enthusiastic,7,0,night,0,0,interested,1,0
3,53.48602814170021,them,169,0.19,68.02144605385709,dry,4,1,day,0,0,dry_texter,1,1
7,54.90327903323245,me,80,0.87,88.57348688255755,dry,8,0,day,1,0,ghoster,1,1
32,10.676219565563759,me,183,0.53,9.160031721311945,enthusiastic,10,0,day,0,1,interested,1,0
32,58.16492424206039,them,145,0.48,4.1106882579583015,enthusiastic,10,0,day,1,1,ghoster,0,1
3,3.6316142339056805,them,86,0.2,72.0226796757237,enthusiastic,10,1,day,0,0,ghoster,1,0
31,55.84068401143041,me,165,0.68,2.5424144218881275,neutral,2,0,day,0,1,dry_texter,1,1
17,37.05058062072223,me,127,0.93,93.76711844965918,enthusiastic,4,0,night,0,0,ghoster,1,1
46,27.609869540419517,me,125,0.2,20.353447043058267,enthusiastic,5,1,night,1,0,ghoster,0,1
14,56.71536514878478,me,2,0.14,39.23423258971289,neutral,8,0,day,0,0,dry_texter,0,1
43,9.44997930820277,them,195,0.13,50.71683686189629,dry,0,0,night,1,0,casual,0,1
49,31.53261000322989,them,4,0.73,49.05656973910054,enthusiastic,10,0,night,0,1,dry_texter,1,1
40,38.63064560260065,me,179,0.96,4.175476145914239,enthusiastic,1,1,night,1,1,ghoster,0,1
26,47.87256692546443,them,75,0.74,42.120859795825325,enthusiastic,10,0,night,1,1,interested,1,1
42,70.91922026665382,them,177,0.59,45.987985779839576,neutral,6,0,night,1,0,casual,0,1
20,29.562420280616067,them,184,0.54,40.51409995524637,neutral,5,1,night,0,1,dry_texter,0,1
7,13.793179655866872,them,131,0.25,111.17445073357715,dry,10,0,day,1,0,dry_texter,1,1
24,16.36532554585486,them,41,0.07,59.607798432649204,dry,5,1,day,1,1,ghoster,0,1
10,51.94529150256528,me,50,0.04,23.713739647655736,dry,7,1,day,0,0,casual,0,1
33,39.11557369110976,me,146,0.61,45.08917914543012,dry,6,0,night,0,0,interested,1,1
48,39.11499902514141,them,100,0.45,87.91458713549639,neutral,6,0,day,1,1,interested,0,1
17,65.816833096028,me,124,0.04,20.54983018632333,enthusiastic,1,1,day,1,0,casual,0,1
4,55.237842693438516,me,146,0.53,33.25955309391488,neutral,0,1,day,1,1,ghoster,0,1
13,63.89665460084038,them,166,0.95,116.37380943452325,enthusiastic,3,1,day,1,0,interested,1,0
3,45.3570387651257,me,115,0.25,29.24074192453464,neutral,6,0,day,0,1,ghoster,0,1
25,46.367760532145795,me,12,0.34,71.41581198765671,dry,1,1,day,1,1,interested,0,1
36,31.58542975697282,me,107,0.66,17.588483552523478,neutral,5,1,night,1,0,dry_texter,0,0
41,68.59615370701408,me,112,0.38,28.624238002707134,dry,4,0,day,1,0,ghoster,0,1
16,27.193847644720577,them,83,0.79,21.535995100117457,dry,4,0,day,0,1,dry_texter,0,0
20,42.125654146821574,them,107,0.91,95.08890396407318,dry,10,1,day,1,0,dry_texter,0,1
45,59.54712076714997,them,147,0.1,78.80510113098413,enthusiastic,0,1,day,0,0,dry_texter,1,1
34,51.9705238038934,me,68,0.91,70.5554050219891,enthusiastic,7,0,night,1,0,ghoster,0,1
2,55.8191592732685,me,47,0.84,81.85113853763545,enthusiastic,7,1,night,1,1,interested,0,1
26,24.572385405613673,me,37,0.31,49.99549849336079,neutral,6,1,day,0,1,interested,1,0
2,12.601633992073394,me,71,0.18,19.105218281962543,enthusiastic,10,1,night,1,1,ghoster,1,1
5,43.70541855495888,me,165,0.27,88.32389572086612,dry,5,0,day,0,1,casual,0,1
7,69.8762377277021,me,89,0.52,112.3961975037347,enthusiastic,4,0,day,1,0,ghoster,0,1
45,21.701859668863488,them,109,0.03,61.944035688086245,enthusiastic,8,0,night,0,0,casual,1,1
14,8.757284734508794,me,80,0.93,101.97018959185893,dry,1,1,night,1,1,interested,1,0
35,47.69218656964524,me,21,0.79,85.60012523094102,dry,0,1,day,1,0,dry_texter,0,1
33,19.935082562072985,me,34,0.83,80.08414054850789,enthusiastic,3,1,night,0,0,interested,1,0
34,32.48356787747279,them,46,0.44,1.5382654545899515,dry,9,0,day,0,1,interested,0,1
35,14.191286345120849,me,70,0.06,14.69465054505386,dry,8,0,day,1,0,ghoster,0,1
30,63.57855053550878,me,117,0.49,9.82711628024746,enthusiastic,9,0,night,1,1,interested,0,1
2,3.6126859892848744,me,112,0.68,59.678811697890396,neutral,1,1,day,1,1,dry_texter,1,1
14,48.89521395220978,them,25,0.84,65.2451210130161,enthusiastic,8,0,night,0,0,dry_texter,0,1
19,48.674488991923674,them,156,0.14,108.67854678059527,neutral,6,1,night,0,1,ghoster,0,1
4,6.734833626668662,me,147,0.16,111.72770808901988,neutral,3,1,night,1,1,dry_texter,0,1
22,34.74236592568008,me,49,0.27,78.72488385685251,enthusiastic,6,1,day,1,1,ghoster,0,1
45,47.060117117008005,me,167,0.48,95.83981461615302,dry,5,0,night,0,1,casual,1,1
3,2.1840319306588203,me,45,0.62,71.18224616884596,dry,4,1,day,0,0,interested,1,0
30,62.47980416953448,me,15,0.89,11.976256718962528,dry,10,1,night,0,1,dry_texter,0,1
21,17.990334029885396,them,101,0.55,14.50560317759009,neutral,6,0,day,0,0,casual,0,1
44,70.08409104045853,them,123,0.93,97.83279650853812,enthusiastic,1,1,day,0,1,ghoster,0,1
12,29.554104064359628,them,178,0.84,37.03977459808021,neutral,5,1,night,1,0,interested,1,1
28,68.7501446621583,them,80,0.85,22.737546559075625,neutral,7,0,night,0,0,dry_texter,0,1
39,58.99254449965163,them,71,0.45,2.157042405154185,enthusiastic,5,1,night,1,0,ghoster,0,1
34,13.628936383575438,me,71,0.03,102.59402712027695,dry,0,0,day,0,1,casual,0,1
3,7.707998718592917,me,172,0.25,36.51920658961667,neutral,10,0,day,0,1,interested,1,0
41,65.33158051242864,me,131,0.2,36.19338422555079,neutral,1,0,day,1,1,interested,0,1
49,29.813753974423882,me,77,0.72,77.58678973703404,neutral,7,1,day,1,1,ghoster,1,1
10,8.490600193351339,them,142,0.18,78.10495123807344,enthusiastic,10,0,night,0,0,ghoster,0,1
12,38.372903913043,me,78,0.37,53.60095435388965,neutral,3,1,night,0,0,interested,1,1
21,40.438430633761236,them,71,0.32,95.40769284528034,neutral,4,0,day,0,0,interested,0,1
33,13.366464732503978,me,170,0.72,75.10263124531961,dry,4,1,day,1,1,ghoster,0,1
34,66.94115846176827,me,195,0.72,62.136960818232374,enthusiastic,9,1,day,1,0,dry_texter,0,1
29,50.13997137270388,me,92,0.73,20.292772454878644,neutral,0,1,day,1,0,casual,0,1
16,55.780685392946474,me,50,0.39,77.48132723765029,dry,10,1,day,0,0,casual,1,1
49,55.768219256186775,them,118,0.9,69.82810300079093,enthusiastic,6,1,day,1,0,ghoster,0,1
35,12.508331755576235,them,149,0.49,7.465342067011927,dry,2,0,day,1,0,casual,1,1
42,68.96847618647578,them,194,0.15,27.056407913575526,neutral,7,0,night,0,1,casual,0,1
33,60.77815315232895,me,83,0.3,42.48143254266821,enthusiastic,1,0,day,1,0,casual,0,1
1,7.660029139193992,them,159,0.68,116.87462500109238,enthusiastic,7,1,day,1,0,ghoster,0,1
39,36.43092865367228,me,184,0.98,82.4945908112133,dry,9,1,day,1,1,dry_texter,0,1
46,58.03167417749938,me,2,0.59,8.880571686751523,dry,8,0,night,1,1,ghoster,0,1
45,15.324311959079903,them,110,0.72,75.7368482842329,dry,2,1,night,0,1,ghoster,0,1
9,59.04678987379447,them,169,0.14,81.33785084634594,enthusiastic,4,0,night,0,1,interested,1,1
32,28.86217695021332,them,124,0.53,103.56619303643919,neutral,8,1,day,1,1,dry_texter,0,1
26,28.321775925411,me,186,0.15,84.50682009329603,neutral,2,1,night,0,0,dry_texter,0,1
17,57.297031145273706,me,103,0.55,7.967062467340611,neutral,10,1,night,0,0,ghoster,0,1
15,34.18766748317317,me,86,1.0,100.84737819557277,neutral,3,0,day,1,0,casual,0,1
12,20.392995459856742,me,97,0.9,62.48422090226888,neutral,5,1,night,1,0,casual,1,1
48,23.6368711228693,them,11,0.74,50.101033043649885,neutral,1,1,night,1,1,casual,1,1
7,22.756408322004376,them,5,0.45,59.532762383275845,neutral,4,1,night,0,0,interested,1,0
18,51.541718364889626,me,73,0.77,48.666664149876254,neutral,5,0,day,1,0,interested,0,0
22,65.44266238255393,them,127,0.88,74.62006526191266,neutral,6,0,night,0,1,interested,0,0
20,37.64782029962175,me,138,0.61,113.65447194368896,neutral,10,1,day,1,1,casual,0,0
38,16.007450661888484,them,138,0.46,44.12323170892924,neutral,1,0,day,1,1,ghoster,1,1
5,38.794486491882836,them,169,0.06,107.54480302878272,dry,4,0,day,1,0,casual,0,1
12,33.615989344370774,me,22,0.6,87.5072865616038,enthusiastic,1,0,night,1,0,dry_texter,0,1
28,29.843723811409536,me,169,0.05,67.83506702840104,neutral,6,1,day,0,0,dry_texter,0,1
41,9.476868346888299,me,92,0.03,94.01769614013803,dry,5,1,night,0,1,ghoster,0,1
20,66.05252839449685,me,134,0.54,49.347528141273585,enthusiastic,6,0,day,1,1,casual,0,1
48,36.137811340546136,them,76,0.73,46.75427545538515,dry,3,1,day,0,0,casual,1,1
15,29.90327422674122,me,45,0.61,44.74193648907156,enthusiastic,5,1,night,0,1,dry_texter,0,0
27,10.044900936727178,them,73,0.86,23.949588020482967,dry,9,0,day,0,1,interested,1,0
16,40.708007306810416,them,187,0.78,90.05375895543868,neutral,1,0,night,0,1,interested,1,0
41,61.25399113571834,me,32,0.8,119.4138321881701,enthusiastic,6,1,day,0,1,ghoster,0,1
22,27.772894695059733,me,148,0.68,60.11078522733875,neutral,6,0,night,1,1,dry_texter,0,1
38,24.21188724523152,me,151,0.31,74.6618495058918,dry,5,1,day,0,0,ghoster,0,1
45,24.4865253924609,me,15,0.23,44.340814571655734,dry,0,1,day,0,0,interested,0,1
27,47.845203972986845,them,142,0.65,110.60037458665843,neutral,0,1,night,0,0,interested,0,1
42,11.23649877739177,them,127,0.17,34.76930480165177,enthusiastic,5,1,day,1,1,interested,1,1
6,31.614187971563613,me,170,0.05,28.756043893692237,enthusiastic,5,1,day,1,0,casual,0,1
18,17.591195740243485,them,73,0.49,8.007626661099344,dry,6,1,day,0,1,casual,1,1
17,70.7510367076357,me,17,0.81,17.293752226020466,neutral,4,0,night,1,0,ghoster,0,1
2,24.858927884972292,me,193,0.72,68.82659845547656,neutral,1,1,day,1,0,ghoster,0,1
40,17.83555432154011,me,149,0.81,18.5992762602889,enthusiastic,2,1,day,0,1,ghoster,1,1
16,8.110637806015303,them,75,0.95,94.48469941953735,dry,5,0,day,0,1,casual,1,1
40,44.64619429932609,them,26,0.23,3.7989862480746677,dry,10,1,night,0,1,dry_texter,1,1
23,27.275311459728165,them,78,0.31,56.39470442280877,enthusiastic,7,0,night,1,0,casual,0,1
2,68.65316276461324,me,40,0.06,74.67742405713953,dry,4,1,day,0,0,dry_texter,1,1
18,7.39021343490545,them,111,0.25,19.4712133579788,neutral,9,0,day,1,0,casual,0,1
7,21.13886565368302,them,42,0.61,80.68153913468241,neutral,8,0,day,1,1,casual,1,0
41,31.250055903499046,me,69,0.7,107.77750071799332,dry,9,0,night,1,0,interested,0,1
17,46.53396970971847,them,194,0.28,95.65814242483843,dry,0,1,night,0,0,casual,1,1
12,15.959124410142461,them,43,0.3,37.6726870881499,enthusiastic,10,1,day,0,0,dry_texter,1,0
12,51.127268796454416,me,39,0.85,24.709010829313737,neutral,7,1,day,0,1,ghoster,1,1
8,20.640314175743633,them,186,0.67,16.98834567058485,dry,5,1,day,1,1,dry_texter,1,1
41,38.117523854716055,me,57,0.93,57.13681392108937,enthusiastic,4,1,night,1,0,interested,1,0
4,57.96210150696086,me,38,0.74,110.43416828480252,dry,1,1,day,1,1,casual,0,1
44,7.193091616289475,me,38,0.79,79.8081802169371,enthusiastic,10,0,day,0,0,ghoster,1,0
4,65.00779676444262,them,195,0.87,66.03344786378146,enthusiastic,10,1,day,0,1,dry_texter,1,1
36,63.299394636014796,me,139,0.93,49.68244151665948,neutral,8,0,night,0,0,ghoster,0,1
40,70.25847720488709,them,71,0.77,69.18816342644422,neutral,9,1,night,1,0,interested,0,1
14,10.81976475202723,them,154,0.09,22.982862701133,enthusiastic,9,0,night,1,0,ghoster,0,1
39,44.14014153825456,them,107,0.15,118.12318333397005,dry,5,0,night,0,0,casual,0,1
24,67.45046223216241,me,34,0.15,16.115594445425454,neutral,8,1,day,0,1,dry_texter,0,1
18,3.8243048778076076,them,60,0.54,109.33854239467586,enthusiastic,6,1,night,0,0,ghoster,0,0
31,59.20599825824647,me,52,0.41,105.82649047359308,enthusiastic,9,1,night,1,0,interested,1,0
12,14.182184264576948,them,157,0.74,112.29495651538666,enthusiastic,3,1,day,1,0,ghoster,1,1
5,19.52507375771745,them,126,0.44,76.41887099967826,neutral,9,1,day,0,1,interested,1,0
46,53.881074104111974,me,43,0.02,72.2109946117592,neutral,4,0,night,1,1,casual,0,1
41,13.138537876414427,them,83,0.14,39.19369920606741,dry,3,0,night,0,1,ghoster,1,1
13,69.21874229761076,me,35,0.88,14.523369444529594,enthusiastic,5,0,night,0,0,casual,0,1
48,62.30084704532253,them,70,0.22,75.87454990867886,dry,4,0,day,1,0,interested,0,0
3,49.510894376855774,them,183,0.97,117.23967810083796,dry,8,0,night,1,0,casual,0,1
27,32.2592164264694,me,200,0.02,31.09411228847231,enthusiastic,6,0,night,1,1,interested,1,0
7,12.369194868995645,them,154,0.26,15.566661783090249,neutral,5,1,day,0,0,ghoster,0,1
42,8.565141242504936,them,107,0.85,29.268395872335187,dry,8,0,day,1,1,casual,0,1
44,22.088153587342152,them,16,0.74,70.56766853403097,neutral,1,1,day,0,0,ghoster,1,1
1,14.25776500441891,me,164,0.02,44.624010511732365,neutral,10,0,day,0,0,ghoster,0,1
32,36.348064822097506,me,161,0.5,101.02697265447239,neutral,4,0,night,1,0,casual,0,1
35,47.779397067067485,me,178,0.17,23.59624540080243,dry,10,1,day,0,0,casual,0,1
6,70.92178420939553,them,6,0.86,87.50219994943812,neutral,3,0,day,1,0,casual,0,1
7,12.148161199045223,me,63,0.13,33.80134831032351,neutral,4,0,day,0,0,ghoster,0,1
8,52.474343029761826,me,122,0.42,78.52139165537844,neutral,7,0,night,1,0,interested,0,0
4,48.84240557267864,me,73,0.19,108.91834837731541,neutral,10,0,day,1,0,interested,0,1
33,13.410302642514187,me,175,0.57,91.02577668915859,enthusiastic,2,1,night,1,0,ghoster,1,1
30,0.1758813632426799,me,56,0.75,80.54978732052237,enthusiastic,8,0,day,0,0,casual,1,0
36,40.91593112815183,them,53,0.87,118.32911502899476,neutral,1,1,day,0,0,dry_texter,0,0
24,66.36659972905552,them,35,0.26,69.57073005027961,dry,0,1,day,0,0,interested,1,0
50,67.89110832140781,me,27,0.7,22.58101077798333,dry,10,0,night,0,0,interested,1,1
37,55.98066110652873,them,121,0.27,50.78980965432074,enthusiastic,9,1,night,0,0,dry_texter,0,1
39,70.32989799596344,them,140,0.24,44.22967295767294,neutral,9,0,night,1,1,ghoster,0,1
34,41.418052924580735,them,65,0.24,18.976375593892747,neutral,6,1,day,0,0,dry_texter,0,1
13,50.63930152444164,me,100,0.2,24.357966700129108,enthusiastic,2,1,day,0,1,casual,1,1
29,55.234266869200475,me,13,0.07,63.094690610350405,enthusiastic,7,0,day,0,1,ghoster,1,1
38,44.32980447498976,them,197,0.48,99.42049208911014,enthusiastic,0,0,day,1,1,casual,0,1
24,46.395622479059085,them,10,0.46,95.35925232696559,neutral,3,0,day,1,1,casual,0,1
34,63.27364846332737,them,182,0.46,82.49017632338293,enthusiastic,7,0,day,1,1,casual,0,1
40,69.12971658485893,them,96,0.48,105.39799325565231,dry,0,0,night,0,1,interested,0,1
49,68.15377838697837,me,9,0.1,56.80435838698627,neutral,7,0,day,1,1,interested,0,1
7,10.779547889424101,them,186,0.06,53.90790566064346,neutral,6,0,day,1,0,ghoster,1,0
37,41.86678073372658,them,121,0.26,2.608778722342728,dry,6,0,day,0,1,casual,0,1
41,31.97620096867893,them,114,0.41,80.08676915730639,dry,1,0,day,0,1,ghoster,0,1
48,47.81458743025896,me,124,0.8,34.099482191398394,enthusiastic,9,0,night,0,1,interested,1,0
23,44.583411984498966,me,74,0.17,67.46933701381757,neutral,8,0,day,0,0,interested,0,1
5,49.631607845147045,me,140,0.43,97.37730264632654,dry,8,0,night,1,0,dry_texter,0,0
9,60.08975792098925,them,15,0.81,91.19161829623559,neutral,0,1,night,0,1,interested,1,0
9,16.78639791360459,me,84,0.1,110.06478614438743,dry,9,1,day,0,0,dry_texter,1,1
37,54.74721608914759,me,142,0.73,65.73741433698994,dry,3,0,night,1,0,casual,0,1
11,44.10229448444089,them,146,0.75,9.070363638495055,enthusiastic,8,0,night,1,0,dry_texter,0,1
12,33.30741469801561,me,10,0.42,47.585984467501454,neutral,0,1,night,0,1,casual,0,0
35,64.63517813348928,me,155,0.14,35.69127706084935,enthusiastic,4,1,night,0,0,ghoster,0,1
17,56.145402672028986,me,30,0.24,2.05088761975333,neutral,6,0,night,0,0,ghoster,0,1
44,32.241924878858114,me,6,0.5,88.0709537537556,neutral,1,0,night,0,0,dry_texter,0,1
16,10.70183754893037,me,19,0.12,99.1374118701693,enthusiastic,8,1,day,1,1,interested,1,1
49,41.880652779137925,them,41,0.77,11.557934544666066,neutral,8,1,night,1,0,ghoster,0,1
23,14.373517010691518,them,3,0.36,35.97438481547451,neutral,9,0,day,0,0,interested,1,0
18,25.49427835078454,them,19,0.87,71.18191912986151,dry,7,0,night,1,1,dry_texter,0,1
47,41.31593098281372,me,113,0.87,101.25668093181201,enthusiastic,2,1,day,1,0,casual,0,1
9,65.57472829356288,me,196,0.94,114.1733161452319,dry,7,0,night,0,0,casual,1,1
50,25.842162333751503,them,165,0.98,2.480620357175067,neutral,7,0,night,1,0,interested,0,0
42,56.11044017504929,them,122,0.62,47.99745002319669,neutral,4,1,day,0,1,ghoster,0,1
22,12.340936569229205,them,182,0.96,11.032643929978402,dry,10,1,night,1,1,dry_texter,0,1
12,47.10259166444291,me,7,0.42,90.12822854675157,neutral,10,0,day,0,0,dry_texter,1,1
18,33.47436005511207,me,67,0.16,112.63964825697232,neutral,8,1,day,0,0,ghoster,0,1
10,51.99914452318782,me,136,0.32,89.24010866155947,enthusiastic,10,1,night,0,0,casual,1,1
15,7.129402230771663,me,151,0.12,106.01434360630151,dry,0,1,night,1,0,dry_texter,1,1
34,54.942319262669955,me,4,0.52,71.77334504922567,neutral,9,1,day,1,0,casual,0,1
33,44.97124833341394,me,115,0.35,12.342642571515569,neutral,5,1,night,1,0,casual,0,0
49,37.08917272704781,them,118,0.19,51.979556232795,enthusiastic,0,1,day,0,0,interested,1,1
8,50.5466438747123,them,187,0.06,37.54978542568874,neutral,5,1,night,1,0,dry_texter,0,1
37,14.757166936613046,them,24,0.56,3.0284803202634376,enthusiastic,4,0,night,0,1,ghoster,1,0
36,21.951110183296656,me,43,0.1,91.99152150420676,dry,4,0,night,1,0,dry_texter,1,1
31,22.110205247123396,me,181,0.17,77.71346016376678,enthusiastic,5,1,night,1,1,casual,1,1
23,50.019285283654845,them,19,0.19,69.40239583662385,dry,7,1,night,0,0,ghoster,1,1
9,67.3784300488272,me,198,0.14,81.71387675861358,neutral,10,0,day,0,0,ghoster,0,1
2,4.168244344907275,them,36,0.06,101.74609265874614,dry,0,1,day,0,1,ghoster,0,1
16,39.55214295004263,me,171,0.64,56.99307412251583,neutral,4,0,day,1,1,ghoster,0,1
47,19.2176031075537,me,102,0.6,53.24166263595027,enthusiastic,4,0,day,0,1,interested,1,1
7,65.47593183940143,them,82,0.33,16.58111826293349,neutral,5,0,night,0,0,dry_texter,0,0
25,55.66326471812785,them,74,0.94,9.173580383220703,enthusiastic,2,1,night,0,0,casual,1,1
28,47.22423269293053,me,63,0.43,39.957067091804255,dry,6,1,day,0,0,interested,1,0
18,0.8121977671305078,them,193,0.26,62.40591850012573,dry,3,0,night,0,1,dry_texter,0,1
50,34.14239999725913,me,63,0.14,45.034259178803765,dry,7,0,night,0,0,interested,0,0
45,3.612249811112174,them,43,0.39,49.34850477714214,enthusiastic,3,0,night,1,0,interested,1,0
25,15.388383819395901,them,174,0.54,34.552260816989026,dry,4,0,night,0,0,dry_texter,1,0
15,63.1143446707184,them,66,0.3,26.025263613177525,neutral,1,0,night,1,1,ghoster,1,1
11,39.690598577574065,them,82,0.64,52.64553492587607,enthusiastic,8,0,night,0,1,dry_texter,0,0
30,7.5264230443339315,me,105,1.0,39.520786126914246,dry,2,1,night,1,0,casual,1,1
10,3.3210002401566845,me,115,0.39,118.75030284374864,enthusiastic,6,1,night,1,0,casual,1,0
29,60.0948048630996,them,192,0.17,48.211429879278974,enthusiastic,9,1,night,0,1,ghoster,0,0
23,70.91119567150356,them,128,0.77,58.348772912770045,enthusiastic,10,1,day,1,1,interested,1,0
6,53.95392551889492,me,23,0.35,45.398911625366274,neutral,2,0,night,0,0,ghoster,1,1
28,34.65531606830731,me,51,0.56,70.38691587314496,enthusiastic,0,0,night,1,0,ghoster,0,1
15,22.816761773271526,me,50,0.69,73.06678246436465,enthusiastic,5,0,night,0,0,interested,1,1
32,68.3366810308746,me,107,0.54,21.81338642190174,dry,7,1,night,1,0,interested,1,1
49,34.39469724381633,me,130,0.87,2.156147751077044,enthusiastic,1,0,day,1,0,interested,1,1
27,34.69308106336741,them,180,0.79,74.05311169678929,neutral,6,1,night,0,0,casual,1,1
41,59.55469892708595,them,103,0.03,23.97986003951425,dry,7,1,night,0,1,casual,1,1
6,11.860856731389791,them,123,0.82,68.68786217102205,enthusiastic,0,0,night,0,0,casual,1,1
40,38.196729963048995,them,88,0.31,89.8976348759613,neutral,0,0,night,1,1,ghoster,1,0
34,1.391288093238649,them,9,0.19,12.869788567565475,dry,6,0,night,0,0,interested,1,1
49,67.10482997117171,me,115,0.97,3.6070928379100713,enthusiastic,5,1,day,1,0,dry_texter,1,0
7,58.319588505597935,them,68,0.44,47.298234304990004,dry,5,1,day,0,0,interested,0,1
35,63.953520954824484,them,51,0.53,28.60252893392832,neutral,6,0,night,0,1,interested,1,0
42,41.93517490062082,me,119,0.52,74.63066001475065,enthusiastic,10,1,night,1,1,ghoster,0,1
24,27.57728408634448,me,188,0.94,39.36084792712217,enthusiastic,9,1,night,1,0,interested,0,0
41,21.89622752257341,them,142,0.99,46.05472454511251,neutral,8,0,day,0,1,interested,1,0
48,57.91925206043356,them,32,0.74,19.67869976478729,dry,5,0,night,1,1,interested,0,1
47,70.15896147656645,me,171,0.91,22.446264673659172,neutral,0,1,night,0,1,casual,1,1
31,52.53986584455859,me,104,0.97,12.204666156859934,enthusiastic,8,0,night,1,0,ghoster,0,1
48,13.972063117101408,them,178,0.92,48.57354106624933,neutral,10,1,day,0,1,casual,1,1
10,62.732550214389214,me,46,0.11,29.806706403098463,dry,7,1,day,0,0,ghoster,0,1
46,24.155186107838926,them,63,0.32,52.948903334652854,dry,3,0,night,1,0,dry_texter,0,1
25,59.00232315103257,me,115,0.28,79.773155024943,neutral,3,0,day,0,0,interested,1,0
50,59.57227890345629,them,6,0.62,117.37521736425121,enthusiastic,3,0,night,0,1,casual,0,1
14,14.532613749904865,me,141,0.59,41.85351478092508,enthusiastic,4,1,night,0,1,casual,1,1
10,25.060305845111493,them,117,0.71,27.733185573399112,dry,10,0,night,0,0,casual,1,1
15,43.46104288636884,me,85,0.68,27.995213503884035,enthusiastic,5,0,day,0,1,dry_texter,1,1
5,36.38111309856377,me,163,0.39,40.68708721912578,dry,3,0,day,1,1,interested,0,0
3,27.479738095468804,me,99,0.35,8.684894339915111,dry,10,1,night,1,0,ghoster,0,1
35,39.34581537647091,them,128,0.15,93.20805642215227,neutral,10,0,night,1,1,interested,0,1
9,7.359337558549785,me,187,0.76,74.00650580874122,dry,1,1,day,0,1,dry_texter,1,1
2,23.7214567480673,them,129,0.02,55.31462085754053,neutral,2,1,night,1,1,dry_texter,0,1
46,38.81554802547829,me,96,0.24,117.29074822719348,dry,3,1,day,0,0,dry_texter,0,0
22,7.8486440789405245,me,25,0.9,86.5045863690792,neutral,0,0,night,0,1,dry_texter,0,1
23,57.6241670947778,me,93,0.57,110.75605594935051,enthusiastic,5,1,day,1,1,casual,1,1
19,10.74022345844586,them,139,0.59,75.29098650859143,enthusiastic,5,1,night,1,1,interested,1,1
14,65.68667851069853,me,102,0.03,25.241621941206926,enthusiastic,8,1,night,1,0,ghoster,0,1
34,39.65695066677243,me,174,0.69,20.1183703719638,dry,1,1,day,0,0,dry_texter,1,1
49,49.77232245400946,me,75,0.16,50.319357784789986,enthusiastic,8,0,night,0,1,casual,0,1
29,63.43967342077703,them,167,0.04,52.82236992131375,neutral,1,0,day,0,0,ghoster,0,1
34,48.48151680597044,me,112,0.65,47.6866114159081,neutral,9,1,night,0,0,casual,0,0
19,21.926099524198367,them,103,0.07,55.799330499633044,enthusiastic,5,1,night,1,0,interested,1,1
45,22.279062500638457,me,94,0.93,46.95231665484226,dry,4,1,day,0,0,casual,1,0
31,58.174240908477586,them,150,0.1,43.783985456733625,dry,0,0,night,0,1,interested,1,1
27,63.16706296737555,them,191,0.89,7.7451450396727815,neutral,4,0,day,1,1,dry_texter,0,1
31,56.26324366468852,me,160,0.26,20.022401864355665,enthusiastic,9,0,day,1,1,dry_texter,0,1
48,17.739788064805516,me,81,0.8,39.27574203119088,neutral,8,1,day,0,0,ghoster,0,1
36,13.466134310613048,me,141,0.53,60.751896896628985,dry,6,1,night,1,1,ghoster,0,1
39,45.23640390353819,me,80,0.65,55.285802352247266,enthusiastic,0,1,day,1,1,ghoster,0,1
18,30.115760844270202,them,128,0.66,114.67695899299088,dry,3,1,day,1,0,dry_texter,0,1
12,56.73839619683122,me,80,0.35,80.36263268352849,neutral,9,1,night,0,0,dry_texter,0,1
26,54.16058218448509,me,158,0.57,103.52272186697991,dry,1,1,night,1,0,dry_texter,0,1
43,59.54270450335543,them,162,0.27,75.10477478277441,enthusiastic,9,1,day,1,0,ghoster,0,1
10,66.15609493398034,them,8,0.33,107.22654192442785,neutral,2,0,day,0,1,ghoster,0,1
30,13.000738505890371,them,72,0.34,114.38655997079564,enthusiastic,3,0,night,0,1,interested,1,0
46,43.91352471718233,them,165,0.16,54.19506430937823,enthusiastic,1,0,night,1,1,ghoster,0,1
49,40.2293004848255,them,61,0.8,1.5387617379524128,dry,9,1,day,0,1,ghoster,0,1
50,41.66447377634725,them,38,0.75,104.53984661518234,neutral,1,0,day,1,0,interested,1,0
12,26.917041933387946,them,12,0.44,92.61719560184105,neutral,8,0,night,0,0,dry_texter,0,0
32,15.69072860586775,them,194,0.46,81.79188960275827,dry,10,1,night,0,1,ghoster,1,1
18,1.8010146762212385,them,84,0.83,87.16698810049424,enthusiastic,0,1,day,0,1,dry_texter,1,1
36,62.02021474658572,them,87,0.19,33.17832027578488,neutral,10,0,day,1,1,ghoster,0,1
34,4.696690484101548,them,23,0.84,114.41276502022215,enthusiastic,2,0,day,1,0,casual,1,0
41,45.50318274166473,me,55,0.38,93.66536982038352,dry,5,1,night,1,0,ghoster,0,1
10,54.044420724588264,me,181,0.73,73.84139492722224,enthusiastic,7,1,night,1,1,casual,0,1
43,64.76316505118494,me,131,0.17,54.13952054864375,neutral,10,1,night,1,1,casual,1,1
33,22.54979784315855,me,116,0.83,5.639716392201391,dry,3,1,day,0,1,ghoster,0,1
6,63.81872441883272,them,77,0.38,16.544463974649062,neutral,9,0,day,0,1,ghoster,0,1
41,47.146372627752946,them,147,0.96,77.70360256300762,enthusiastic,10,1,day,0,1,interested,1,1
41,56.18253903479096,me,26,0.67,89.31162952380444,enthusiastic,0,1,day,0,1,casual,1,1
48,16.661504383142752,them,58,0.01,74.82797066842708,dry,6,1,night,0,1,casual,1,1
24,30.130802675988477,me,175,0.25,42.180933716099176,enthusiastic,0,1,day,1,0,ghoster,0,1
1,59.79332127644195,them,176,0.16,54.57853504038368,neutral,2,1,day,0,0,casual,0,1
35,21.660933819381466,them,20,0.66,23.565172379452726,neutral,4,0,day,1,1,ghoster,0,1
7,45.699061195362425,them,119,0.8,104.83155182033059,neutral,6,1,day,1,1,interested,0,1
4,39.60090904982005,them,172,0.47,43.681377301934944,dry,0,1,night,0,0,dry_texter,0,1
34,38.005075062404885,me,161,0.84,76.1797494300883,dry,7,0,day,1,1,casual,0,1
2,52.392256265496684,them,15,0.46,93.19236477296741,neutral,5,0,day,0,1,interested,1,1
5,36.83224041482945,me,3,0.71,8.98619610413794,dry,10,1,night,0,1,casual,0,1
16,22.80243963397551,them,94,0.46,56.379058429760406,enthusiastic,7,0,night,0,1,ghoster,1,0
11,28.2979964805525,them,15,0.78,71.71542055487188,neutral,1,1,night,1,0,ghoster,0,1
27,3.7403304159777875,me,39,0.59,109.1311477753659,neutral,3,0,day,0,0,ghoster,0,1
14,54.89311192488482,them,39,0.75,6.038570238017935,enthusiastic,6,1,day,1,1,ghoster,0,1
25,71.30595130420284,me,63,0.87,104.19703229403967,dry,7,1,day,1,0,casual,0,0
15,1.0012946697374856,me,55,0.83,91.6330903103071,dry,1,1,night,1,0,dry_texter,1,0
36,64.29728134746244,me,125,0.05,19.9438729898381,dry,4,0,day,1,0,dry_texter,0,1
26,31.4133044476035,me,146,0.86,3.120395249121668,dry,9,0,night,1,1,casual,0,1
39,13.390810945405866,me,119,0.67,96.40628669566922,dry,9,0,night,1,1,dry_texter,0,1
16,34.16603214020069,me,154,0.2,15.075732277376522,neutral,0,1,day,1,1,interested,0,0
44,71.76913284985868,them,18,0.22,20.405161881857772,dry,8,0,night,1,1,casual,0,1
11,45.75763748271967,them,35,0.28,77.10769829176029,neutral,5,0,night,0,0,interested,1,0
11,14.318846743410823,them,157,0.99,95.68301487281971,neutral,10,1,night,1,0,ghoster,0,1
22,37.87855371310207,them,91,0.09,42.20557967623656,dry,3,1,night,1,0,interested,0,1
42,2.1411062597909956,them,176,1.0,58.54412757699413,enthusiastic,2,0,day,1,0,interested,1,1
3,66.0303956996953,them,63,0.72,72.7111129503873,dry,7,0,day,1,0,interested,0,1
29,12.159860459348558,me,148,0.1,46.62513310875365,enthusiastic,0,0,night,1,0,ghoster,0,1
21,14.334221361527376,them,171,0.03,73.92852901458863,neutral,8,1,day,1,0,casual,1,1
43,26.26673287915066,me,192,0.54,113.18267013095954,enthusiastic,0,0,night,0,1,casual,1,1
13,46.53053186962003,them,156,0.17,93.0882150759734,dry,10,0,day,1,0,interested,1,1
45,1.194850204132453,them,162,0.07,17.07477839752544,neutral,6,0,night,1,1,dry_texter,0,1
47,36.97256957991907,me,8,0.84,53.94168736947993,enthusiastic,8,0,night,1,1,ghoster,0,1
41,46.8459644747173,me,90,0.68,55.737635947528894,neutral,3,1,day,0,0,interested,1,0
26,15.304470856621815,them,7,0.42,38.2302838575737,dry,3,1,day,0,1,casual,0,0
19,70.59374295507953,them,175,0.92,75.39651111248651,dry,6,0,night,0,0,casual,1,1
1,12.154950735832372,me,48,0.92,48.773172391926295,enthusiastic,9,0,night,0,1,interested,1,1
46,35.22456711367676,me,18,0.0,23.1836587910228,dry,9,1,day,1,1,ghoster,0,1
25,19.773136441575446,them,156,0.97,113.3547690983735,enthusiastic,1,1,day,0,0,casual,1,0
12,51.8474082648819,me,55,0.54,88.63437716114012,dry,2,0,day,0,0,interested,0,1
25,0.10522423440106365,me,193,0.13,24.652196237593603,dry,9,1,night,0,0,casual,1,0
45,12.400315936223418,them,101,0.59,10.973020925086793,neutral,0,1,day,0,0,dry_texter,1,0
16,0.5036004874213171,me,91,0.62,16.71878381306464,neutral,6,0,day,0,1,ghoster,0,0
30,47.29499526009761,them,99,0.49,92.67929486776085,enthusiastic,8,0,day,0,1,casual,0,1
40,68.0704781288366,me,80,0.25,100.48518336100668,dry,1,0,night,1,0,dry_texter,0,1
33,66.77057464573463,them,193,0.19,106.45947014953067,dry,8,1,night,0,0,casual,0,1
4,3.517257834716748,them,165,0.09,32.766890801974725,enthusiastic,5,0,night,1,1,dry_texter,1,1
9,67.05561167535903,them,4,0.24,44.686100286153604,dry,10,1,day,0,1,dry_texter,1,1
45,3.254646012101987,them,142,0.07,41.75812221848409,neutral,3,1,day,0,1,dry_texter,1,1
8,26.275002478933626,them,169,0.45,98.61643902602681,dry,5,1,day,1,0,ghoster,0,1
44,13.368403566161216,me,91,0.58,32.584361635025004,neutral,6,0,night,0,1,casual,1,1
32,52.83334458638799,me,109,0.72,59.22655547836238,dry,9,0,day,1,0,casual,0,1
29,54.49118921664508,me,7,0.43,36.25693082461036,dry,2,0,day,1,1,interested,1,1
19,37.806752783451756,them,100,0.69,99.84991283079374,neutral,1,0,day,1,0,casual,0,0
6,17.975558524080277,me,188,0.12,85.71668037668645,enthusiastic,9,1,day,0,1,ghoster,1,1
38,29.272798499286075,them,111,0.72,50.021283658367274,neutral,9,1,night,0,1,ghoster,0,1
29,66.65421318941117,me,198,0.52,108.77311259725197,enthusiastic,2,1,day,1,0,ghoster,0,1
29,10.998538456970383,them,197,0.77,86.84092229747918,dry,6,0,day,1,0,dry_texter,0,1
31,49.824483127966616,me,12,0.7,75.96349769947658,dry,10,0,day,1,1,dry_texter,0,1
42,17.707166570015666,me,72,0.34,110.56940309862857,dry,2,0,day,1,0,dry_texter,1,1
17,68.94340437598571,them,189,0.78,96.60184743960676,neutral,3,1,day,0,1,interested,1,0
50,42.338965484054725,me,90,0.07,24.000735632268256,enthusiastic,1,1,night,0,0,dry_texter,0,1
9,31.861619743487143,them,3,0.45,77.99508950529145,enthusiastic,1,1,night,1,1,casual,1,0
42,3.3507239884732485,me,80,0.17,27.976596330302186,dry,7,1,day,0,0,ghoster,1,1
26,0.9601168984868247,me,25,0.16,57.15583402053836,dry,7,0,day,1,0,casual,1,1
6,25.29737994256219,me,24,0.76,73.34003701837803,enthusiastic,7,0,night,1,0,dry_texter,0,0
27,17.334368753716706,them,70,0.99,46.91859466306246,enthusiastic,5,0,night,1,1,ghoster,1,1
23,16.40073415491068,them,80,0.6,67.48434954054234,dry,8,1,day,0,0,ghoster,1,0
16,68.37255537857666,me,178,0.14,111.8295235648555,enthusiastic,0,1,night,1,1,ghoster,0,1
37,53.680099183375944,me,72,0.85,57.39388216467844,enthusiastic,1,0,day,0,0,casual,0,0
33,24.11257180242036,me,42,0.62,48.45157042332931,dry,6,1,night,0,0,interested,0,1
42,6.249133027727133,me,99,0.59,19.26776178645736,dry,0,1,night,0,1,casual,1,1
43,24.286528823487277,them,79,0.27,35.5202757745541,dry,3,0,night,0,0,dry_texter,0,1
50,4.252175683574886,them,196,0.1,57.973601613228475,enthusiastic,8,0,night,0,0,interested,0,1
41,53.097167273361,them,8,0.46,48.94343627099842,neutral,0,1,night,1,0,ghoster,0,1
15,40.05831374622191,me,15,0.6,7.347989696938971,enthusiastic,1,0,night,0,0,ghoster,0,0
33,60.481873298840206,them,119,0.62,74.05612087241097,enthusiastic,3,1,night,1,0,ghoster,0,1
15,37.42740121734119,me,199,0.76,82.33300030109731,dry,8,0,day,0,1,casual,0,1
45,2.673799931929837,me,194,0.64,4.34806666099509,dry,8,1,day,0,1,ghoster,0,1
32,67.86556616716877,them,140,0.91,61.02394087698218,dry,3,0,night,0,1,casual,1,1
40,24.09185694730594,them,91,0.44,60.66412821482604,enthusiastic,3,1,night,0,1,interested,1,0
1,15.672947389833672,me,185,0.88,78.1251231257715,neutral,3,0,day,1,0,interested,0,0
35,15.119641920192896,me,78,0.69,39.17673607667103,enthusiastic,4,0,night,1,1,interested,1,0
34,21.71641796629928,them,100,0.03,93.11354960563465,enthusiastic,3,0,night,1,0,ghoster,0,1
24,10.759943923314093,them,195,0.83,23.627239808820296,enthusiastic,6,0,night,0,1,interested,1,1
40,67.00480211830872,them,187,0.81,69.3661594439108,dry,8,1,day,0,1,dry_texter,0,1
20,46.74033317846561,them,152,0.35,9.979961125285758,dry,8,1,night,0,0,casual,1,1
23,9.76449882314583,me,11,0.7,27.66233690087664,enthusiastic,0,0,day,0,1,ghoster,1,0
17,36.70279570157804,me,72,0.76,95.6256539884341,dry,2,1,night,1,1,ghoster,0,1
41,70.89498749899202,me,140,0.36,6.288516313775713,enthusiastic,6,0,night,0,1,casual,0,1
39,57.801040105056984,them,155,0.84,56.32488585433782,dry,0,1,day,0,1,ghoster,0,1
31,13.95247974990395,me,13,0.1,107.42723117472633,dry,7,1,day,1,1,interested,1,1
2,25.73038395352667,me,139,0.85,35.44191202500912,enthusiastic,0,0,day,1,1,ghoster,0,1
14,1.600138939197981,me,8,0.96,54.87496820391621,dry,10,1,night,0,1,casual,1,1
7,30.062551230225324,them,140,0.73,80.05271105642737,enthusiastic,6,0,day,0,1,interested,1,1
2,9.404680811780601,me,188,0.29,39.388639464676714,enthusiastic,1,0,day,0,0,ghoster,0,1
2,5.730534517591733,me,113,0.48,111.02733545537654,enthusiastic,7,1,day,1,1,interested,1,0
3,5.470414068385707,them,127,0.33,10.243369723250154,enthusiastic,4,0,day,0,0,ghoster,0,0
30,70.02576634519069,me,108,0.43,87.55404612197822,neutral,9,1,night,0,1,casual,0,0
5,52.6239871298823,me,188,0.85,71.5201553025842,dry,2,0,night,0,0,ghoster,0,1
5,28.49667027441594,them,22,0.22,2.728427782627441,neutral,0,1,night,1,0,interested,1,1
41,32.79081611186668,them,62,0.56,112.60941953268417,enthusiastic,1,0,night,1,1,dry_texter,0,0
37,48.348151257392075,me,189,0.75,73.99096750310402,enthusiastic,10,1,day,1,0,dry_texter,1,1
43,51.28261178589979,me,38,0.05,50.68407226860643,enthusiastic,2,0,day,1,0,dry_texter,0,1
30,37.04240368909555,them,82,0.87,100.97678664904973,dry,2,1,night,0,0,casual,0,1
49,23.007548400703115,me,173,0.13,95.38020224779964,neutral,1,0,day,1,0,dry_texter,1,1
40,35.87072651820378,them,5,0.47,27.030970086915232,neutral,6,0,day,1,1,dry_texter,0,0
26,41.016858953989,me,150,0.88,91.29253858114348,neutral,9,1,day,0,1,dry_texter,1,1
32,37.88081256662041,me,156,0.15,7.67173565171483,enthusiastic,8,1,night,1,0,interested,0,0
1,31.55847283749418,me,4,0.42,66.49803492943677,dry,0,0,day,1,1,ghoster,0,1
27,14.068395692528355,me,161,0.26,34.35036711278357,neutral,0,1,night,1,1,ghoster,0,1
24,44.89186955513533,them,126,0.94,113.15384918186432,enthusiastic,10,0,night,0,1,interested,1,1
50,13.822904700336885,them,191,0.21,50.21380883043979,dry,1,1,night,0,0,casual,1,0
41,65.17860658792102,them,193,0.1,71.00761207379416,enthusiastic,9,1,day,1,0,interested,0,1
1,43.67805828030528,me,184,0.33,78.24903276601411,enthusiastic,0,0,day,0,0,casual,0,0
23,50.23004604931312,me,188,0.76,81.88154769413906,dry,1,0,night,1,1,ghoster,0,0
35,9.548307040071393,me,7,0.79,85.21059927952251,dry,8,0,day,0,0,ghoster,0,0
44,66.62399712464769,me,188,0.35,90.96975515541641,neutral,5,0,night,1,0,casual,0,1
5,11.730054531220823,me,156,0.97,97.23195858657182,enthusiastic,1,1,night,0,0,casual,1,0
38,24.19548086162886,them,133,0.33,76.40257163165053,neutral,6,1,day,0,0,ghoster,0,1
20,7.802029616227304,them,93,0.45,26.506048722218686,neutral,5,0,night,0,0,casual,0,0
7,69.15954504182223,them,91,0.5,80.43436086689213,neutral,7,0,night,0,1,dry_texter,1,1
41,66.82608992686978,me,51,0.11,32.49882196138749,enthusiastic,5,0,night,1,0,dry_texter,0,1
41,12.801938246183875,me,61,0.53,22.00221212397161,neutral,1,0,night,1,0,casual,1,1
3,43.13200575942235,me,18,0.22,82.25487564645105,dry,10,0,day,0,1,ghoster,0,1
6,6.2693883293513295,them,178,0.3,22.566936826151114,dry,1,1,day,0,0,casual,1,1
2,44.85758244885496,me,187,0.95,64.71751144618479,neutral,8,1,night,0,1,casual,0,1
47,7.639753940772434,them,49,0.12,87.25176504156828,neutral,2,1,night,1,0,dry_texter,0,1
10,29.00199118804843,them,177,0.93,92.40686793555759,enthusiastic,8,1,day,1,1,casual,0,1
8,28.247600084154744,me,36,0.51,13.886431210672548,dry,1,1,day,1,0,dry_texter,0,1
31,16.572388606342166,them,131,0.05,17.14575578305243,enthusiastic,10,1,day,0,0,ghoster,0,1
41,5.7504326549859295,me,32,0.42,69.88515150954954,enthusiastic,1,0,night,1,0,ghoster,0,1
17,4.773607145243878,them,99,0.99,7.045324856110722,neutral,8,1,night,1,1,casual,1,1
33,36.80196569182357,them,91,0.22,51.321173507885085,enthusiastic,4,1,day,0,1,dry_texter,0,1
29,67.7309017031045,me,28,0.34,21.46214042309916,neutral,1,1,day,0,0,interested,1,0
34,26.655474556384327,them,55,0.3,115.7303217077284,enthusiastic,10,1,night,1,1,interested,1,1
48,63.54949212021832,me,112,0.92,29.1146827789046,dry,4,0,day,1,0,ghoster,1,1
14,28.392473199243426,them,46,0.33,113.40624562468507,neutral,1,0,day,0,1,interested,0,1
17,11.156878752462845,me,89,0.63,38.079575819164745,dry,2,0,night,0,1,dry_texter,0,1
3,1.766095923184774,me,29,0.87,81.4209385803252,dry,6,1,day,1,1,interested,1,0
11,17.271305136162805,them,175,0.37,52.54764493580003,enthusiastic,3,1,night,0,1,dry_texter,1,1
8,22.810086604477437,them,112,0.1,95.2197266325581,neutral,0,1,night,1,0,interested,1,1
17,28.324021182568394,me,52,0.24,96.11757008224355,neutral,1,1,night,1,0,dry_texter,0,1
18,53.36301690757312,them,38,0.47,112.70789972607544,dry,8,0,day,1,1,interested,0,0
25,66.45729191953467,me,136,0.5,65.47996485916293,neutral,3,1,day,1,1,dry_texter,0,1
19,64.74605807566245,me,178,0.97,12.099689120016599,enthusiastic,8,0,day,1,1,dry_texter,0,1
8,69.28613169530043,them,148,0.89,94.60686964015096,dry,3,0,day,1,1,casual,0,1
30,33.637040927050094,them,160,0.64,83.16281011734768,neutral,3,0,night,0,0,casual,0,1
45,29.27099028893704,them,17,0.89,77.21390731077446,dry,6,1,night,0,1,interested,1,0
38,11.97707036495336,them,32,0.19,38.964914693752654,neutral,0,1,night,1,0,casual,0,1
27,3.449335285335005,them,149,0.46,31.255735561762823,enthusiastic,7,1,night,1,1,dry_texter,0,1
37,16.6195250881759,them,137,0.89,46.34543348526919,neutral,4,1,day,0,0,casual,0,0
24,14.49787995932842,them,171,0.37,106.80405406905084,neutral,9,1,day,1,1,casual,0,1
10,39.29235239153687,me,74,0.82,29.352565637072775,neutral,0,0,night,1,0,ghoster,0,1
15,67.65935411298051,me,98,0.64,13.34229825785343,enthusiastic,4,1,day,0,0,ghoster,0,0
40,36.13732978877885,me,31,0.46,92.94592296913888,dry,5,0,day,1,1,dry_texter,0,1
28,45.64136716524975,them,59,0.61,13.825895275812208,enthusiastic,0,1,night,1,0,interested,0,1
40,57.571320332732,them,14,0.06,58.782481880321285,enthusiastic,4,0,night,0,1,interested,0,1
9,2.281684106813417,them,19,0.11,36.69351008966266,neutral,5,1,night,0,0,casual,1,1
15,48.88391545065723,me,82,0.61,105.08820586480567,neutral,4,0,day,0,1,ghoster,1,1
1,70.87590728440942,me,115,0.55,104.29570463208871,dry,1,1,night,0,1,interested,0,1
3,26.720479476547165,me,52,0.04,42.58180362044501,dry,3,1,day,0,1,interested,1,1
8,30.139014416068065,me,154,0.88,50.40397352054125,enthusiastic,8,0,night,1,1,interested,1,0
23,58.59388155333485,me,171,0.1,49.25620793414393,dry,3,0,night,1,1,ghoster,0,1
9,68.60828527476185,me,142,0.35,88.66827781114921,dry,7,0,day,1,1,ghoster,0,0
32,36.44760308902579,them,26,0.46,118.36017530964033,neutral,9,0,day,1,0,dry_texter,0,0
32,13.33261300733253,me,14,0.21,38.65594977476117,dry,0,1,day,0,1,ghoster,0,1
38,52.30852709669626,me,63,0.07,63.30795762114426,dry,10,1,day,0,1,casual,0,1
3,65.48138573820141,me,119,0.4,96.88252338211747,enthusiastic,5,0,day,0,0,interested,1,0
40,50.3276623614675,them,34,0.12,63.866810904261676,enthusiastic,0,1,day,1,0,interested,1,1
37,58.32325375137507,me,1,0.38,97.69806580466216,neutral,4,0,night,0,0,ghoster,0,1
2,43.57761791423129,them,127,0.74,109.24028004172462,neutral,8,0,day,0,1,casual,1,1
7,18.66180159233357,me,155,0.13,88.49946593165004,enthusiastic,2,0,day,1,1,casual,1,1
28,11.975145791360985,them,114,0.1,71.71241799574578,enthusiastic,3,0,night,1,0,ghoster,0,1
13,0.393409544080777,them,180,0.14,30.98360540290412,dry,3,1,night,0,0,casual,1,1
28,51.07967265978297,them,172,0.92,51.27447244921854,dry,7,0,night,1,1,casual,0,1
21,52.9796894781893,them,75,0.26,31.99051894103161,dry,0,0,day,1,0,casual,0,1
38,11.820189967346831,me,80,0.2,33.34806786978747,neutral,5,1,night,0,0,interested,1,0
19,55.6789569561058,them,5,0.92,115.57054624992193,neutral,4,1,night,0,1,ghoster,1,1
4,0.9105225125240306,me,135,0.5,112.8557942962648,neutral,9,0,night,1,1,dry_texter,0,0
11,58.88059398898874,me,140,0.02,85.71014096630083,enthusiastic,10,1,night,0,0,interested,1,0
37,67.14535482841102,them,153,0.05,112.6918674415966,enthusiastic,6,1,night,1,1,casual,0,1
38,29.278380899030356,me,178,0.5,68.08749332956498,enthusiastic,7,0,night,1,1,casual,0,1
13,52.18274603870412,them,33,0.77,80.97159629254016,dry,5,1,night,0,1,ghoster,0,1
24,22.086847709159578,them,93,0.06,32.07320893715685,neutral,7,0,night,1,0,interested,1,1
34,35.58072076230362,me,114,0.95,93.14624284789375,neutral,1,1,day,0,0,dry_texter,0,1
24,32.56971764950105,me,46,0.94,22.925304791747248,enthusiastic,2,1,day,0,1,dry_texter,1,1
34,56.113271152726675,me,43,0.06,108.61178793807328,enthusiastic,10,0,day,1,0,casual,0,1
3,51.77420125982865,me,181,0.52,92.63034291927401,neutral,7,0,night,1,1,casual,1,1
38,59.55162618270305,them,123,0.7,10.461182601530226,neutral,7,0,day,0,0,interested,1,1
11,34.978698096289,me,50,0.98,53.00098334437196,neutral,10,1,night,0,1,interested,1,1
41,32.16487651258726,them,173,0.76,114.91578908227078,neutral,1,1,day,0,0,ghoster,0,0
37,21.8048363955688,them,22,0.48,91.36231327101117,dry,8,1,day,0,1,dry_texter,0,1
10,70.33051498103963,me,95,0.32,71.20594201859812,enthusiastic,5,0,night,0,0,dry_texter,0,1
19,61.19181515336403,me,156,0.17,17.91451103909437,neutral,9,1,day,1,1,interested,0,1
46,58.07738096705504,me,191,0.76,84.68520818412235,enthusiastic,0,0,day,0,0,casual,1,0
47,65.67532070487749,them,54,0.82,84.5038507933267,neutral,6,0,day,1,1,dry_texter,0,1
33,11.901103154307124,them,150,0.91,110.4433475450136,dry,3,1,day,1,1,casual,1,1
38,27.353150205627042,me,118,0.58,70.08104959934501,dry,0,1,day,1,0,ghoster,0,1
5,29.681279231148668,them,52,0.69,41.62675536741924,enthusiastic,10,1,day,1,0,casual,1,0
16,19.596810839018538,them,164,0.6,2.06948933619658,dry,5,0,day,0,1,dry_texter,0,0
29,47.378017253283666,me,174,0.18,48.94172916071851,enthusiastic,10,1,night,0,1,casual,0,1
1,7.438926557468365,them,97,0.57,73.94114825074395,dry,0,1,night,1,1,dry_texter,0,1
20,10.219275753359458,me,139,0.09,62.225348242009225,dry,2,1,night,0,0,ghoster,0,0
42,38.643265046940485,them,41,0.61,103.63839352162933,dry,3,1,day,1,1,interested,1,1
23,60.842748667713266,me,183,0.18,99.61139787057797,neutral,10,0,day,1,0,ghoster,0,1
32,34.36905838984438,me,134,0.38,3.6233101796314293,neutral,0,1,day,0,1,ghoster,0,1
45,42.73585064262849,them,64,0.01,83.87655291734637,dry,2,1,night,0,1,casual,0,1
1,46.5309410461525,them,193,0.04,66.40460902014367,dry,2,0,night,0,1,casual,0,1
34,60.43394026460927,them,163,0.02,78.1804813538465,neutral,9,0,day,1,0,ghoster,0,1
49,9.563764130401717,them,71,0.31,106.82079114063774,dry,9,0,day,0,0,casual,1,0
12,57.2906134789186,me,106,0.8,60.56066846607344,dry,6,1,day,1,1,interested,1,1
8,37.21208203696203,me,83,0.51,30.122009294998747,dry,9,1,night,0,1,ghoster,0,1
48,7.869751210683491,them,160,0.24,56.67860562853542,neutral,3,0,night,1,0,dry_texter,0,1
13,65.52372434891768,them,174,0.63,30.48185977521541,dry,5,0,night,1,1,casual,0,1
18,35.928311391488194,me,170,0.91,57.32721848808504,enthusiastic,0,1,night,1,1,dry_texter,0,0
45,65.98574837395799,me,102,0.75,60.53249667918514,enthusiastic,5,0,day,1,0,interested,1,0
15,57.542212107983545,them,4,0.79,78.90477860092857,enthusiastic,5,1,night,1,1,dry_texter,1,1
15,50.2812872348074,them,20,0.97,38.49067941720168,enthusiastic,4,0,day,0,0,dry_texter,0,1
1,70.18512570748686,me,148,0.02,5.133885152809054,neutral,4,0,day,1,1,dry_texter,0,1
7,2.47126702643339,them,180,0.23,40.45027192999923,dry,9,1,day,1,0,dry_texter,0,1
11,20.905698445251385,them,143,0.14,86.55234252931241,neutral,8,1,night,1,0,casual,1,1
2,71.81492711661352,them,133,0.3,70.6025550210967,neutral,7,1,night,0,0,interested,1,0
22,24.996449857733445,them,170,0.78,75.11550508310276,neutral,3,0,day,1,1,ghoster,0,1
22,12.883888615188907,me,196,0.56,20.859605212646088,enthusiastic,10,0,night,0,1,dry_texter,0,1
31,25.513931732442554,me,56,0.08,104.19496741111035,neutral,8,1,day,0,1,interested,0,0
43,33.54659037408216,them,77,0.64,7.164480290064063,enthusiastic,4,1,day,0,1,interested,1,0
27,49.90372727093215,them,13,0.38,48.48909304511422,enthusiastic,2,0,night,1,1,dry_texter,1,1
21,0.8927883575271558,them,1,0.32,59.22478174267338,dry,4,1,night,0,0,casual,1,0
24,35.2070120932985,them,112,0.25,75.21053252502806,neutral,3,0,night,1,1,interested,0,1
28,37.88345758928124,them,73,0.69,63.532441714759265,enthusiastic,6,0,night,0,1,interested,1,1
48,38.569414201529284,them,185,1.0,13.618640417041686,dry,6,1,day,1,1,interested,1,1
15,1.39997901222885,them,163,0.19,11.4301935121236,dry,7,1,day,0,0,interested,1,0
34,3.9439175175365992,me,139,0.98,105.04399910636555,neutral,3,1,night,0,0,ghoster,1,0
47,31.63558044423987,them,176,0.75,46.92786288082887,enthusiastic,9,1,day,0,1,casual,0,1
43,66.74564053285789,me,193,0.56,42.49485334088613,dry,6,1,night,0,0,interested,1,0
15,0.5955658296710187,them,27,0.34,93.41167580152349,neutral,1,1,night,1,1,casual,1,1
20,7.6528227280609125,them,176,0.04,9.331124116712132,dry,3,0,night,0,1,ghoster,0,1
18,38.648394241911085,them,77,0.77,87.53956062730077,neutral,2,0,night,0,1,ghoster,1,1
7,50.89549680775313,them,101,0.8,57.94300900720004,neutral,3,0,night,1,0,ghoster,0,1
23,39.85094608568428,them,6,0.12,22.594567802902265,enthusiastic,9,0,day,0,0,interested,1,1
1,48.04419239187528,me,155,0.58,54.33655099240283,dry,9,1,day,1,0,casual,1,1
5,65.12847154129187,them,46,0.81,71.79522354053661,dry,3,1,night,0,1,casual,0,1
50,42.44313559284202,me,158,0.63,108.22544468483166,neutral,4,0,day,1,1,ghoster,0,1
42,9.43779289356455,them,83,0.2,20.066515628043597,dry,3,0,day,0,0,interested,0,1
41,37.00116282548925,me,35,0.4,115.88073859805655,dry,5,1,day,0,1,casual,1,1
38,32.22628402824311,me,64,0.36,113.41183141116787,dry,1,1,night,1,1,interested,1,1
19,35.18420939974602,them,142,0.64,7.954111819443648,neutral,7,0,day,1,1,dry_texter,0,1
13,26.631808556606984,them,200,0.08,91.77165295194357,neutral,7,0,night,0,0,interested,1,1
13,31.855320865083055,me,182,0.26,109.53937700423181,enthusiastic,10,1,day,0,0,interested,1,0
24,64.07384151461414,them,157,0.8,75.7247797420677,dry,10,0,day,0,1,ghoster,0,0
15,69.86814730056066,me,67,0.49,99.95051324010079,neutral,2,1,night,1,0,ghoster,0,1
2,24.30101806617581,me,84,0.98,106.17561331633902,enthusiastic,9,0,night,1,0,interested,0,0
29,1.4615985800409925,them,169,0.46,5.058484265251578,dry,6,0,night,1,1,dry_texter,1,1
29,18.750931329450477,them,43,0.09,66.1706630639232,enthusiastic,3,0,night,0,0,interested,1,0
5,42.47910310524398,me,93,0.48,15.226068506387302,neutral,1,1,night,0,0,dry_texter,1,0
29,14.501378545142659,me,188,0.11,6.625787093228263,neutral,6,1,day,0,1,interested,1,0
40,36.953193202176955,them,103,0.6,10.871163901668872,dry,9,0,night,0,0,interested,1,1
13,7.9672833511787635,them,80,0.72,18.187407292928015,neutral,5,0,day,1,1,interested,0,1
34,47.0641345016782,them,64,0.83,104.32160823537593,enthusiastic,2,0,night,0,1,casual,1,1
12,44.14577677456683,me,56,0.07,81.99405688768165,enthusiastic,8,0,night,0,1,casual,1,1
11,6.821157230861444,me,138,0.53,94.26309172835313,enthusiastic,1,1,night,1,1,interested,1,1
14,12.790963997863424,me,83,0.59,43.65729668619065,neutral,3,0,night,1,0,casual,1,0
8,58.826643182118005,them,186,0.89,100.7890891227528,enthusiastic,8,1,day,0,1,ghoster,1,0
16,26.798768931549027,me,119,0.22,45.507331516515094,neutral,3,1,day,1,1,ghoster,0,1
43,0.43569046293205727,them,108,0.1,33.94897608984716,neutral,6,0,night,0,0,ghoster,0,1
1,0.37975004698893855,me,76,0.04,50.763651677562635,dry,2,0,night,0,0,ghoster,1,1
29,29.274503021309275,them,34,0.2,64.13371854323296,enthusiastic,5,0,night,0,1,ghoster,0,0
16,60.142833285079874,them,162,0.88,13.537405872416938,dry,2,0,day,0,0,casual,0,1
23,49.37165388818641,me,36,0.08,20.85233316444421,dry,5,0,day,0,0,dry_texter,0,1
46,60.69123560422271,them,102,0.83,85.5912043688407,dry,0,0,night,1,0,ghoster,1,1
48,22.09900345557029,them,186,0.02,58.2258461931988,enthusiastic,10,1,day,0,1,dry_texter,1,1
15,40.97333753631522,them,8,0.05,48.013268617486254,neutral,1,1,night,1,0,interested,1,0
27,17.626003373435662,them,77,0.11,116.76338193026295,enthusiastic,6,1,night,0,0,dry_texter,1,1
23,46.41187651205763,me,143,0.94,99.5438431206178,dry,2,1,day,0,1,interested,0,0
8,9.149537928416004,them,67,0.91,110.91374194187826,enthusiastic,1,1,day,1,1,casual,0,1
22,49.96692086341924,me,38,0.88,77.61181944352003,enthusiastic,7,1,night,1,1,casual,0,1
11,55.68221311169696,them,164,0.39,97.04959591608907,enthusiastic,7,1,day,0,0,interested,1,1
12,68.5134949561175,me,108,0.33,87.1966656232506,dry,10,0,day,0,1,ghoster,0,1
10,13.265121112440273,them,92,0.13,7.313847244041229,neutral,4,1,day,0,1,ghoster,0,1
45,47.58796028357222,them,151,0.05,73.35222858266286,dry,7,0,day,1,1,ghoster,0,1
17,53.73804948966399,me,134,0.36,90.30499327775118,dry,8,1,day,0,1,casual,0,1
28,36.663937475255295,them,121,0.15,22.201016414996875,neutral,1,1,night,0,1,casual,0,1
37,37.796052966036854,them,177,0.15,36.28092328078717,enthusiastic,5,1,day,1,1,interested,1,1
12,58.07865904624439,me,93,0.49,95.19208819457835,neutral,5,1,day,1,1,dry_texter,0,1
4,42.81838985219311,them,59,0.16,65.44882987886697,dry,1,1,day,0,1,ghoster,0,1
43,36.2294187578987,me,109,0.5,72.86881873267087,neutral,4,0,night,0,1,ghoster,0,1
31,7.286468535408849,them,168,0.36,88.19026870205988,neutral,10,0,night,1,1,interested,0,1
37,16.565502730729605,them,67,0.67,70.10210369765609,dry,0,1,night,0,1,interested,1,1
32,67.92832988557532,them,62,0.76,28.679652072158184,neutral,8,1,day,1,1,dry_texter,0,0
19,59.159652309348935,them,142,0.39,111.0873491298973,dry,8,1,day,0,1,interested,1,1
4,55.118980488014365,me,72,0.07,61.255678883448326,neutral,10,0,night,0,1,casual,0,1
27,19.680483252110967,them,128,0.02,113.40672658987607,neutral,4,0,day,1,0,interested,1,0
42,10.946919725249959,me,177,0.4,8.402752470111716,dry,1,0,night,1,0,interested,1,0
27,52.97686313040227,them,58,0.7,42.551842933213166,neutral,5,0,night,0,1,dry_texter,0,1
1,11.989628288946802,me,160,0.64,39.88250626774452,dry,0,1,night,1,0,dry_texter,0,1
42,36.695593776246014,me,177,0.83,5.763444518989653,neutral,7,1,night,1,0,ghoster,0,1
47,40.5890142101796,them,174,0.66,98.64015953386581,enthusiastic,4,1,day,1,0,ghoster,0,1
11,48.37710866870994,them,137,0.85,8.617511939842323,neutral,10,0,night,1,0,interested,0,0
44,1.1766260113425862,me,125,0.98,77.26638747040148,neutral,5,0,day,0,1,interested,1,0
22,23.71240002076022,me,24,0.42,12.57642359904965,dry,10,1,night,0,1,casual,1,1
40,21.643630289905712,me,182,0.39,75.21374334092503,enthusiastic,9,1,night,1,0,interested,1,0
43,37.32582081920311,me,166,0.33,37.48638454847938,enthusiastic,10,1,day,0,0,ghoster,0,1
35,65.58110341474752,me,50,0.56,76.22884839925386,neutral,3,1,day,0,0,ghoster,0,1
24,21.211317260414482,them,4,0.45,103.73704242680586,neutral,5,0,day,0,0,dry_texter,1,1
45,40.77419006144409,them,79,0.9,118.54435278933614,dry,6,1,day,0,1,dry_texter,0,1
3,33.53524280644645,me,12,0.84,15.507962476127174,dry,1,1,night,0,0,casual,0,1
23,36.311115048461815,me,58,0.38,30.520535579343722,neutral,2,1,night,0,0,dry_texter,0,1
35,63.65891222225676,me,94,0.05,55.55712454679956,neutral,1,0,night,0,1,ghoster,0,0
2,47.06115051193326,me,195,0.2,108.06134061680545,dry,5,0,night,1,0,ghoster,0,1
20,57.443375323108185,them,200,0.7,118.79788457887905,dry,6,0,day,0,1,dry_texter,0,1
19,54.16049877606207,me,120,0.87,88.5095482538048,neutral,0,0,day,0,1,casual,1,1
1,31.221509782269926,them,109,0.85,118.33786539091444,neutral,4,1,night,0,0,ghoster,0,0
12,20.06974803319226,me,119,0.98,105.21075154334085,neutral,3,1,night,1,0,casual,1,1
45,17.69248414193534,them,36,0.87,7.213952324375442,neutral,0,0,night,0,0,dry_texter,1,0
19,25.04746559331493,me,116,0.81,45.391637433106965,enthusiastic,2,1,day,1,0,ghoster,0,1
34,66.7734601436124,me,182,0.18,82.78179594401051,neutral,0,0,day,0,0,ghoster,0,1
11,15.002279066727207,me,151,0.68,85.9990368922405,enthusiastic,4,1,night,0,0,casual,1,0
29,58.52422868061828,them,110,0.01,54.19513897994186,enthusiastic,6,1,night,0,0,ghoster,1,1
44,41.233592003931484,me,185,0.23,30.36528541501844,dry,8,1,day,0,1,interested,1,1
42,11.86088349784023,me,91,0.78,33.203226230842,enthusiastic,9,1,night,1,1,dry_texter,1,1
43,4.5358614396635115,them,60,0.25,41.01240609542438,enthusiastic,2,1,day,1,0,interested,1,0
24,61.98200015524968,me,176,0.3,110.1427116531973,neutral,3,1,day,1,1,casual,0,1
46,11.021810221158248,me,44,0.57,78.02405447595095,enthusiastic,4,0,night,1,1,ghoster,0,1
3,7.185829739403261,them,102,0.86,11.131331675984953,enthusiastic,9,1,night,0,0,casual,1,0
47,59.46287314892016,them,63,0.36,84.64118881086473,enthusiastic,1,1,night,0,1,casual,1,1
16,40.0722626070912,them,89,0.12,42.03122525745176,dry,10,0,night,1,1,ghoster,0,0
35,47.811323048790676,me,45,0.73,92.79839769396237,dry,7,1,night,0,0,interested,0,1
27,16.952679423331467,me,189,0.8,4.135989221066502,enthusiastic,4,1,night,1,0,casual,1,1
7,57.35458425131324,them,104,0.39,117.68323363658074,neutral,8,1,night,0,1,interested,1,1
29,47.24341345876785,me,117,0.66,88.95584201778621,neutral,3,0,day,0,1,dry_texter,1,0
27,51.44609278140552,me,124,0.23,84.57960219740346,enthusiastic,9,1,day,1,1,ghoster,0,1
6,58.12117949125768,me,83,0.56,24.30932226129657,neutral,5,1,night,1,0,interested,0,1
21,41.43428707901927,them,28,0.39,64.66282700157146,enthusiastic,3,1,night,0,0,dry_texter,0,1
11,35.79792882490429,me,102,0.87,86.14046678865964,neutral,7,1,day,0,1,casual,0,1
23,22.356332792563776,me,84,0.31,58.38001267689543,enthusiastic,0,0,night,0,1,interested,1,0
22,37.02238453641138,me,147,0.48,66.68458022109255,neutral,7,0,night,1,1,interested,1,1
12,51.164179907053224,me,39,0.26,61.68802525023497,enthusiastic,9,0,night,0,1,dry_texter,1,1
39,27.360089414327735,them,85,0.89,65.50509168895978,neutral,3,1,day,0,1,interested,1,0
11,19.160956685082606,them,5,0.29,70.84303575836326,dry,0,1,day,1,1,interested,1,0
18,2.223216269897925,me,144,0.21,99.55779745172475,enthusiastic,0,0,day,1,0,casual,1,1
21,35.565382374668275,me,183,0.95,81.63875330279735,dry,1,0,night,1,0,dry_texter,0,1
16,57.13620100342898,me,156,0.44,92.67285368980308,enthusiastic,9,0,day,1,0,dry_texter,0,1
38,37.09324031438692,me,54,0.41,9.794205939567325,neutral,7,0,night,0,0,interested,0,1
6,23.156144796561506,them,141,0.58,82.70350657204757,neutral,8,0,night,1,0,casual,0,1
16,48.31306061545064,me,191,0.75,108.87369099286497,dry,5,1,day,0,0,casual,0,0
12,10.22682389797943,them,151,0.29,28.72590445193276,dry,1,0,day,0,1,interested,1,1
36,39.550724755445884,them,123,0.79,8.397366391663736,neutral,8,1,night,0,1,dry_texter,1,1
11,48.29311582567989,them,108,0.61,6.5191841511736275,dry,2,1,day,1,1,ghoster,0,1
19,4.842133375073116,me,140,0.79,86.66910648946025,enthusiastic,1,1,night,1,1,casual,1,1
45,62.292221372679066,them,127,0.66,82.83988391743195,dry,0,0,day,1,0,ghoster,0,1
36,70.47279268024948,me,91,0.42,18.504663487501848,neutral,10,0,day,0,1,ghoster,0,1
12,3.5760420348654343,them,138,0.69,74.1779897739542,enthusiastic,1,1,day,1,1,ghoster,1,1
31,17.612934392151708,them,62,0.63,71.97502171719046,dry,5,0,day,1,0,interested,0,0
26,51.51703017213153,them,95,0.89,44.17528120669687,neutral,4,1,night,0,0,dry_texter,1,1
29,44.764555974710646,them,162,0.43,40.939454652771325,enthusiastic,0,0,day,1,0,dry_texter,0,0
7,23.093907965580858,me,115,0.8,49.30312630958257,dry,9,1,day,0,0,ghoster,0,1
39,47.91311061637996,me,193,0.7,77.27885350072535,dry,2,0,day,1,1,ghoster,0,1
16,43.071845009048815,them,18,0.17,50.258188733667396,dry,6,0,day,1,1,interested,0,1
47,3.42530318678475,me,141,0.47,81.35960090061617,neutral,6,0,night,0,0,dry_texter,0,1
17,9.220320388125,them,71,0.13,112.43334233146838,enthusiastic,7,1,day,1,0,ghoster,0,1
26,58.42853860550208,them,113,0.75,14.378820764827699,dry,6,1,day,1,0,ghoster,0,0
33,45.13801466019948,them,177,0.97,2.5525640628360984,dry,5,0,day,0,1,interested,1,1
5,61.25002269886823,me,1,0.17,4.968320926633281,dry,9,0,day,1,0,casual,0,1
30,0.12586037356545976,them,45,0.93,30.121461754096455,dry,9,0,day,0,0,casual,0,1
10,19.26978671999555,me,100,0.84,16.52596750257411,dry,7,1,night,0,0,ghoster,1,0
11,18.046228651949452,them,156,0.03,103.80566997723905,dry,9,0,day,1,1,interested,0,1
36,13.424493679264394,me,199,0.96,52.48277322118784,enthusiastic,2,1,day,1,0,dry_texter,1,1
21,16.246783971467572,them,14,0.08,23.184041647371334,enthusiastic,4,0,night,1,1,casual,1,1
40,69.43078867452853,me,31,0.15,32.37605277968574,dry,8,0,night,0,1,dry_texter,0,1
17,48.34436518113877,them,70,0.12,100.90291180464311,dry,3,1,night,0,1,casual,0,1
44,39.74971751025154,them,56,0.69,23.891971162374738,enthusiastic,10,1,night,1,0,interested,1,0
4,25.497175007890878,them,175,0.49,62.68394909173336,enthusiastic,9,0,night,1,0,casual,1,1
15,47.53118068692242,them,75,0.72,3.879619833689918,dry,2,0,day,1,1,ghoster,0,1
1,60.76929437071789,them,8,0.71,58.46810771286762,enthusiastic,0,0,day,0,0,interested,0,1
4,40.25726386551524,me,146,0.95,98.41624464490972,dry,1,0,day,1,0,dry_texter,0,1
11,30.63287742751585,them,15,0.8,104.86203836061877,neutral,2,1,day,1,1,dry_texter,0,1
38,6.426466754430813,them,41,0.97,21.821906160532848,enthusiastic,0,1,day,0,0,ghoster,1,1
20,18.322674996466105,them,55,0.18,101.44959871407255,neutral,6,1,day,1,1,casual,1,1
40,1.6526237804255839,me,191,0.29,94.06948853496395,dry,0,0,night,0,1,interested,1,1
1,11.55940529450061,me,158,0.22,42.45472412351974,enthusiastic,0,1,night,0,0,casual,1,1
36,54.616030889195756,me,193,0.23,98.65811139932475,dry,10,0,night,0,1,ghoster,0,1
21,16.101355682539978,me,184,0.35,107.55936107666933,neutral,2,1,night,1,0,interested,1,0
46,14.312179249328432,them,37,0.26,76.31158210891431,enthusiastic,1,0,night,0,1,casual,1,1
48,2.0347432503306573,them,69,0.78,46.917672225312266,enthusiastic,2,0,day,1,0,interested,1,0
48,62.77494169521738,me,110,0.55,51.171534845797666,dry,8,1,night,1,1,interested,0,0
34,40.52459499051219,me,134,0.41,112.83169466022781,dry,3,0,night,0,1,interested,1,0
23,71.91791138142696,them,143,0.03,30.439694581681206,dry,5,0,night,0,0,casual,1,1
33,24.046091613586636,them,87,0.08,32.827941886596406,dry,9,0,night,0,0,ghoster,0,1
12,30.777985623617166,them,78,0.19,110.50534201555209,enthusiastic,6,1,day,0,1,ghoster,0,1
2,34.89045933965109,them,41,0.35,77.08049856926168,enthusiastic,6,0,night,0,1,dry_texter,1,1
2,62.10470268458283,me,4,0.4,14.798882344808934,neutral,7,0,day,1,1,ghoster,0,1
49,7.98804228277993,them,164,0.13,118.10571609690645,enthusiastic,7,0,day,0,0,ghoster,0,1
14,10.939256191274229,them,159,0.52,8.758669574378526,neutral,9,1,night,1,0,ghoster,0,0
46,42.61552936517191,me,85,0.18,106.1601670360893,dry,7,1,day,0,0,ghoster,0,1
26,18.454025716145022,me,196,0.07,20.532787094370732,dry,0,0,day,0,1,dry_texter,0,1
11,14.59895913677995,me,159,0.38,64.63289239731067,enthusiastic,8,0,day,0,1,ghoster,1,1
17,19.75190577466298,me,29,0.87,95.25286620073338,neutral,0,1,day,0,0,ghoster,0,1
47,0.2763427358245787,me,4,0.01,86.76088336167595,dry,10,0,day,0,1,dry_texter,1,1
50,42.12588359620087,me,29,0.14,4.94331850047718,enthusiastic,7,0,day,0,1,dry_texter,0,0
10,22.971566363369107,them,61,0.98,22.3282629921415,dry,9,0,night,0,0,casual,0,1
21,59.5806578977884,them,1,0.62,34.27802602416032,neutral,8,1,day,1,0,casual,1,1
44,41.619486021459494,me,187,0.03,76.42944421160618,dry,3,1,night,1,1,ghoster,0,1
15,13.895683211895687,them,70,0.24,3.4963511424957963,neutral,7,0,night,0,1,casual,0,1
39,70.7552309756909,them,26,0.29,104.8553712531435,neutral,1,0,day,0,1,casual,1,1
39,28.426417972660648,me,62,0.77,76.60295183895876,enthusiastic,8,1,day,1,0,casual,0,1
1,25.576833501665238,them,154,0.01,62.04637920512879,enthusiastic,8,0,day,0,0,dry_texter,1,1
19,67.40791632848713,me,13,0.61,114.12902247498579,enthusiastic,6,0,day,1,0,interested,0,1
6,68.00882678629948,me,108,0.17,91.08063911803777,neutral,2,0,night,0,0,casual,1,1
7,56.9825210157065,them,91,0.72,27.028544022346757,enthusiastic,4,0,day,0,0,ghoster,0,1
32,18.629672017068707,me,31,0.28,41.043269293314474,enthusiastic,8,0,night,0,0,dry_texter,1,0
28,11.256941748058367,them,195,0.48,76.83082054885304,dry,7,0,day,1,1,dry_texter,0,1
15,55.40967026574851,me,165,0.89,56.70353366984221,dry,6,0,night,0,1,interested,0,1
16,17.24611610871558,them,56,0.33,14.6556786707849,dry,9,0,day,0,0,ghoster,0,0
21,41.43137297589972,them,177,0.38,29.970116428738542,neutral,6,1,day,0,0,interested,0,0
41,11.544007534357345,me,133,0.59,92.97729762209269,neutral,1,1,day,1,0,dry_texter,0,1
6,32.738774883618085,them,81,0.29,93.09883728123776,dry,7,1,night,1,0,dry_texter,0,1
4,56.22802987254531,me,23,0.81,75.97213191996765,enthusiastic,8,1,night,1,0,interested,1,1
48,23.431220366256547,them,100,0.38,47.40407489005471,neutral,10,1,night,0,0,ghoster,0,1
24,68.7203155850791,them,189,0.86,34.16403908383913,dry,10,0,night,1,1,casual,1,1
47,17.344508253269616,me,177,0.92,89.9903158378581,neutral,1,1,day,0,1,dry_texter,1,1
32,65.49354287832789,me,55,0.19,19.800032679493604,dry,0,0,night,1,1,casual,0,1
12,7.561495142949223,me,105,0.7,26.44600241391243,enthusiastic,0,0,night,0,1,interested,1,0
4,22.22889532587412,me,86,0.39,82.8120435120315,enthusiastic,10,0,night,0,1,dry_texter,1,1
49,8.667477275102001,me,99,0.42,107.12586957873606,enthusiastic,3,1,night,1,0,ghoster,1,0
48,12.879865005228254,them,194,0.7,113.18636020572826,dry,3,1,day,1,1,casual,1,1
45,37.574372197644394,them,122,0.6,29.912046445029233,neutral,8,0,night,0,0,dry_texter,0,0
30,18.5395258631825,them,77,0.76,52.07646863243758,dry,10,0,night,1,0,interested,1,0
20,14.470616248646095,them,38,0.77,107.56657027308957,neutral,8,0,day,1,1,ghoster,1,1
6,43.534146025416426,them,162,0.55,56.22218911553574,dry,10,0,night,1,0,casual,0,0
34,0.6646805917682643,them,61,0.77,24.591682575735888,dry,8,1,day,1,0,casual,0,0
35,7.631586504080678,me,49,0.43,93.29471787863942,dry,8,1,day,0,0,casual,1,0
2,19.37096834120378,me,54,0.29,94.38351375711504,enthusiastic,5,0,night,0,0,casual,1,0
8,2.9186840255902693,them,83,0.27,74.09477039380094,dry,1,0,day,0,1,ghoster,0,1
36,70.11596750513223,me,184,0.12,61.51505571792657,neutral,7,0,night,0,1,interested,1,0
2,65.35739548047206,me,51,0.93,73.90386747602822,neutral,9,0,day,1,0,dry_texter,0,1
32,32.16898100850158,me,142,0.42,62.5312943520267,enthusiastic,3,0,day,1,1,ghoster,0,1
10,64.11527576744619,them,174,0.31,30.25686819787655,enthusiastic,5,1,night,0,1,interested,1,1
20,8.539104464479596,them,143,0.54,87.66989935677321,dry,0,0,day,1,0,interested,0,1
34,62.492940892033985,them,16,0.21,104.82772458744627,neutral,10,1,day,0,1,ghoster,0,1
10,17.93228586088882,me,15,0.93,15.299354320345655,dry,9,1,night,1,1,interested,0,1
2,60.32679974409177,me,97,0.2,35.38230324979167,dry,1,0,night,0,0,ghoster,0,0
29,57.31734960884697,them,200,0.17,10.926488801174608,enthusiastic,5,1,day,1,0,casual,0,1
35,47.30595632308288,them,50,0.3,104.57018228015211,dry,8,0,night,1,1,casual,0,1
27,51.55324607784123,me,191,0.34,1.2348176463718592,neutral,8,1,night,0,1,ghoster,0,1
34,38.58036126866721,them,179,0.83,42.642947879158704,neutral,2,0,day,1,1,interested,0,0
35,12.812071116919356,me,46,0.44,48.54062731103939,neutral,3,0,night,1,0,interested,0,0
28,2.458899489475323,me,162,0.05,102.95592074506264,dry,2,0,day,0,1,dry_texter,0,1
20,37.07694064198941,them,130,0.57,83.66758017578715,dry,10,1,day,0,0,dry_texter,0,1
47,33.6326843116638,me,56,0.47,32.809945245195976,dry,4,0,night,1,0,dry_texter,0,1
1,24.70406267586371,me,104,0.12,3.9044929228689136,neutral,4,1,night,0,1,dry_texter,1,1
50,55.50774527925091,them,129,0.1,72.77452165186946,enthusiastic,10,1,night,1,1,dry_texter,1,1
9,41.94781501736658,them,94,0.0,98.53622797434653,dry,4,0,day,0,1,interested,1,1
12,44.4578321808177,me,75,0.41,20.98059656481325,neutral,2,1,night,0,1,dry_texter,0,1
28,14.909122270741083,them,86,0.66,6.710491160998464,dry,10,0,night,0,1,ghoster,0,0
37,36.513224138683114,them,160,0.02,5.92849601692124,dry,0,1,day,1,0,interested,0,1
2,7.626207295042795,me,14,0.74,95.78837526776908,dry,2,1,day,0,1,dry_texter,0,1
18,52.93069902713313,me,92,0.68,108.37510227481759,dry,2,0,day,0,1,casual,0,1
21,30.203874834791883,me,69,0.76,50.14822364519313,enthusiastic,4,1,night,1,1,dry_texter,1,1
1,44.308605163927126,me,93,0.21,103.811996955186,dry,2,1,day,1,0,ghoster,0,1
28,18.83768325087882,them,59,0.53,67.56389252807283,dry,2,1,day,0,1,dry_texter,0,1
45,46.56448419314381,them,163,0.49,77.40193024352467,neutral,8,0,night,1,0,ghoster,0,1
29,66.53233910887458,me,196,0.0,79.36102192293352,enthusiastic,2,0,night,0,0,interested,0,0
31,51.33990832381864,them,197,0.5,111.25117673475665,dry,7,0,day,0,0,casual,0,1
48,36.78793865122461,me,180,0.0,12.888164556992688,dry,1,1,day,1,1,dry_texter,0,1
4,13.283724292485605,me,112,0.12,47.211997252012296,dry,8,1,day,1,0,interested,1,1
25,34.6320803657633,me,48,0.32,63.93341258925958,dry,2,1,day,1,1,casual,0,1
42,35.591963339405524,me,16,0.79,88.51465425879276,enthusiastic,9,1,day,1,1,casual,1,1
43,22.843312784194442,them,97,0.7,65.23482916641521,enthusiastic,10,0,night,1,0,interested,1,0
6,65.61618931413375,me,74,0.02,76.94997328912059,neutral,2,1,day,1,1,ghoster,0,1
37,58.7384355122714,me,120,0.56,60.87995777940242,dry,6,0,night,0,0,ghoster,0,1
19,65.78646624627618,them,11,0.21,28.95602318117427,dry,0,0,day,0,0,dry_texter,0,1
35,16.008451766400533,them,130,0.31,110.27248525920587,enthusiastic,2,1,night,1,0,dry_texter,0,0
3,10.875523275292686,me,51,0.57,77.03966480284761,enthusiastic,5,1,day,0,1,ghoster,1,0
17,35.00901880520178,them,142,0.07,95.77392962009378,enthusiastic,6,1,night,0,1,interested,1,0
44,27.749424451638028,me,115,0.7,52.718415020410944,neutral,7,0,day,1,0,dry_texter,0,1
17,37.937765833307644,them,152,0.46,13.757321548801814,neutral,7,0,day,1,0,casual,0,1
28,68.82443185857362,me,190,0.9,9.381713369818813,enthusiastic,8,0,day,0,1,casual,1,0
15,12.936557757949664,them,160,0.72,45.665419921825396,enthusiastic,3,1,night,0,0,ghoster,0,1
23,6.592867781077424,me,56,0.52,111.98353929835102,dry,2,1,day,0,1,dry_texter,1,1
40,27.8328279623316,me,85,0.15,4.953565500348562,neutral,8,0,night,0,1,ghoster,0,1
24,6.558341872166885,them,148,0.29,5.498282894061483,neutral,8,1,day,0,0,ghoster,0,0
7,66.74754507914719,them,92,0.7,88.73054235399177,enthusiastic,10,1,day,1,0,interested,0,0
12,0.6021076780998555,them,52,0.36,47.87100174846104,dry,3,1,night,1,0,dry_texter,0,1
7,51.738349112614635,me,132,0.9,72.59574663658516,neutral,3,1,night,0,1,casual,1,1
26,63.631387642837716,them,60,0.4,107.61868636845459,neutral,1,1,day,0,0,dry_texter,0,1
6,2.4102661579366913,me,44,0.32,6.3764451302696825,neutral,5,1,night,1,0,ghoster,1,1
33,69.84804830061229,them,149,0.69,57.32235021768848,enthusiastic,4,1,day,0,1,interested,1,0
6,43.55236234846206,them,138,0.84,97.70394610967071,dry,3,0,night,1,1,ghoster,0,1
9,0.3276531267895155,me,34,0.92,53.79340893647836,neutral,1,1,night,0,0,interested,1,0
22,49.74855927293934,them,47,0.65,33.23230785116956,enthusiastic,9,0,day,0,0,ghoster,0,1
21,46.256570075123285,them,6,0.74,46.968726224181154,enthusiastic,5,1,night,0,0,interested,1,1
37,4.977760076934671,them,176,0.18,112.1043966174304,dry,6,0,night,0,0,casual,1,1
26,23.026884482206036,me,24,0.13,38.61846741720328,neutral,8,1,day,0,1,interested,1,1
11,70.46386015219555,me,69,0.86,23.29643473490433,neutral,7,1,day,1,0,interested,0,0
46,6.333757160244352,me,131,1.0,93.10417222448136,enthusiastic,2,0,day,1,1,casual,1,1
12,43.78450872934232,me,35,0.99,79.4020854692844,neutral,1,1,night,1,1,casual,0,1
9,56.980624315385505,them,169,0.73,105.0594227395027,enthusiastic,7,1,night,1,0,casual,1,1
49,2.5618300524639377,me,35,0.69,12.317549595253578,dry,5,0,night,0,1,casual,1,1
18,66.13934629270764,them,168,0.72,45.05361180924315,dry,6,1,night,1,0,dry_texter,0,1
36,13.821199596442167,me,20,0.93,1.9511225673262853,enthusiastic,7,0,day,0,0,dry_texter,1,0
23,15.608412247872204,them,71,0.39,111.67717553685503,dry,7,0,day,1,0,ghoster,1,1
11,49.178650450104634,them,137,0.79,32.34722681442386,dry,7,1,day,0,1,dry_texter,0,1
48,56.83464376017341,them,90,0.58,44.3759588363731,enthusiastic,8,1,night,1,0,casual,0,1
29,6.7154285000445775,them,38,0.22,92.34758881013771,enthusiastic,1,1,day,0,0,dry_texter,1,0
25,48.505507325331,them,103,0.88,46.62552186779543,enthusiastic,5,1,night,0,0,interested,1,0
6,71.67603630593871,me,187,0.06,49.57086910539838,dry,7,0,night,1,1,dry_texter,0,1
20,11.940150315863825,them,174,0.28,76.81828849048732,dry,7,0,night,1,1,dry_texter,0,1
39,8.798586134258908,me,45,0.14,87.94144656484812,neutral,1,1,night,1,0,interested,0,1
34,43.73668283324097,them,153,0.06,63.38190254945358,neutral,9,0,night,1,1,interested,1,1
50,69.41691179225661,me,135,0.66,103.92117671617807,dry,6,1,day,0,1,interested,0,1
50,60.673947840810655,them,155,0.45,60.97734356806234,neutral,5,0,day,0,1,dry_texter,1,1
40,16.854060927426502,them,36,0.59,38.560068693752626,enthusiastic,2,0,night,0,0,interested,1,0
48,62.06106993252044,them,160,0.6,92.05738076307176,neutral,2,1,night,1,1,ghoster,1,1
21,33.85177339743343,them,93,0.71,88.5253224952882,dry,9,0,day,1,0,dry_texter,0,0
12,41.792887469076746,me,180,0.84,70.64352618001035,dry,5,0,night,0,0,ghoster,0,0
21,18.075871036098963,me,103,0.02,90.36855363205895,neutral,2,0,day,1,0,dry_texter,0,1
45,29.60351973990972,them,139,0.36,53.687306699404374,dry,3,1,day,0,0,dry_texter,0,1
48,1.8239822592317685,them,185,0.71,115.17004590668371,enthusiastic,6,0,day,0,0,interested,1,1
24,36.71294400010131,them,177,0.04,72.11289842399802,neutral,0,0,day,1,0,casual,0,1
21,24.193874089246474,them,22,0.49,62.44307696420259,enthusiastic,2,1,day,0,1,interested,1,0
26,66.89683985952581,them,12,0.18,14.055757399030266,enthusiastic,3,0,day,0,0,dry_texter,0,1
3,62.143379692891585,me,94,0.67,116.87647991323357,dry,10,0,night,1,1,ghoster,0,1
38,66.13847017799563,me,99,0.7,80.39756923699551,enthusiastic,10,0,day,1,0,ghoster,0,1
14,13.26401358361137,them,58,0.67,88.59956661300214,enthusiastic,8,0,night,1,1,casual,1,1
6,28.362583331599474,me,110,0.22,53.326634274582254,neutral,4,1,night,0,1,interested,0,0
35,14.186829385356427,me,31,0.88,22.15467132329059,enthusiastic,4,1,day,0,0,casual,1,1
1,12.166678450179155,them,24,0.91,91.97086840588821,neutral,3,0,day,1,0,interested,1,0
42,10.785315004811443,them,25,0.68,30.116727330883666,enthusiastic,7,1,day,1,1,casual,1,1
21,62.52895287405118,me,54,0.7,12.358662416317792,dry,0,0,day,0,1,ghoster,0,1
41,11.309111100131402,me,122,0.92,104.9609131568353,enthusiastic,0,0,day,0,0,dry_texter,0,0
16,3.926900649044133,them,184,0.12,60.43019795654498,dry,2,0,night,0,0,ghoster,1,0
30,48.20109904992432,them,174,0.01,15.522611299720365,dry,9,1,day,0,1,interested,0,1
40,6.526948165509518,them,49,0.78,93.9328923096535,neutral,1,0,night,0,1,dry_texter,1,0
30,24.790136807651454,me,49,0.43,24.575044570816114,dry,1,1,night,1,1,dry_texter,0,1
4,68.32416855801004,them,88,0.49,29.07570430744506,dry,6,0,night,0,0,ghoster,0,1
37,15.653061726040315,me,185,0.27,85.8948444991321,enthusiastic,7,1,day,0,1,interested,1,0
49,2.023155849932519,them,67,0.16,94.14222963205229,dry,7,0,day,1,1,ghoster,0,1
50,49.09565616369804,them,186,0.15,93.62860253466656,enthusiastic,2,1,night,0,0,casual,1,1
33,70.98390398769074,me,112,0.42,38.89109717344027,enthusiastic,6,1,day,0,0,casual,1,1
37,25.094281475221244,me,55,0.9,95.03407035404476,enthusiastic,3,0,night,0,0,dry_texter,0,1
31,69.34605813304069,them,33,0.16,113.2428162176341,dry,8,0,night,0,1,interested,1,1
40,7.219078714401344,me,33,0.89,28.555138442791318,dry,9,1,day,0,0,ghoster,1,0
26,41.885769630093144,me,116,0.13,87.25440889430119,dry,7,0,night,1,1,ghoster,0,1
6,41.58671992221014,me,114,0.58,99.8208302248291,enthusiastic,10,0,night,1,1,interested,1,0
17,42.21217319580322,me,85,0.62,86.44999460563723,dry,0,0,night,0,0,dry_texter,0,1
3,23.629459077545654,me,28,0.3,108.56371781289361,dry,0,0,day,0,1,ghoster,1,1
4,34.13876598009264,me,83,0.2,91.50302833162074,neutral,10,0,day,1,1,casual,0,1
7,9.031822068655952,me,99,0.79,37.899226604699834,neutral,9,0,night,1,1,interested,1,1
35,24.358383672763942,them,58,0.82,116.56344095338748,enthusiastic,3,0,day,1,0,casual,0,0
9,65.75020758138177,me,17,0.83,100.3475087476254,dry,7,0,night,0,0,casual,0,1
25,66.68916685462082,them,54,0.97,11.860042926588005,neutral,7,0,night,1,1,interested,0,1
10,55.175214408959434,them,116,0.65,79.25275531109932,enthusiastic,1,0,night,1,0,dry_texter,0,1
11,71.00998379196186,me,155,0.33,10.705501814375392,enthusiastic,4,0,night,1,1,ghoster,0,1
8,14.571465874930606,them,107,0.82,11.11382345708763,dry,10,1,night,0,1,interested,1,1
9,53.75289323597438,them,120,0.91,19.044697485355588,dry,6,0,night,0,1,ghoster,0,1
41,51.40436670550205,me,15,0.47,79.47061062421436,neutral,2,0,night,1,1,interested,0,1
44,14.543729004228247,them,21,0.9,26.016999216250493,dry,3,1,night,0,0,ghoster,0,1
27,33.00856192545625,me,27,0.79,119.54097880682917,dry,8,0,night,0,1,ghoster,0,0
13,46.455572661246194,them,144,0.29,83.92159296368638,dry,6,1,night,1,1,interested,0,1
45,26.465385466141228,me,96,0.45,52.04419502830495,enthusiastic,4,0,day,0,1,casual,0,1
28,71.49393964564632,me,64,0.67,102.29509027584106,neutral,2,0,day,0,0,ghoster,0,1
14,11.814925965690197,them,14,0.61,94.58491809109606,dry,9,1,night,1,1,casual,1,1
7,42.900743502692,me,159,0.28,9.76972093631219,neutral,9,0,day,1,0,dry_texter,0,1
47,23.01631989995654,them,64,0.68,100.88470996050258,dry,3,1,day,1,1,casual,0,1
25,36.15913859399136,them,146,0.44,50.21679704954289,dry,1,1,night,0,1,dry_texter,0,1
14,43.01831151043816,them,176,0.6,1.4850797092376453,neutral,0,0,night,1,1,ghoster,0,1
24,49.07558825459854,me,180,0.92,88.40338797210559,dry,4,1,day,0,0,dry_texter,1,1
37,70.98021182857562,me,186,0.76,54.62350971167674,dry,6,1,day,1,1,interested,0,1
8,19.093479072560637,me,151,0.09,38.24670646612922,enthusiastic,1,1,night,0,0,casual,1,1
19,44.15916492940377,me,82,0.41,114.63055785913782,dry,7,1,day,0,1,interested,0,1
42,52.5321136377288,them,36,0.32,51.8305453153573,enthusiastic,7,1,day,1,1,casual,0,1
38,35.402375793839326,them,36,0.34,16.53286170150068,neutral,1,0,night,1,1,casual,0,1
45,42.108734944173534,them,158,0.95,6.04380872673117,enthusiastic,3,1,night,1,0,dry_texter,0,1
17,8.110704425187762,me,21,0.01,74.23931518415962,enthusiastic,7,0,night,0,1,dry_texter,1,1
25,59.40035088227923,them,109,0.97,45.502961995148354,enthusiastic,9,0,day,1,0,casual,0,1
12,54.10821360979815,them,72,0.62,59.96871394244599,neutral,5,0,night,1,1,ghoster,0,1
17,52.64621996039139,them,8,0.93,29.459526587649375,dry,9,1,day,1,1,casual,0,1
35,45.27990135049539,me,195,0.98,6.850343517512044,enthusiastic,2,1,day,1,1,interested,1,1
29,2.424736398114324,them,147,0.08,49.4419675923715,dry,7,0,day,0,1,dry_texter,0,1
10,53.42630124657122,them,12,0.03,5.6301303929415205,enthusiastic,10,1,day,1,1,ghoster,0,1
50,24.84234645202723,me,45,0.21,103.34520565745194,dry,6,1,day,1,1,casual,0,1
7,62.27838188235158,me,147,0.7,43.933583969273265,neutral,1,1,day,1,1,interested,0,1
47,45.407504158064526,me,174,0.59,11.023656797895104,dry,5,1,night,0,1,ghoster,0,1
45,52.467419717791515,me,151,0.66,111.46355538627941,dry,0,1,day,1,1,ghoster,0,1
44,34.04756324742642,them,31,0.22,83.2466710506456,enthusiastic,10,0,night,1,1,interested,0,1
10,47.4447786144824,them,136,0.32,59.690655697751424,dry,4,1,day,1,1,casual,0,1
8,62.3618660621501,me,37,0.08,30.494863798832363,dry,7,0,day,1,0,casual,0,1
3,1.5298762566738855,me,154,0.33,105.62911650686185,neutral,0,1,night,1,0,casual,1,1
29,14.510312708464632,them,29,0.97,8.16114166889093,dry,2,1,night,1,0,interested,1,0
26,5.758198375645814,me,39,0.53,18.70643650816377,dry,9,1,day,1,1,casual,0,1
5,39.951323553810234,them,22,0.7,38.272553949081725,dry,0,1,day,0,1,ghoster,0,1
50,20.242632460004458,me,33,0.97,71.92231706223755,dry,5,0,night,0,0,interested,0,0
24,71.04044973536212,them,162,0.56,92.07354886987986,dry,1,1,night,1,0,dry_texter,0,0
27,50.83008460819172,them,81,0.2,17.16614239292991,dry,8,0,day,0,1,ghoster,0,1
35,62.60879473902947,me,128,0.05,56.26263589866724,dry,0,0,day,0,0,casual,0,0
23,66.92817779491969,me,69,0.69,63.59758316174866,dry,7,0,day,0,0,dry_texter,0,1
23,3.0720296858645,them,28,0.59,55.135452403202066,neutral,3,0,day,0,1,interested,0,0
46,69.27889923487724,them,10,0.83,54.83875356587173,enthusiastic,4,1,night,1,1,ghoster,0,1
8,50.61225854620699,me,183,0.61,21.499612759391827,enthusiastic,3,0,day,0,1,ghoster,0,1
23,2.175290241127504,them,113,0.12,99.91155595100918,enthusiastic,6,0,night,1,1,interested,1,1
39,35.416458486413056,me,68,0.53,23.0821001656856,dry,4,1,day,1,1,casual,1,1
27,10.946138808974538,them,192,0.59,18.59018773910103,dry,7,0,day,1,1,casual,0,1
35,64.4401489437308,me,176,0.76,1.8693488937929787,enthusiastic,6,0,day,0,0,interested,0,0
9,42.888158519387346,them,90,0.05,36.194853168724535,dry,10,0,day,1,1,interested,1,1
36,26.979360676634638,me,155,0.97,19.42589469402114,dry,0,1,night,1,0,ghoster,0,1
6,67.0841398720181,them,168,0.33,72.16107213446895,neutral,5,0,night,1,0,casual,0,1
27,62.59667951578964,me,183,0.08,116.71610627195271,neutral,5,1,night,0,0,casual,0,1
45,65.53065517415594,me,97,0.32,74.21293615218677,neutral,5,1,night,1,0,casual,0,1
47,44.82899757543575,them,17,0.48,101.93421282970398,neutral,10,1,night,0,1,ghoster,0,1
4,13.697753439507963,them,132,0.65,45.7833866934318,neutral,0,0,day,1,1,interested,1,0
28,30.060382085883948,them,29,0.93,57.40408857801967,enthusiastic,2,0,day,1,1,interested,1,0
41,70.21020456204155,me,171,0.35,26.754010305309503,dry,2,1,day,0,1,casual,0,1
50,21.489892509376183,me,139,0.74,6.7200266455758015,dry,1,0,day,1,0,ghoster,0,0
27,62.30226222787481,me,66,0.55,29.664411289820688,dry,10,0,night,1,1,ghoster,0,0
14,6.937935405137542,them,119,0.37,37.76245363551895,enthusiastic,8,0,night,0,1,dry_texter,1,1
40,20.494112932265146,me,132,0.81,108.84436113286287,neutral,9,1,night,1,1,casual,1,1
44,51.722917093503185,them,81,0.39,102.04939581121904,enthusiastic,2,0,day,0,1,interested,1,0
41,58.61479421366988,me,107,0.54,115.05714132530467,dry,10,0,day,1,0,casual,0,1
32,53.71487315934861,them,120,0.09,11.394667535870534,dry,5,1,day,0,1,interested,1,1
48,12.581324965282738,me,25,0.84,100.05315765318566,enthusiastic,2,1,night,0,1,casual,1,1
34,27.680950295438087,me,173,0.06,43.37542794928641,dry,4,1,night,0,0,interested,1,1
16,14.941438085788814,them,117,0.92,101.3551473556808,dry,2,0,night,0,1,ghoster,0,1
46,39.59155197786472,them,24,0.84,83.84990841517555,dry,0,1,day,0,0,dry_texter,0,1
41,55.742947951195575,them,180,0.63,115.43496620956599,enthusiastic,4,1,day,0,0,casual,1,1
13,10.725403126731562,me,23,0.77,5.663193776911024,enthusiastic,8,0,night,1,1,interested,1,1
43,15.212747865324877,them,196,0.71,86.72493079846016,dry,5,0,day,0,1,ghoster,0,1
7,30.075843894858483,me,117,0.89,44.72207657805877,neutral,1,0,day,0,0,dry_texter,0,1
3,66.62324742588392,them,142,0.63,87.86924385507477,enthusiastic,1,0,night,1,0,dry_texter,0,1
43,19.54958138524959,them,189,0.39,23.997970837142553,neutral,4,1,night,0,0,ghoster,1,1
27,8.711036950583491,me,24,0.78,118.55753688662627,neutral,10,0,night,0,0,casual,1,0
50,60.54878845485524,them,8,0.15,67.2202259405608,enthusiastic,7,0,day,0,1,dry_texter,1,1
12,68.75032807677879,them,113,0.47,54.66853039161297,neutral,8,0,day,0,1,ghoster,0,1
28,49.23723928562496,me,116,0.17,7.477616967591166,neutral,5,0,night,1,1,interested,0,1
10,31.65747905296647,me,177,0.8,107.54710407690797,neutral,0,0,day,1,0,interested,0,1
34,9.368700860620129,them,36,0.15,16.732057890223,dry,3,1,night,0,0,ghoster,1,0
11,56.19355899361689,me,172,0.01,1.4488028613974306,neutral,2,0,day,1,1,dry_texter,0,1
43,59.847456218693246,them,162,0.54,54.31185717619729,neutral,5,1,day,0,1,ghoster,0,1
42,61.085187750095585,them,158,0.23,114.11256691078711,enthusiastic,9,0,day,0,0,interested,1,0
12,55.83335787373771,me,63,0.15,6.797252096590322,enthusiastic,6,0,night,0,1,dry_texter,1,1
34,31.764938482169157,me,17,0.22,95.41776379441748,enthusiastic,4,1,day,1,0,casual,0,1
1,49.23906979826377,me,192,0.69,62.0911493753414,dry,9,1,night,0,1,casual,1,0
16,32.82786938754245,me,57,0.56,64.74150534959091,neutral,7,0,night,0,0,casual,1,1
23,41.59279448265544,me,99,0.44,103.2578963540761,dry,3,0,night,1,0,interested,1,1
12,9.228405090879615,them,92,0.13,19.75767177621414,dry,9,1,night,1,1,interested,1,1
39,7.128055590650377,them,195,0.54,48.80511816847418,dry,6,0,night,0,1,interested,0,0
18,37.00796366182354,them,128,0.84,56.29609830501695,dry,0,0,day,0,0,interested,0,0
31,15.329339014164796,them,155,0.37,112.1590438745801,dry,8,1,day,1,0,dry_texter,1,1
1,16.952030254212346,them,111,0.47,39.95581474122937,enthusiastic,0,0,night,0,0,ghoster,0,1
41,64.70260384998123,me,19,0.7,106.59846297610252,enthusiastic,3,1,night,1,1,dry_texter,0,1
15,47.15521941578713,them,122,0.3,37.89949617817059,dry,8,1,day,0,1,interested,0,1
40,48.229770143960124,me,21,0.57,51.14308823565841,enthusiastic,6,0,day,0,0,ghoster,0,1
12,2.426630103252057,them,156,0.88,79.49793940005696,dry,8,1,day,0,0,ghoster,0,1
2,4.367930750253501,me,58,0.91,108.09943860511126,dry,2,0,day,1,1,ghoster,0,1
37,57.1843344108472,them,151,0.58,84.56539307013715,neutral,4,0,day,0,0,interested,1,0
50,3.03871075463712,them,11,0.98,90.2520802908325,dry,5,1,day,0,1,interested,1,0
37,9.989338017007611,me,180,0.98,23.54533846787619,dry,10,0,day,1,0,casual,1,1
43,53.76241269531045,them,58,0.13,111.34591397283572,neutral,5,0,night,1,1,dry_texter,0,1
38,42.564581955942664,me,55,0.9,48.450637178871354,neutral,4,1,day,0,1,ghoster,0,1
19,45.77988566238195,me,122,0.2,19.348560644763587,enthusiastic,9,1,day,1,0,casual,1,1
30,51.76787478217606,them,196,0.21,69.30574868686914,neutral,0,1,day,0,1,casual,1,1
3,44.16892710404863,them,141,0.16,50.0051045439265,enthusiastic,1,1,day,1,1,casual,1,1
15,71.45103950599045,them,175,0.07,55.77694712641321,neutral,7,1,day,1,0,interested,0,1
31,40.258880913410565,me,18,0.57,105.42115904284587,neutral,4,1,night,1,0,interested,0,0
3,31.026954752324077,them,146,0.62,87.1642617805878,neutral,1,1,night,0,0,casual,0,1
22,17.34729344446196,them,106,0.8,67.67424211392118,dry,2,1,night,0,1,dry_texter,1,1
47,35.03356348929161,them,82,0.78,44.7864325741679,dry,9,0,day,1,1,interested,0,1
9,50.78537013884016,them,104,0.44,26.53685611753416,dry,8,1,night,1,1,casual,0,1
15,34.354779288252644,them,149,0.01,67.26131596498357,neutral,6,0,night,0,1,ghoster,0,1
45,60.13065065730832,them,143,0.03,91.06688583428874,enthusiastic,3,1,day,1,0,ghoster,0,1
36,3.82883436498365,me,182,0.83,52.827387945058916,neutral,6,1,day,1,1,casual,1,1
8,44.47175032635254,me,42,0.05,114.19773954769775,neutral,5,0,day,1,0,dry_texter,0,1
2,44.44343896421735,me,120,0.13,16.469728395983125,neutral,2,1,day,1,0,interested,0,0
2,22.951411295603684,me,144,0.14,25.00839656231583,dry,0,1,night,0,1,ghoster,1,1
17,59.44566598836319,me,101,0.0,102.71696264731307,enthusiastic,1,1,night,1,0,interested,0,0
3,60.40592669050474,them,118,0.6,108.87925492661407,enthusiastic,10,0,night,0,1,dry_texter,0,1
45,4.960360347986626,me,197,0.75,90.83381265001171,enthusiastic,10,0,night,0,1,interested,1,1
3,55.23148208688756,them,90,0.9,118.24742641708508,dry,3,0,night,0,1,dry_texter,1,1
27,34.215654266689214,me,165,0.6,6.32885219656842,dry,3,1,day,1,0,ghoster,1,1
4,24.697461374131912,me,152,0.09,59.82341606304748,neutral,10,0,night,0,0,ghoster,0,1
17,57.30859264727877,me,32,0.11,35.1565967444481,dry,9,1,day,1,0,ghoster,0,0
8,7.592700460412817,them,59,0.33,30.789542436233166,dry,1,1,night,0,0,ghoster,1,1
1,48.69573998511034,them,82,0.69,63.009185574478224,dry,7,1,day,0,0,dry_texter,1,1
38,68.15190991036798,them,142,0.14,109.77848037254597,enthusiastic,4,0,night,1,0,ghoster,0,1
3,62.633500262904505,me,84,0.08,82.29729659641616,neutral,3,0,day,1,1,ghoster,0,1
35,13.830261951552444,me,21,0.89,45.11387031508523,neutral,4,1,day,0,1,dry_texter,1,1
15,37.225399890931634,them,154,0.83,67.56457999196844,neutral,4,1,night,0,1,casual,0,1
31,21.09670774484438,me,37,0.22,105.01799763486498,enthusiastic,9,0,night,1,1,interested,1,0
25,37.59478822515476,them,193,0.83,2.6429599330746365,enthusiastic,0,1,night,1,1,interested,0,1
43,70.78892743416455,me,194,0.11,52.80654342980492,enthusiastic,2,0,day,1,1,ghoster,0,1
42,50.55486062958636,me,149,1.0,97.6971383899801,enthusiastic,10,1,day,1,0,dry_texter,1,1
22,29.717237090968904,me,26,0.6,76.6182692124644,enthusiastic,7,1,day,1,1,ghoster,0,1
38,57.59738454822026,them,70,0.45,80.23246448732658,dry,2,0,day,0,1,dry_texter,0,0
3,7.508231851381064,them,55,0.0,75.77824052123584,enthusiastic,4,1,day,1,0,dry_texter,1,1
7,58.29000969207749,me,185,1.0,98.60809613722553,dry,6,0,day,0,1,casual,0,1
11,66.04350950580996,them,3,0.13,48.933056720405986,enthusiastic,5,1,night,1,1,casual,0,1
39,71.88486460464831,them,154,0.88,58.203062427059486,dry,8,0,day,0,1,casual,0,1
50,57.517421568936705,me,121,0.05,54.342130204505324,neutral,0,0,day,0,1,interested,1,1
17,18.774412319155765,me,116,0.97,101.3023254482117,neutral,6,1,day,1,0,dry_texter,1,1
12,70.6744390715853,them,150,0.52,51.80054359678668,neutral,2,0,night,1,0,ghoster,0,0
16,71.75731498212271,me,49,0.88,71.6099215652402,enthusiastic,9,1,day,1,1,interested,1,1
50,62.55398340277225,me,138,0.71,29.882127378922753,dry,3,0,night,0,0,casual,1,1
13,25.411885019957676,them,77,0.58,83.7858714842289,neutral,8,1,night,1,0,dry_texter,0,1
43,70.55044352529416,them,24,0.66,106.8200139228691,dry,10,1,day,1,0,dry_texter,0,1
5,16.300452175259345,me,97,0.1,114.25989874989605,neutral,10,1,night,1,1,ghoster,1,0
46,34.56984130204785,me,180,0.01,25.313465594064663,neutral,1,1,day,1,1,casual,0,1
3,5.5016445441011665,them,36,0.48,44.311652596061805,enthusiastic,2,1,day,1,1,interested,1,1
48,61.75012641212373,me,106,0.25,119.00659407480367,enthusiastic,3,1,night,1,0,dry_texter,0,1
19,42.24777811419901,me,88,0.06,49.40424763765294,neutral,1,1,day,0,0,ghoster,0,1
7,6.133570188268779,them,100,0.24,87.60455207362995,neutral,9,0,night,1,0,casual,1,1
34,32.95958033215825,them,107,0.64,101.92360777169559,dry,5,0,night,0,0,casual,1,0
9,28.27942185643817,me,153,0.76,5.506084227334283,dry,6,1,day,0,0,interested,1,0
34,5.877360223595069,them,150,0.36,70.22538035514947,enthusiastic,6,0,night,0,1,interested,1,0
9,4.536959859276753,me,52,0.74,2.492758497532474,enthusiastic,2,1,day,1,0,ghoster,1,1
23,55.56268836949992,me,9,0.59,111.43942964020913,enthusiastic,2,0,night,1,0,dry_texter,0,0
29,2.420247912764032,them,199,0.14,72.91416286366604,enthusiastic,8,1,night,0,1,dry_texter,1,0
18,20.89152598494458,them,135,0.84,46.13709790380362,neutral,2,1,night,0,1,dry_texter,1,1
17,19.395826836726087,me,3,0.6,8.790928475460216,neutral,4,0,day,0,1,casual,0,0
1,33.92694279413766,them,74,0.85,95.45011526205107,dry,4,0,day,0,1,dry_texter,0,1
32,13.69338013293561,them,149,0.46,20.405586796714516,dry,4,1,night,1,1,ghoster,0,1
25,22.39407409313048,them,66,0.18,78.20409772028839,dry,1,1,day,0,1,ghoster,0,1
23,22.988670130013382,them,133,0.56,43.899060267223035,dry,0,0,night,1,1,ghoster,0,1
1,3.7425369988270596,them,55,0.38,98.91726341771901,neutral,7,0,night,0,0,ghoster,0,0
9,55.34107474296426,them,70,0.11,16.1172069294637,dry,10,0,night,0,0,ghoster,0,1
32,38.27256166179053,them,51,0.94,71.64871537852817,neutral,4,1,day,1,0,dry_texter,0,1
10,67.61670615867102,them,105,0.34,59.32921082493932,neutral,9,1,night,1,0,interested,0,0
38,57.81383826204552,them,101,0.86,75.90232069380018,enthusiastic,1,1,night,0,0,ghoster,0,1
40,33.033124638402704,them,98,0.85,6.810463331957968,dry,0,0,night,0,0,casual,0,0
9,69.7631467531721,them,144,0.34,74.61150178193499,dry,5,0,day,1,0,casual,0,1
4,28.829783831582073,me,110,0.62,105.12584977054557,neutral,9,1,night,1,1,dry_texter,0,1
3,62.79456872596544,me,55,0.1,91.33214180737905,neutral,3,1,day,0,0,ghoster,0,1
2,37.75280180984221,them,148,0.76,33.953652190545206,enthusiastic,3,0,day,0,0,ghoster,0,1
23,48.4003770100462,them,194,0.51,107.98706666785573,enthusiastic,0,0,day,0,1,dry_texter,1,1
44,42.77881663548243,them,190,0.95,12.06091751315322,dry,3,1,day,0,0,interested,1,1
11,60.69624665017045,them,95,0.71,18.05815006583532,enthusiastic,1,0,night,0,0,dry_texter,0,1
35,46.84447298826372,them,28,0.35,90.73924296370805,neutral,9,1,day,1,1,ghoster,0,1
29,11.909619972921362,me,51,0.31,46.96498897994396,enthusiastic,1,1,day,1,1,interested,1,0
35,31.256103117793113,me,32,0.54,82.4809171343129,neutral,4,1,day,1,0,ghoster,0,1
16,40.08277710978342,them,100,0.6,53.95738512100991,enthusiastic,6,1,night,0,0,interested,1,0
9,57.309405973113776,me,92,0.61,1.0967357096492112,dry,6,0,day,0,1,interested,0,1
22,6.175503916253451,me,140,0.34,62.60915648996236,dry,3,0,day,1,0,interested,0,0
10,58.198939882096965,me,75,0.23,113.80343340592012,enthusiastic,10,1,night,1,0,ghoster,0,1
40,7.369295750372634,me,182,0.91,75.51959158332086,enthusiastic,7,1,night,1,0,dry_texter,1,1
45,57.80075305135773,them,190,0.47,41.040109262435756,dry,5,1,day,1,0,interested,0,1
29,13.737966765557882,them,190,0.42,9.925356581994873,dry,10,0,night,0,1,ghoster,1,1
3,70.20052246502681,them,116,0.77,98.86477309353235,dry,8,1,day,1,0,dry_texter,0,1
33,19.11715803267814,me,146,0.57,84.80510702973025,neutral,4,0,day,1,0,interested,0,1
41,43.10839149418852,them,132,0.83,27.898575765649916,dry,1,0,night,1,0,interested,0,0
16,46.63800081304468,me,57,0.08,19.671772115816392,neutral,9,1,night,1,1,casual,0,0
27,66.56516989701882,me,168,0.93,18.854034390271064,dry,3,1,night,1,0,ghoster,0,1
28,30.318648121095876,me,37,0.63,83.4981540075325,enthusiastic,6,1,day,0,0,ghoster,0,0
43,22.417752046231186,me,114,0.24,72.01544187987207,neutral,8,0,night,1,0,dry_texter,0,0
33,53.27786766485154,me,187,0.62,61.10553241461113,enthusiastic,2,0,night,1,0,dry_texter,0,1
23,27.080525406201975,me,179,0.34,45.48155377896946,enthusiastic,10,1,day,0,0,dry_texter,1,0
43,57.68425271176056,them,159,0.86,6.612663775576355,enthusiastic,7,0,day,0,0,interested,1,1
27,55.90690951431765,me,151,0.38,78.97313680852263,neutral,8,0,night,1,1,dry_texter,0,0
46,56.21398418922391,them,43,0.47,99.90910354276448,dry,9,1,night,1,1,casual,0,1
35,29.050707193234924,me,30,0.56,93.4592943087344,dry,1,0,day,0,0,interested,1,0
25,28.259703008338327,me,35,0.0,12.325849604737423,enthusiastic,10,0,day,0,0,casual,0,1
2,66.04510318544047,me,200,0.59,60.51053221374005,dry,5,0,day,0,0,dry_texter,0,1
36,58.59461783064871,them,158,0.39,24.872494524714003,dry,2,0,night,1,0,interested,1,1
13,25.860866351522862,me,182,0.3,94.74854842037105,enthusiastic,5,0,night,1,1,casual,0,1
13,22.787181159747455,me,185,0.11,13.147531299703703,neutral,0,0,day,1,1,interested,1,1
10,50.14685948815091,them,1,0.73,18.241240003868484,enthusiastic,6,1,night,1,0,dry_texter,0,1
32,6.100501791280082,me,36,0.83,55.02821923305102,dry,2,0,day,0,1,interested,0,1
9,62.787526923470445,me,110,0.66,93.3790383493707,dry,10,1,night,0,0,interested,1,1
39,10.9866792276069,me,68,0.69,63.181320590242564,dry,2,0,night,1,1,ghoster,0,1
2,20.154674960208958,them,48,0.71,63.797462258265945,enthusiastic,8,0,day,1,0,interested,1,0
11,18.36988071603739,them,43,0.52,68.057580875893,dry,3,1,night,1,0,casual,1,1
3,4.861057987735788,me,127,0.87,79.20157077608857,dry,9,1,day,0,0,interested,1,0
10,16.888126458280436,them,89,0.43,14.084151941173563,dry,10,0,day,1,1,dry_texter,0,0
7,54.328414568272805,me,112,0.4,21.25513740694658,neutral,7,0,night,1,0,casual,0,1
8,9.019184440287743,them,64,0.03,71.21804863224874,enthusiastic,10,0,day,0,0,casual,1,1
19,54.05270626029025,me,54,0.32,95.85543575828623,neutral,8,0,night,1,1,ghoster,0,1
25,27.198943469388578,them,97,0.76,71.75384269011133,neutral,10,1,day,1,1,ghoster,0,1
15,14.051380384428441,them,20,0.77,117.48617779758122,enthusiastic,1,1,night,0,1,dry_texter,1,1
12,64.03868017996224,me,40,0.34,39.45271729859069,neutral,8,0,night,1,1,casual,0,1
27,32.87402610692549,them,15,0.65,117.3750881124656,neutral,5,1,day,0,1,casual,1,1
49,21.888001842509116,me,110,0.87,78.43638090270697,neutral,9,1,night,1,0,ghoster,1,1
48,70.97516286429365,me,195,0.82,101.01824962105985,enthusiastic,1,1,night,0,1,interested,1,1
43,63.78429179292334,them,6,0.41,5.427290524985041,enthusiastic,8,0,night,1,0,casual,1,0
2,45.09283864804241,me,115,0.94,21.8409638249959,dry,9,0,day,1,1,casual,0,1
24,47.63207520663886,me,54,0.92,11.847442262910924,enthusiastic,1,1,day,1,1,ghoster,0,1
13,19.260738959073727,them,92,0.93,30.931381245105257,neutral,1,0,day,1,1,dry_texter,1,1
14,12.606644599453649,me,117,0.57,33.715851413693755,enthusiastic,0,0,night,1,0,dry_texter,0,0
10,43.20971130095204,them,198,0.18,110.98552305696883,dry,2,1,night,1,1,ghoster,0,1
18,22.201517086109146,me,159,0.26,88.71657938366498,neutral,7,0,day,0,1,interested,1,0
18,71.12021687319276,them,198,0.36,56.32943577868584,dry,7,0,day,1,0,casual,0,1
27,24.57173800338213,them,111,0.38,104.67299956353334,dry,7,1,day,1,1,casual,0,1
16,53.64885665948422,me,137,0.06,118.96085491644509,enthusiastic,0,1,night,1,1,ghoster,0,1
36,39.05142174112744,me,82,0.67,71.08955689952344,dry,1,1,day,0,1,dry_texter,0,1
6,19.178502132407825,me,101,0.96,89.70814594428751,neutral,3,1,night,0,1,interested,1,0
41,56.72812849593941,me,42,0.58,89.33462544627419,neutral,0,0,night,0,0,casual,0,1
11,39.82815908162835,me,23,0.45,93.9188575371031,enthusiastic,4,1,night,1,0,casual,0,1
34,33.567208092575385,me,16,0.07,17.35779914497584,dry,7,0,day,0,0,dry_texter,0,1
24,2.061751839544055,them,104,0.83,85.44705239646449,enthusiastic,2,1,night,0,1,interested,1,0
49,49.66740118557541,them,88,0.04,60.39740650020213,neutral,1,1,night,0,0,ghoster,0,1
14,44.844940467278114,me,8,0.61,92.99094270035198,enthusiastic,9,0,night,0,1,casual,1,0
3,51.41009506173909,them,1,0.98,55.14405842220246,enthusiastic,4,0,night,0,0,ghoster,1,1
1,66.48298546114276,me,169,0.21,83.60636394293718,enthusiastic,9,0,day,1,0,casual,0,1
38,50.809048494136015,them,120,0.93,1.3629131185288355,enthusiastic,9,0,day,1,1,dry_texter,0,1
46,26.760458057650077,me,43,0.49,67.53730993527587,dry,10,0,day,1,1,ghoster,0,1
38,13.49176276864581,them,45,0.56,24.542373575416857,dry,10,0,night,1,0,ghoster,0,0
37,42.305055436633005,them,164,0.92,64.63860652147082,enthusiastic,5,0,day,1,1,ghoster,0,1
21,58.36030788559182,me,80,0.42,110.78746317602297,enthusiastic,0,0,night,1,0,ghoster,0,1
35,11.868589610489117,me,19,0.53,21.45148144564088,enthusiastic,3,0,day,0,0,casual,1,0
3,27.922369105861545,them,104,0.65,78.7229005892035,neutral,5,0,night,0,0,interested,1,1
16,69.65170763636064,me,34,0.37,14.042896395760586,neutral,0,0,day,0,1,ghoster,0,1
24,58.117626565745134,them,43,0.71,16.630462639910796,enthusiastic,9,1,night,1,0,casual,1,1
11,56.57822003513637,them,199,0.8,106.25608992171553,dry,3,0,day,1,0,casual,0,1
6,51.28241474466753,them,16,0.78,80.46287087936162,neutral,8,0,day,1,1,casual,0,1
42,63.246367565499696,them,161,0.84,38.70191310124303,dry,7,0,day,1,0,dry_texter,0,1
11,62.12884825423016,me,60,0.32,51.43797348044952,neutral,2,1,night,0,0,interested,0,0
26,23.461143489152956,me,14,0.77,24.24544334168157,dry,0,1,night,0,1,interested,0,0
48,2.3044214175267568,them,29,0.18,100.25969180505155,neutral,7,0,day,0,0,ghoster,0,1
48,47.37889652483518,me,29,0.67,73.78638088716333,neutral,2,1,night,1,1,dry_texter,0,1
28,35.576494880992875,me,162,0.04,115.2763516449504,enthusiastic,3,0,night,1,0,interested,1,1
42,62.82809997563731,me,112,0.29,33.90033208753398,dry,0,0,night,0,0,casual,1,1
23,71.48292117306109,me,128,0.88,51.79274403155638,dry,1,1,night,1,1,interested,1,1
33,60.85588787571741,them,30,0.44,111.05916254617355,neutral,4,1,day,1,0,interested,0,1
17,40.62133326273426,me,176,0.65,96.39632625087866,neutral,2,1,night,0,0,casual,1,0
49,61.295668329098,them,136,0.36,6.8958176987056286,enthusiastic,2,1,night,1,0,casual,0,0
39,8.148625713033855,them,46,0.02,67.60348739831379,dry,9,0,day,1,1,casual,1,1
30,52.111044626290685,me,55,0.95,119.12139585478585,dry,6,1,night,0,1,ghoster,0,1
13,21.207933351175676,them,63,0.36,41.40010226632245,dry,6,1,day,1,0,dry_texter,0,1
18,0.4994982870396454,them,148,0.62,58.22883129049078,dry,0,0,night,0,1,interested,1,1
28,32.99856798704434,them,111,0.84,36.75638860027041,enthusiastic,8,0,day,0,0,dry_texter,0,0
14,13.454193170934722,me,92,0.71,72.08637268244578,neutral,3,1,day,1,0,casual,0,0
31,64.95804159424392,them,146,0.27,97.5706882167027,dry,8,0,day,1,0,casual,0,1
24,12.509106990486366,me,48,0.44,39.43286397215954,neutral,9,1,night,1,1,ghoster,0,1
14,29.007437626795785,me,41,0.91,22.43319623131789,neutral,0,0,day,1,1,ghoster,0,1
48,53.17485392230931,me,33,0.81,44.8071315490595,dry,1,1,day,1,0,dry_texter,0,1
20,10.901638652171515,them,149,0.46,62.813500297489846,neutral,3,1,day,0,0,ghoster,0,1
17,13.414116872769155,me,191,0.75,9.256546797162558,dry,10,1,day,1,0,casual,0,1
8,32.61945615020375,me,47,0.25,101.25072060075233,dry,10,1,day,1,1,interested,0,0
30,52.64128586047224,them,52,0.54,64.18890484384885,dry,2,0,night,1,0,casual,0,1
16,2.014420091278688,them,178,0.57,10.276156972988872,dry,8,0,day,0,0,interested,1,0
5,11.887685367599842,me,79,0.29,75.45335724079081,neutral,9,1,night,0,1,ghoster,1,1
50,4.853879841367957,me,141,0.71,38.41366933820569,enthusiastic,5,1,night,1,0,dry_texter,1,1
3,28.316518660708745,me,137,0.7,106.20921717134267,dry,9,1,night,0,1,ghoster,1,1
35,0.7020752765484373,them,40,0.92,32.737672518535064,neutral,1,1,day,1,0,dry_texter,0,0
50,69.85392530669131,them,140,0.35,72.35003536458481,neutral,8,0,day,1,0,dry_texter,0,1
32,9.448490194979296,them,114,0.2,53.057115768522024,enthusiastic,5,1,night,0,0,interested,1,0
31,61.17370083600283,them,113,0.16,22.366551323263092,enthusiastic,7,1,day,0,1,casual,0,1
20,23.26544985104964,them,59,0.71,103.63637254706927,neutral,2,1,day,0,0,casual,0,0
42,47.405394641396185,them,40,0.54,60.461223670469096,dry,7,1,day,0,1,dry_texter,0,1
38,50.33670770252281,them,102,0.14,40.866320599629795,enthusiastic,1,1,night,1,0,dry_texter,0,1
43,35.333438459812974,me,162,0.57,80.54767417105282,dry,8,0,day,0,0,interested,0,1
42,2.932960346843304,me,4,0.42,41.458483859517145,dry,10,1,day,1,1,interested,1,0
6,32.41213712145142,them,46,0.06,34.59994556167417,neutral,7,0,day,1,1,dry_texter,0,1
15,55.20159731761963,them,84,0.12,113.81604953545023,enthusiastic,2,1,day,1,1,dry_texter,0,1
10,66.07444932889975,them,27,0.61,94.88667244839284,enthusiastic,7,0,night,1,1,dry_texter,0,1
34,21.202840133355398,them,102,0.17,53.673744649092896,neutral,9,1,night,0,1,interested,1,1
29,30.94212142913082,me,195,0.01,97.13599371154174,dry,10,1,night,0,0,dry_texter,0,1
17,47.69786786376505,them,81,0.82,103.10386975578423,neutral,6,1,night,1,1,dry_texter,0,1
19,24.776595689764008,me,113,0.04,24.388235930256634,enthusiastic,1,1,night,0,0,interested,1,1
41,6.490193400774019,them,74,0.81,37.45795187318767,neutral,1,0,night,0,1,casual,1,1
38,46.92791240666057,me,175,0.2,110.71147054625456,dry,4,1,day,1,1,interested,1,1
9,23.853948474497884,me,140,1.0,84.30273667331161,enthusiastic,6,1,night,0,0,casual,1,0
36,43.34458855091195,them,130,0.79,20.253045157903315,enthusiastic,5,0,night,1,0,dry_texter,0,0
13,53.096913795697965,them,3,0.33,87.28975170977654,enthusiastic,1,0,night,0,0,ghoster,1,1
12,18.53476722035712,me,38,0.88,95.4049416405156,dry,6,1,night,1,0,casual,1,1
14,41.53174103766311,me,181,0.69,92.27618969682521,enthusiastic,7,1,day,0,1,dry_texter,1,1
33,65.94586335409764,me,163,0.82,119.11941024260629,enthusiastic,4,0,day,0,1,interested,1,1
8,9.458579994620543,them,15,0.49,49.24445087372793,dry,9,0,night,0,1,casual,1,1
26,0.13281211995710862,them,191,0.92,8.420004334616014,dry,5,0,night,1,0,dry_texter,1,0
41,16.667837348383987,them,186,0.43,51.44617040369818,dry,7,1,night,0,1,ghoster,0,1
41,29.54900745902388,them,54,0.23,84.66037126455223,neutral,4,1,night,1,0,interested,1,1
12,20.429827696424027,them,161,0.07,65.14130971920602,dry,0,0,night,0,1,dry_texter,1,1
21,0.3450500728884176,me,197,0.01,57.713770888916244,enthusiastic,10,0,day,0,1,interested,1,1
6,21.49666047750082,me,142,0.4,117.26025174249219,enthusiastic,7,1,day,0,0,dry_texter,1,0
43,2.4698068384600633,me,70,0.59,114.91631420807596,neutral,6,0,day,1,1,interested,0,1
36,42.238142282793,me,30,0.71,3.8365779089857477,dry,8,1,day,0,0,interested,0,0
46,65.9228520262284,them,110,0.87,83.10385764469889,enthusiastic,0,0,day,0,1,interested,1,0
47,24.626899401787952,me,89,0.18,61.95336046813773,dry,8,1,day,0,0,casual,0,0
4,31.832248421509163,them,118,0.73,1.9365616944764734,neutral,9,1,day,0,1,dry_texter,1,0
24,53.19672825314425,me,37,0.42,62.15649329672171,neutral,6,1,day,0,1,ghoster,0,1
25,60.66428740262324,me,44,0.09,91.89368264004385,neutral,10,0,day,1,0,ghoster,0,1
29,62.229463819978314,me,159,0.87,39.43156126485777,neutral,4,1,night,1,1,casual,0,1
32,62.50926299558864,me,144,0.76,78.46653731375235,dry,6,1,night,0,0,interested,0,1
41,71.4653324869417,me,58,0.37,53.09818529958537,neutral,1,0,night,1,1,interested,0,1
12,25.87179579836875,me,138,0.39,108.91880684105709,enthusiastic,8,0,night,0,0,dry_texter,0,1
47,12.512500253412808,them,131,0.08,26.745117119814108,enthusiastic,1,0,night,1,0,casual,0,1
10,18.020577707209306,me,194,0.69,4.778877659568699,dry,4,0,day,1,0,dry_texter,1,0
35,3.4189124553131647,me,165,0.56,28.62830897380163,neutral,9,1,day,1,0,ghoster,1,0
21,18.20083821037511,them,29,0.85,13.705398754229883,dry,1,0,day,0,1,interested,1,1
49,68.22641376097103,me,45,0.92,38.365327033695536,dry,4,1,night,1,0,dry_texter,0,1
29,45.491584374853865,them,63,0.16,28.944349259716763,neutral,6,1,day,1,1,casual,0,1
29,70.0693493575747,me,192,0.95,89.51476810217024,enthusiastic,6,1,night,1,0,ghoster,0,0
32,16.40977714798008,them,142,0.74,8.185501079702416,enthusiastic,9,0,day,1,1,dry_texter,1,1
45,33.777390114525446,them,10,0.18,9.115712413645747,neutral,4,1,night,0,0,dry_texter,0,1
43,32.134069256762075,me,32,0.53,116.42337976886813,enthusiastic,7,1,night,0,0,ghoster,1,1
25,34.928831318039414,them,5,0.68,69.05059035899109,enthusiastic,7,0,night,0,0,casual,1,0
3,1.3414576744793152,them,57,0.06,98.54983532309518,enthusiastic,7,0,night,0,1,casual,1,1
28,60.83790507372975,them,183,0.42,93.64093489308694,neutral,4,0,night,1,1,casual,0,1
13,37.148784762538526,me,53,0.2,23.964594911505372,neutral,5,1,day,1,1,ghoster,0,1
14,48.48312182107864,me,37,0.59,61.73658658587582,neutral,2,1,night,0,1,interested,0,1
18,16.566498910198113,me,84,0.27,79.32908324227144,dry,6,0,night,1,0,interested,0,1
32,34.349795530811264,me,194,0.55,116.58201508669146,neutral,3,1,day,1,0,interested,1,1
16,68.11917936167796,them,35,0.32,8.273667024281687,dry,9,1,day,0,0,interested,1,0
5,66.45580015447064,them,89,0.62,117.0204087783448,dry,5,0,day,0,0,interested,1,1
44,34.15117059904621,me,32,0.6,99.22795749181967,enthusiastic,4,0,day,0,1,casual,1,0
21,50.44182986469978,them,24,0.34,76.31206519835064,enthusiastic,5,1,night,1,0,interested,0,0
2,9.08039874167445,me,134,0.42,48.15983848846367,dry,10,0,day,1,1,dry_texter,1,1
44,69.19505577613289,me,72,0.16,3.0067164838607607,dry,7,1,night,0,0,ghoster,0,1
2,43.724947062184114,me,152,0.03,21.706030097880603,enthusiastic,1,0,day,1,0,interested,0,1
15,15.612448335761922,them,120,0.81,60.13683834007896,dry,0,0,night,1,1,interested,0,0
45,25.601692134487095,me,133,0.62,104.83073555171819,neutral,4,1,day,0,1,dry_texter,0,0
9,71.13057326932841,me,49,0.94,9.88355864041862,neutral,5,1,day,1,1,interested,0,1
42,30.10866264321917,me,123,0.63,92.35599585344787,neutral,3,1,night,1,0,ghoster,0,1
44,14.91352432930627,me,180,0.83,98.6498409431592,neutral,7,1,day,1,1,ghoster,0,1
50,63.52445102312548,them,82,0.88,43.239617574754504,enthusiastic,10,0,night,1,1,dry_texter,0,1
20,54.10368110517999,me,47,0.48,66.83269925098931,enthusiastic,8,1,night,0,0,interested,1,1
10,68.42630565101356,them,11,0.76,72.04471413881933,dry,8,1,day,0,0,ghoster,0,0
10,59.15855301728227,me,134,0.16,110.12259587457976,enthusiastic,10,1,night,1,0,casual,0,1
24,34.89080278916267,them,10,0.72,42.23009721504325,enthusiastic,0,1,day,0,0,ghoster,0,0
20,30.345479602497143,them,162,0.69,85.41162657068912,neutral,7,0,day,1,0,casual,0,1
35,3.3026938561519357,them,58,0.48,37.807721541436074,enthusiastic,6,0,day,1,1,interested,1,1
36,61.59404681884443,them,11,0.06,45.62385083051157,neutral,2,1,day,1,0,dry_texter,0,1
38,41.20152264370902,them,168,0.76,3.591428884647857,enthusiastic,9,0,day,1,0,dry_texter,0,0
10,63.51433692983468,them,147,0.91,5.197620841170548,neutral,9,1,day,0,1,ghoster,0,1
7,17.627626261849812,them,113,0.34,105.17382901248521,dry,0,0,day,0,1,ghoster,0,1
37,12.67042718954305,me,103,0.36,31.83867157689287,dry,10,1,day,0,1,casual,1,1
1,30.645991244154544,them,53,0.23,37.37757079160925,neutral,2,1,night,1,0,ghoster,0,0
12,65.49200687821025,them,53,0.23,17.524978801989853,dry,9,1,day,0,0,dry_texter,1,1
29,38.98328142830051,them,11,0.52,38.06772288415722,neutral,7,1,day,0,1,interested,0,1
41,17.829297158803506,me,7,0.54,29.05085407732873,enthusiastic,1,0,day,1,0,casual,0,0
33,30.211771834758544,me,163,0.1,10.334582386467748,dry,5,1,night,1,1,interested,1,1
30,20.6170332021695,me,89,0.34,109.54405358720001,enthusiastic,10,1,night,1,1,interested,1,0
18,35.967225797986636,them,61,0.2,92.52686864186619,dry,9,1,night,1,1,casual,1,1
30,59.80260893532868,them,70,0.91,115.22967440545477,enthusiastic,7,0,day,0,1,casual,0,1
37,47.58673799930553,me,175,0.66,56.41102857481295,enthusiastic,3,0,night,1,0,dry_texter,0,1
29,21.954514691559226,me,68,0.85,59.92677886521052,neutral,0,0,day,1,1,casual,1,1
5,42.891306133818645,them,82,0.82,48.77683269039893,neutral,7,1,night,1,0,ghoster,0,1
46,68.27450717654767,them,67,0.55,92.41819183717932,enthusiastic,4,0,day,1,0,casual,0,1
22,7.814289755816437,me,72,0.49,15.638829066004725,neutral,7,0,day,1,1,casual,1,1
23,6.373692105515275,them,172,0.04,56.076245320004965,enthusiastic,10,1,day,0,1,dry_texter,1,1
49,54.08458768602377,them,31,0.52,112.540486437335,dry,8,0,night,1,1,ghoster,0,1
21,7.342484119811704,me,144,0.64,111.41974895405235,enthusiastic,2,1,day,1,1,ghoster,1,0
6,45.84063459130437,me,164,0.44,55.472380016090064,enthusiastic,1,1,night,1,0,casual,1,1
37,51.28077948092659,me,158,0.18,72.07715545849304,dry,8,0,night,0,1,dry_texter,0,1
22,36.201744756706326,them,4,0.9,17.370176821130716,dry,2,1,night,1,1,interested,0,0
42,47.669942343834656,them,146,0.31,25.754754134775965,enthusiastic,0,1,night,0,0,interested,1,0
10,70.29998294048094,them,68,0.21,31.5953926190898,neutral,2,1,day,0,1,interested,0,1
13,62.832883635463425,me,18,0.44,87.79266173675356,enthusiastic,2,1,day,1,1,ghoster,0,1
28,39.81963714526837,me,84,0.44,1.9769637625208827,neutral,2,0,night,1,1,casual,0,0
15,52.66250615590408,me,17,0.15,102.67201615712578,enthusiastic,7,1,night,1,0,ghoster,0,0
1,47.89830326680301,them,182,0.65,62.07802231068361,neutral,8,1,day,1,1,interested,1,1
37,26.00486090572233,me,173,0.17,68.54421346584671,dry,2,1,day,1,0,dry_texter,0,1
21,68.64611783871862,them,198,0.67,22.626158806344925,neutral,8,0,night,0,1,ghoster,0,1
42,53.10463890952709,me,132,0.17,64.0845931630995,dry,2,1,night,0,1,ghoster,0,1
29,31.81953285405665,them,74,0.43,47.40507682483742,enthusiastic,0,0,night,1,1,interested,0,1
38,26.631204736468153,them,13,0.05,112.45265308357538,neutral,9,1,day,1,0,dry_texter,0,0
41,27.06606690936341,me,146,0.41,73.89994499868274,enthusiastic,8,0,day,0,0,ghoster,0,1
8,69.27967108146235,them,83,0.51,46.053536299505154,dry,2,0,night,0,1,ghoster,0,0
6,47.439202612896196,them,63,0.08,59.61411010417181,neutral,2,1,day,0,0,dry_texter,0,0
50,61.50242746653762,me,186,0.87,58.29919779583404,dry,4,1,day,1,1,interested,1,1
22,71.18555279419131,them,46,0.38,53.01018365401337,neutral,4,0,night,1,1,interested,0,1
30,59.40645339866774,them,89,0.64,55.98960223509639,enthusiastic,3,0,day,1,0,interested,0,1
41,40.53634248255645,them,183,0.33,18.884051007731507,dry,1,1,night,0,1,interested,1,1
32,60.2449062393221,them,146,0.43,23.366325710266835,dry,10,0,night,1,0,ghoster,0,0
25,18.919397441995635,me,155,0.97,102.04919938837709,dry,2,1,day,1,1,interested,1,0
19,31.679157357927558,me,109,0.97,71.48721317514605,neutral,10,1,night,0,0,ghoster,0,1
9,67.26027975396637,them,8,0.01,7.194358156466003,enthusiastic,8,1,night,1,1,ghoster,0,1
7,59.438582525468085,them,62,0.76,5.456672581827224,dry,9,1,day,1,1,interested,1,1
39,47.90293904524323,them,90,0.84,54.654104401854006,dry,6,0,night,0,1,ghoster,0,1
33,56.90830372637865,them,136,0.09,8.71697737427932,dry,8,0,night,1,0,dry_texter,0,1
29,39.6042267714923,me,51,0.57,32.515813013083914,enthusiastic,8,0,night,1,0,dry_texter,1,0
30,44.35055013764577,them,117,0.34,25.282618027937918,enthusiastic,4,1,day,1,0,interested,1,1
33,3.586844431047558,me,152,0.55,40.40284377657184,neutral,2,0,night,1,0,ghoster,0,1
5,59.04907071883886,me,19,0.13,28.757700147061996,neutral,4,0,day,1,0,interested,0,1
48,38.38398364293555,me,87,0.9,59.975141441087324,enthusiastic,9,1,day,1,1,casual,0,1
18,50.273316174997724,them,120,0.44,73.43247650509309,enthusiastic,9,0,day,0,0,dry_texter,0,0
7,55.4787760556434,them,153,0.81,81.53482457280032,neutral,1,0,day,0,0,ghoster,0,1
27,12.382647196194196,them,52,0.45,84.26303051345644,dry,5,1,day,1,0,casual,0,1
8,33.556417199267706,me,155,0.94,81.12622491988081,enthusiastic,1,1,night,1,1,ghoster,0,1
22,53.213108255167334,me,97,0.05,107.68005826208123,enthusiastic,0,0,night,0,0,interested,1,1
50,71.0864009864089,me,88,0.65,110.04801577849092,dry,3,1,night,1,0,casual,0,1
41,57.34273351570419,me,111,0.51,49.88977376098558,neutral,0,1,day,1,0,interested,1,1
18,30.140748345077213,them,41,0.16,28.10812124516601,neutral,8,0,night,0,0,interested,0,0
32,38.58623519722422,me,164,0.42,21.373551220584936,enthusiastic,9,1,night,0,1,casual,1,1
40,24.0420617635586,them,127,0.4,113.79570485334307,neutral,4,0,day,0,1,casual,1,1
33,0.33765414350353407,me,123,0.16,114.08279294157765,neutral,8,1,night,1,0,dry_texter,0,1
9,40.08617589772195,them,187,0.94,118.98158496095157,neutral,4,1,day,1,1,dry_texter,0,1
37,12.282251524003383,them,192,0.18,99.88104141426321,enthusiastic,10,0,day,1,0,ghoster,0,1
37,16.03946431389657,them,45,0.34,46.94436029910653,dry,7,1,day,0,0,casual,0,1
7,28.83452124982926,me,114,0.26,80.28970855937462,enthusiastic,7,1,day,0,0,casual,1,1
35,44.02022209579025,me,165,0.27,82.2483508726363,neutral,8,1,day,1,1,interested,1,1
2,27.338634593891843,me,191,0.73,72.46674290669671,dry,2,1,night,0,1,dry_texter,0,1
14,3.8668781118987177,them,173,0.66,94.48186316338112,enthusiastic,4,0,night,1,1,casual,1,1
26,19.60642207846597,me,43,0.26,113.10145922342956,neutral,8,0,day,0,0,casual,0,0
10,30.83241138146956,them,30,0.88,93.10845727639489,dry,7,0,day,1,1,ghoster,1,1
7,35.62434971047881,them,24,0.53,28.491761151714734,dry,1,0,night,1,0,interested,0,0
34,48.89859696840021,me,124,0.85,10.54808744737955,neutral,6,0,night,1,0,dry_texter,0,1
5,26.26467020297411,me,48,0.03,13.134260926460072,enthusiastic,7,0,night,1,0,interested,0,1
33,58.79685965264788,me,106,0.76,36.61381941518775,neutral,9,1,day,1,1,interested,0,0
1,14.894809894707198,me,142,0.42,106.83936384003239,enthusiastic,0,0,night,1,1,ghoster,1,1
26,63.384827332589545,them,84,0.96,41.059972251945055,enthusiastic,1,0,day,1,0,dry_texter,0,1
31,70.3390205868025,them,42,0.49,100.64276656594464,neutral,8,0,night,0,0,casual,1,0
39,60.31497230141012,me,125,0.27,96.09674611522114,enthusiastic,6,0,day,1,1,dry_texter,0,1
22,36.32350094678386,me,116,0.39,104.12553522822598,dry,2,1,night,0,0,interested,1,0
50,57.11221253271288,me,104,0.27,93.92519213305229,neutral,9,1,day,0,1,interested,1,0
42,12.825657887259371,them,29,0.59,115.85919335281442,dry,9,1,night,0,1,interested,1,1
38,46.65452314165162,me,40,0.18,14.656780345828112,neutral,5,0,day,0,1,dry_texter,0,1
48,4.377310533024472,me,186,0.77,115.85892474878223,dry,9,1,day,0,1,casual,1,1
19,1.2654483764222366,me,64,0.85,25.42287063537332,dry,6,0,day,0,1,casual,0,1
45,66.66564863740061,them,108,0.37,81.39089364646328,neutral,2,0,day,1,0,ghoster,0,0
17,39.6377409667296,me,105,0.56,43.380377081284664,enthusiastic,4,0,night,1,0,interested,0,0
48,44.683610487802554,me,145,0.46,112.07332985525026,dry,0,1,day,1,1,ghoster,0,1
42,8.76308561046486,them,45,0.58,29.306851016200493,neutral,9,1,night,1,1,ghoster,1,1
7,38.11142017979188,me,102,0.36,100.40306742817411,enthusiastic,5,1,day,1,1,casual,1,1
36,10.950037866568298,me,72,0.42,24.5092198816728,dry,2,0,day,1,0,dry_texter,1,1
49,31.701845795970577,me,119,0.54,43.97853728393854,neutral,5,1,day,1,1,dry_texter,0,1
35,42.66383639542499,me,15,0.33,86.8385250695508,dry,7,1,day,0,0,interested,1,1
7,26.354449015343512,them,2,0.27,16.180735427660267,enthusiastic,1,1,day,0,1,casual,1,1
27,53.43764698907816,them,72,0.08,104.79041512333976,enthusiastic,1,0,night,1,1,casual,0,0
38,12.250954119817726,me,129,0.25,100.55113256154557,enthusiastic,6,0,night,1,1,casual,1,1
28,15.425803284157316,them,138,0.29,55.18676882197404,enthusiastic,2,1,night,1,0,casual,1,1
3,46.33053517584004,me,50,0.16,40.70437087849386,neutral,9,1,night,1,1,ghoster,0,1
20,20.20058822968457,them,170,0.52,7.4528068035182695,enthusiastic,3,1,day,0,1,interested,1,0
33,34.772495398488836,them,130,0.33,111.56574494010047,dry,8,1,night,1,0,dry_texter,0,1
45,61.214932509521475,me,94,0.66,69.3592509494967,enthusiastic,5,0,day,0,0,dry_texter,0,1
2,22.66601309726298,me,125,0.61,62.654812053159134,dry,1,0,night,1,1,casual,0,1
39,35.84199258877005,them,162,0.76,13.150571939741631,neutral,7,1,night,1,0,interested,0,1
10,24.65321773662466,them,115,0.9,19.347368053190436,enthusiastic,2,1,night,0,0,interested,1,0
34,28.37893360496366,me,75,0.76,65.90239749889595,enthusiastic,5,0,night,0,0,ghoster,0,0
25,32.560563051332906,them,126,0.08,58.55343428360292,enthusiastic,3,0,day,1,0,ghoster,0,1
24,63.08472875586169,me,170,0.87,77.6061676167637,dry,3,0,day,1,1,casual,0,1
36,56.19422467187486,me,182,0.04,28.46533058601686,dry,3,1,night,1,0,casual,0,1
14,23.55589349897905,them,181,0.12,28.09601355436842,enthusiastic,4,0,day,0,1,interested,1,1
12,65.54744006049843,them,60,0.45,85.17067415975825,enthusiastic,6,0,day,1,0,dry_texter,0,1
12,69.28665259178702,me,66,0.19,118.727337210704,dry,4,0,night,0,1,dry_texter,0,1
25,7.907304124337795,me,194,0.19,39.82633228892999,enthusiastic,4,0,night,0,0,dry_texter,0,1
38,63.33929082629554,them,76,0.98,95.692010704917,enthusiastic,7,0,day,0,0,ghoster,0,1
29,17.613903837924287,them,143,0.96,26.051829932563614,neutral,1,0,night,0,0,dry_texter,0,0
4,68.78932937455018,them,188,0.7,18.24897906972646,enthusiastic,6,1,night,0,1,casual,0,1
29,53.688791749087336,me,191,0.89,2.0800690506115975,dry,4,1,night,1,1,ghoster,0,1
7,14.731254671417105,me,180,0.28,13.87716544636946,enthusiastic,2,1,night,0,1,casual,0,1
24,3.6579297323643534,them,93,0.18,30.0415473251951,neutral,10,1,day,0,1,ghoster,0,1
50,64.00057946046356,them,56,0.67,45.06184499070755,enthusiastic,1,1,day,0,1,ghoster,0,1
44,37.156326243845136,me,70,0.65,111.09125422267624,neutral,0,1,night,1,0,casual,1,1
17,69.64739006703499,them,98,0.07,98.7985180168993,dry,5,1,night,1,1,dry_texter,1,1
43,55.762130215703685,me,200,0.93,10.161260504504433,dry,8,0,night,0,1,casual,0,0
3,38.507165456168195,me,3,0.44,9.343015323991056,dry,8,1,night,0,1,dry_texter,1,1
16,32.041204423064464,me,16,0.04,26.00848766970815,dry,6,0,day,1,0,ghoster,0,1
10,50.359070135228286,me,122,0.55,117.8408277572744,dry,7,1,day,0,1,interested,0,1
11,25.49776699303809,them,24,0.15,25.35560971130965,enthusiastic,8,0,day,0,0,casual,1,1
17,10.209338979520892,me,9,0.76,13.546015513552401,neutral,4,0,night,0,1,dry_texter,0,1
14,28.788382964204455,me,115,0.43,88.34945570138781,enthusiastic,8,0,night,1,0,dry_texter,0,0
36,45.50450919007512,them,196,0.44,93.0805462523147,dry,0,0,day,1,1,ghoster,0,1
44,35.78801297582377,me,31,0.43,74.68959738239127,dry,4,0,night,1,1,casual,0,1
26,15.50201639216543,them,43,0.71,54.8510590745829,neutral,5,1,day,0,0,interested,1,0
25,54.37778327090718,them,146,0.16,106.39359808016711,neutral,6,0,day,0,0,dry_texter,0,1
40,28.987821510545633,me,194,0.96,110.46203253678041,enthusiastic,2,1,night,0,1,ghoster,0,0
19,71.19318460397002,them,195,0.7,67.72604334935798,neutral,9,1,night,1,1,ghoster,0,1
25,41.20450991274609,them,196,0.51,76.9464963652048,neutral,10,0,day,0,0,dry_texter,0,1
13,15.49758195546914,them,167,0.38,20.46736808781683,neutral,10,0,night,1,1,interested,1,0
41,49.36507638870971,me,97,0.98,88.54918794878755,neutral,9,1,day,1,0,ghoster,0,1
48,57.519851589346615,me,153,0.5,55.19655821954101,enthusiastic,3,0,night,0,0,dry_texter,0,0
28,2.90707593671974,me,177,0.15,6.509226181804289,neutral,1,1,night,0,0,casual,1,0
50,1.965269753672195,me,97,0.15,25.157658588492772,neutral,3,1,night,0,1,casual,1,1
34,66.27186697413315,me,28,0.79,13.845894612246596,dry,7,0,day,0,1,ghoster,0,1
28,2.346480880052895,them,92,0.14,56.26301554806599,enthusiastic,5,0,night,0,0,ghoster,0,1
7,17.460047258660364,me,132,0.47,30.771466814881194,dry,10,0,day,1,1,ghoster,0,1
20,47.81250923051938,me,84,0.04,33.29282757840948,dry,9,0,night,0,0,interested,0,1
30,41.565707351423036,me,72,0.1,38.600179935708255,neutral,2,1,day,0,0,dry_texter,0,1
35,10.513401335713398,me,193,0.48,7.0911934082133445,neutral,3,0,night,0,1,casual,1,1
22,38.563315437285524,me,164,0.06,80.81631665211594,neutral,4,0,night,1,1,casual,0,1
48,5.454199816267003,them,90,0.06,108.39951591400882,neutral,4,1,night,1,0,interested,0,0
4,13.207708301291657,them,131,0.98,108.67524355474013,enthusiastic,8,0,day,0,0,casual,1,1
31,24.216838627415715,me,105,0.94,38.21405097609151,neutral,8,0,day,1,0,casual,0,1
39,27.577371527054346,them,25,0.85,42.56114837988812,dry,8,1,night,0,0,dry_texter,0,1
4,7.861986104013777,them,61,0.12,26.210822753211986,neutral,0,0,night,0,0,interested,1,0
22,9.20408074959729,me,14,0.12,102.13615285936021,enthusiastic,9,0,day,1,1,interested,1,1
40,33.785625837240154,me,57,0.21,77.27137479499741,neutral,5,1,day,0,1,ghoster,1,0
35,49.51174421730021,them,88,0.18,90.35564384790749,neutral,9,0,day,1,1,casual,0,1
46,13.08156293662404,them,160,0.01,58.74813930478968,dry,10,0,day,1,1,dry_texter,1,1
48,24.85145397292453,them,144,0.61,91.04602534064254,enthusiastic,3,1,night,1,1,dry_texter,0,1
15,51.730900658895095,them,144,0.56,8.334260358942277,dry,2,1,night,0,1,ghoster,0,1
19,31.23553715055388,them,163,0.2,16.462881639626595,neutral,7,1,night,0,1,dry_texter,0,1
49,18.860798617042008,them,1,0.21,96.28748512349686,enthusiastic,9,1,night,1,1,dry_texter,1,1
1,41.57783719955162,them,134,0.57,63.948148483654975,dry,2,0,day,1,1,casual,0,1
11,60.72708459768756,them,113,0.69,113.68246016157593,neutral,5,0,night,0,1,ghoster,0,1
3,2.648887523588008,me,7,0.77,54.84619166308329,dry,2,1,day,0,0,interested,1,1
10,42.79196944043568,them,168,0.73,90.57261980873052,neutral,6,0,day,1,1,dry_texter,1,1
41,6.301087534235812,them,59,0.26,86.51325461520622,neutral,4,1,day,1,0,ghoster,1,1
11,42.58566047547413,them,146,0.01,10.600694085653977,enthusiastic,6,0,day,1,1,casual,1,1
48,17.894742666684238,them,35,0.21,44.35795940565932,enthusiastic,5,0,day,0,0,interested,1,0
39,42.83806724374672,me,154,0.05,1.8241485639495936,dry,1,0,night,0,0,ghoster,0,1
47,35.90675755625863,them,42,0.76,66.42357913338596,enthusiastic,0,0,night,0,1,dry_texter,1,1
39,66.03339520550838,me,179,0.28,104.39706328795359,dry,9,0,night,0,0,interested,0,1
30,32.23995656237966,them,77,0.75,27.66484391772451,enthusiastic,10,1,night,0,0,ghoster,0,1
24,26.35311180871163,them,106,0.64,37.8880423107764,enthusiastic,10,0,day,0,1,dry_texter,0,0
22,41.805706228164745,them,37,0.71,20.681734415975512,enthusiastic,9,0,night,0,0,interested,1,0
19,16.773590063153133,me,49,0.72,117.17631456208058,enthusiastic,0,1,night,0,0,dry_texter,1,0
15,13.544116535779004,them,133,0.55,84.8177920600096,enthusiastic,4,1,day,0,1,interested,1,0
46,22.778289994859477,them,126,0.96,33.44810405617747,enthusiastic,2,1,night,1,1,interested,1,1
17,31.414681406293955,me,30,0.83,49.656084887954584,neutral,10,0,day,1,0,interested,0,0
24,4.742705441144023,me,195,0.35,114.0216446007574,neutral,7,1,night,1,0,casual,1,1
29,27.26557698512128,me,101,0.61,106.81148036251726,dry,1,1,day,0,0,ghoster,0,1
14,2.652854316664679,them,16,0.12,75.48761765723108,enthusiastic,1,1,night,0,0,casual,1,0
37,66.97644049090525,them,66,0.9,69.32291864797271,neutral,0,1,day,0,0,ghoster,0,1
8,2.617432390147573,them,132,0.47,32.791531155340486,dry,1,0,day,1,0,interested,0,0
4,26.611532907608716,me,148,0.39,64.56243023252706,neutral,6,0,day,1,1,dry_texter,0,0
14,7.584837707983657,me,67,0.22,65.05831722907288,enthusiastic,2,1,night,0,1,interested,0,1
50,59.394356941508434,them,8,0.6,38.27946384140045,enthusiastic,6,0,night,1,1,dry_texter,0,1
46,55.51528984416885,them,62,0.44,36.04076471503281,enthusiastic,10,0,night,0,0,dry_texter,1,1
1,45.86104005883902,them,45,0.23,113.19018315396387,dry,4,1,day,1,1,casual,0,1
47,45.65643164815449,them,173,0.32,87.25938276570554,neutral,10,1,day,1,0,interested,0,0
1,30.85380926679038,them,153,0.2,55.55562987545182,dry,4,1,night,1,1,interested,0,1
3,37.93889153164129,them,12,0.78,61.75415958528893,enthusiastic,4,0,day,1,0,dry_texter,0,1
26,39.094994990367354,them,82,0.38,62.43793796820507,enthusiastic,1,0,night,0,0,ghoster,0,1
50,47.42181585969755,me,1,0.61,63.99723688631335,enthusiastic,8,0,night,1,0,ghoster,0,1
32,38.163333303673824,me,25,0.59,49.84451593075715,dry,2,0,day,1,0,interested,1,0
16,71.78124454233657,me,71,0.88,33.22710524667004,neutral,0,1,day,0,0,interested,0,1
29,61.94677300251306,them,106,0.1,26.18106174206638,dry,5,0,day,0,0,ghoster,0,1
49,26.20101364170256,them,129,0.6,58.549294173726175,enthusiastic,7,1,day,0,1,ghoster,0,0
20,52.50147708136907,me,2,0.06,69.48571284679473,enthusiastic,0,0,night,0,0,casual,1,1
28,6.271159175825844,me,194,0.04,11.938716854246795,neutral,4,1,day,0,1,ghoster,0,1
26,3.6873115912423975,me,2,0.75,64.20702919129768,enthusiastic,7,0,night,0,1,interested,1,0
24,65.78787574633563,me,190,0.13,77.85028900843191,neutral,6,1,day,0,0,ghoster,0,1
23,30.059044129909502,them,154,0.72,5.409269589469103,neutral,7,1,night,0,1,casual,1,1
23,51.22676207926619,me,81,0.51,89.37784658458878,neutral,3,1,night,1,1,ghoster,0,1
2,10.80288458233147,me,20,0.46,107.55884504065668,neutral,6,0,night,0,0,interested,1,1
23,46.08750096016631,them,109,0.93,90.94998890950883,dry,5,1,day,0,0,interested,1,1
5,63.290794673358924,them,53,0.95,83.20660238642884,enthusiastic,5,1,night,1,1,dry_texter,1,1
18,46.951245548116546,me,21,0.25,96.1844603160303,neutral,7,0,day,1,0,ghoster,0,1
10,45.61283712534558,them,170,0.3,38.26922821987597,dry,7,0,night,1,1,casual,0,1
8,22.21337602375223,me,174,0.78,16.589192554429694,neutral,10,0,night,0,0,ghoster,1,0
10,9.224920247020119,them,33,0.6,18.251358539566027,neutral,4,1,day,0,0,ghoster,0,1
33,53.722995457258186,them,195,0.65,9.962491722539239,dry,6,0,day,0,1,interested,0,0
10,33.86249963383783,me,90,0.8,53.85387998820007,neutral,8,1,night,1,1,casual,0,1
38,15.119696496464973,me,132,0.58,27.943139830661423,neutral,2,0,day,0,0,dry_texter,0,1
2,16.841520044273086,them,162,0.77,106.79487903744062,neutral,8,1,day,0,0,interested,1,0
20,48.940692775971925,me,27,0.61,78.87837207915474,enthusiastic,9,0,night,0,1,casual,1,1
5,68.88786574484452,me,12,0.38,14.391873571530658,dry,2,1,day,1,0,interested,0,1
9,10.898044393974029,me,47,0.54,99.34567165974364,neutral,1,1,day,1,1,ghoster,0,1
24,17.891206789201114,me,69,0.16,103.53005632259126,neutral,7,1,night,1,1,casual,1,1
40,30.33882432741236,me,134,0.92,40.02166856715507,enthusiastic,8,0,day,1,0,casual,0,1
10,71.07806054672989,me,21,0.43,54.32681716660638,dry,8,0,night,1,0,interested,0,1
21,43.84518889858151,them,4,0.78,50.46355602368598,neutral,9,1,day,1,0,dry_texter,0,1
24,42.34123683306747,me,142,0.25,69.9339690923,neutral,2,0,night,0,1,dry_texter,0,1
33,20.74434494265228,them,147,0.66,42.53575649404241,enthusiastic,3,1,night,0,1,dry_texter,1,1
5,8.828099325408985,me,27,0.72,46.95107872350007,dry,5,1,night,0,1,ghoster,1,0
11,65.28834782294204,them,11,0.99,2.4013528925810053,neutral,7,1,night,1,1,interested,0,1
46,48.11338962677911,me,135,0.44,19.20075687970176,enthusiastic,5,1,night,0,0,dry_texter,0,1
15,19.377664850817453,them,8,0.95,108.88359661445938,dry,4,0,day,0,1,interested,1,1
42,19.720072610083246,me,60,0.96,110.6811365235404,neutral,8,0,night,1,0,dry_texter,0,1
32,45.218834307302444,me,183,0.66,48.27621215216443,neutral,7,1,night,1,0,interested,0,0
40,62.68158086333909,me,22,0.42,98.11524284280758,enthusiastic,3,1,night,1,0,dry_texter,0,0
2,0.9062297102226395,them,182,0.64,77.47795434075375,dry,3,1,night,0,1,dry_texter,1,0
23,1.4363123013650556,them,70,0.25,118.95561829502282,dry,5,0,day,1,0,casual,1,1
43,19.8559432663544,me,144,0.6,25.05481606086187,enthusiastic,7,1,night,1,0,ghoster,0,1
29,13.976777949826168,them,81,0.04,57.713845471203946,enthusiastic,7,0,night,0,0,dry_texter,1,1
21,59.871621355315085,them,144,0.74,94.97726643824562,dry,1,1,night,0,1,casual,0,1
5,41.76237394922829,me,74,0.2,43.67911391704439,dry,10,1,day,1,0,interested,1,1
19,43.720797217264476,them,11,0.61,83.51558840961918,dry,8,0,day,0,1,casual,0,1
47,43.90972259275934,me,41,0.54,31.54672021814719,dry,0,1,day,1,0,interested,0,1
7,65.35030742318477,me,16,0.64,82.01676635192189,dry,2,1,day,1,0,casual,0,0
20,13.183601067367896,me,5,0.37,65.45832035633539,enthusiastic,1,0,day,0,0,casual,1,0
13,18.17510117895055,me,137,0.64,37.441926728609204,dry,4,0,day,1,1,dry_texter,0,0
41,56.101489712179074,them,172,0.63,67.25184055168046,neutral,4,1,day,1,1,ghoster,0,1
43,17.975681416952693,them,28,0.61,78.98079777349122,dry,8,1,night,0,1,ghoster,0,1
50,59.84035777964249,me,135,0.1,115.83850182626585,neutral,2,0,day,0,0,ghoster,0,1
9,3.0681002742460137,me,100,0.85,54.03281168384852,enthusiastic,5,0,day,0,1,dry_texter,1,0
11,51.83724273265877,me,184,0.98,97.22675508727865,enthusiastic,4,1,night,1,0,interested,0,1
33,46.08605741992457,them,50,0.28,12.057450459305835,neutral,6,1,day,0,1,interested,1,1
8,11.127667915262123,me,155,0.53,8.12385932097261,enthusiastic,8,1,night,1,1,casual,1,0
9,14.43523761747251,me,15,0.31,46.81373354874956,dry,2,1,day,1,1,interested,1,1
7,26.468281719107857,them,117,0.62,84.87192248840037,neutral,8,0,night,0,0,casual,0,1
7,68.1326757439755,them,50,0.27,2.8459346347435517,dry,6,1,night,0,0,dry_texter,1,1
14,71.28926133226388,them,170,0.41,87.3567225012092,dry,9,1,day,0,0,dry_texter,0,1
19,48.37242073383671,me,171,0.33,57.27344382376829,enthusiastic,8,1,night,1,0,ghoster,0,1
18,13.389443446571471,me,24,0.42,25.975148543094583,neutral,10,0,day,1,1,casual,1,1
31,13.958482004355304,me,127,0.97,66.0080282676565,neutral,10,0,night,1,1,dry_texter,0,1
5,35.82281534460711,them,159,0.75,13.746922494368732,enthusiastic,6,1,night,0,1,ghoster,1,1
8,55.32191852554893,them,151,0.08,30.687038951014628,dry,9,1,night,0,1,casual,1,1
30,55.947104262735586,me,91,0.46,119.63399022121557,dry,5,1,day,0,1,dry_texter,1,1
25,57.67559657069683,them,192,0.37,17.695705610396747,enthusiastic,10,1,night,0,1,casual,1,1
40,12.348132553639655,me,13,0.78,20.37356672738732,neutral,9,1,night,0,0,ghoster,0,0
41,31.230941865127434,me,16,0.26,87.79513935952254,neutral,9,1,night,1,0,dry_texter,0,1
2,54.18566022155406,me,45,0.97,66.42391621671516,dry,2,1,day,0,0,interested,1,0
45,64.01279085034136,me,55,0.31,48.59855936709201,enthusiastic,4,1,day,0,0,ghoster,1,1
22,30.621023187596727,them,17,0.28,80.74233385115814,enthusiastic,6,1,night,1,1,dry_texter,1,1
49,67.89967116279053,me,53,0.96,75.49429435232804,neutral,7,0,day,0,1,casual,0,1
40,37.09656687555529,them,39,0.34,70.35980706594489,dry,10,1,night,1,1,casual,0,1
24,22.739719324687318,them,47,0.5,63.63973472815226,enthusiastic,3,0,day,1,0,casual,1,0
42,35.042233833602886,me,88,0.92,47.306810086513174,dry,10,0,night,1,0,interested,0,1
32,14.21502230870207,me,182,0.05,6.7637646765590915,neutral,9,1,day,1,0,casual,1,1
40,13.97999805523036,them,127,0.32,54.35006235084517,neutral,4,1,day,1,1,dry_texter,1,1
16,41.03999960182194,them,85,0.21,27.780457862980924,enthusiastic,5,0,night,1,1,ghoster,0,0
16,48.83135687756135,them,69,0.21,51.44463152284976,neutral,8,0,day,0,0,ghoster,0,1
11,22.503215260092105,them,142,0.93,54.18661467676849,enthusiastic,4,0,night,1,1,dry_texter,1,0
3,22.506595912277835,them,39,0.42,83.89883299079217,dry,8,1,night,0,1,ghoster,1,1
6,0.17658024188450216,them,107,0.87,62.47073128963492,neutral,10,1,day,0,0,ghoster,1,0
39,70.88164265173805,me,54,0.82,100.78524880754236,enthusiastic,10,0,day,1,0,casual,0,0
6,30.57280958318902,them,163,0.35,98.26658303158867,neutral,3,0,night,1,1,ghoster,0,1
27,58.962564803389434,them,102,0.93,33.01944851596048,dry,1,1,day,1,1,interested,1,1
23,62.917909858751955,them,193,0.28,18.70097581109984,enthusiastic,0,1,day,0,1,dry_texter,1,0
27,32.681093726735114,me,71,0.11,37.051471694540346,neutral,5,0,day,1,0,dry_texter,0,1
30,63.84918871641566,me,139,0.19,23.02302796047814,neutral,10,1,day,0,1,casual,0,1
22,71.76486154290501,me,81,0.45,21.43513719778078,enthusiastic,3,0,night,1,1,dry_texter,0,1
8,13.597682058005919,me,135,0.55,56.39209278625391,neutral,9,0,night,1,0,interested,0,0
9,55.10784861864452,them,97,0.82,58.21051878749905,neutral,6,1,night,0,0,dry_texter,0,1
18,57.44054163588268,them,143,0.32,72.14350826557497,enthusiastic,9,0,night,1,1,interested,1,0
22,2.341523406500226,me,194,0.39,49.722573104617574,neutral,7,1,night,1,1,interested,1,1
41,45.72127808351495,me,169,0.48,1.7178210212737464,enthusiastic,6,0,day,0,0,casual,0,1
19,38.26961521112368,them,68,0.57,82.11862710403672,enthusiastic,1,1,night,0,1,ghoster,1,1
4,63.35966018006012,me,107,0.92,107.50954543688326,enthusiastic,3,0,day,1,1,casual,0,1
7,15.100399853035972,them,123,0.64,12.280254002224005,neutral,1,1,night,1,0,ghoster,1,0
34,20.249390795783697,them,23,0.43,103.7636062802544,neutral,8,1,day,0,0,interested,1,0
35,4.869148576139651,them,133,0.11,100.89909513948963,dry,10,1,night,0,1,ghoster,1,1
34,2.3778825171468734,me,56,0.21,88.65004950918701,enthusiastic,6,0,day,0,1,interested,1,0
14,48.253076652324786,them,171,0.12,106.76475611687984,enthusiastic,0,1,day,1,1,casual,1,1
31,13.84050058017013,them,75,0.15,101.3810346692249,neutral,8,1,day,1,1,ghoster,0,1
47,26.378444811654262,me,150,0.53,36.12352834951373,dry,8,1,night,0,1,interested,1,0
28,36.15589608915046,me,82,0.14,103.70605176738988,dry,5,1,day,0,1,casual,1,1
12,25.621288479818087,them,100,0.94,77.2722973117481,neutral,10,1,day,1,0,dry_texter,0,1
19,1.8042090772330583,me,47,0.41,116.42592221505275,enthusiastic,7,0,night,0,0,interested,1,0
40,0.9246689590225543,them,4,0.46,63.59524500517294,neutral,8,0,night,1,1,interested,1,1
27,18.00971261425727,them,168,0.55,80.93671532531445,neutral,10,0,night,1,1,dry_texter,1,1
43,62.5788285470492,me,126,0.24,6.366246874170824,dry,5,0,night,1,0,interested,0,1
38,1.8479795768186742,me,149,0.03,14.585901458985688,dry,2,0,day,0,0,casual,0,1
8,6.281110645420735,me,77,0.51,23.429471180828845,neutral,3,1,night,1,0,dry_texter,0,0
12,5.742762240741109,me,106,0.61,64.76470657791725,neutral,0,0,night,1,0,dry_texter,0,1
20,27.88562703199732,them,57,0.77,25.247221167946496,neutral,9,0,night,1,1,interested,0,1
1,57.510267634831486,them,95,0.7,71.12038519025033,enthusiastic,8,0,day,0,1,ghoster,1,1
36,0.5566797431328103,them,146,0.36,14.510688376603964,dry,5,1,night,1,0,ghoster,0,1
25,33.28659087732815,them,186,0.22,86.99683860504464,neutral,2,0,day,1,1,ghoster,0,1
17,18.557609088649087,me,131,0.05,53.96633619300128,neutral,4,0,day,1,1,interested,0,1
46,57.39441958199784,them,172,0.82,34.514550355532165,enthusiastic,1,1,day,1,1,dry_texter,1,1
23,56.1542473766516,them,184,0.09,72.74424926914092,neutral,4,1,day,1,1,ghoster,0,1
7,54.54501355179839,me,136,0.26,104.69811692473337,enthusiastic,3,0,day,0,0,interested,1,0
2,68.48845818539934,them,107,0.87,42.34908326332744,dry,5,1,night,0,0,dry_texter,0,0
5,3.4063096525188854,them,72,0.39,52.077343157386046,neutral,6,0,night,1,0,ghoster,0,1
48,62.99295694792839,me,167,0.86,94.44586414883699,enthusiastic,5,0,day,1,0,ghoster,0,1
20,34.574464184628084,them,8,0.11,8.26551671745501,neutral,8,0,day,0,0,interested,1,1
48,45.077192713720244,them,187,0.9,72.65524820899479,dry,6,0,day,1,1,ghoster,0,1
15,46.03957551297286,them,184,0.92,13.290750483471722,dry,2,1,day,0,1,dry_texter,0,1
26,39.52677754234935,them,17,0.47,60.35044980254523,dry,2,1,day,0,0,interested,0,0
39,37.2050808820688,me,135,0.21,88.2501125333319,neutral,5,0,day,0,1,ghoster,0,1
50,8.851082449423304,me,127,0.64,93.87457038860609,neutral,1,0,night,1,1,dry_texter,0,1
10,68.22062444388283,me,75,0.11,92.19872835748313,dry,1,0,night,0,0,interested,1,1
18,45.16704810877894,them,76,0.13,80.65363227491696,dry,4,1,day,1,0,interested,1,1
13,21.395395643040533,me,14,0.38,51.27659859615472,dry,4,1,day,0,1,casual,1,1
24,0.8428751613963126,them,138,0.06,118.03581559229812,enthusiastic,4,1,day,0,1,casual,1,0
38,37.83701214382165,them,109,0.5,72.959866915841,neutral,4,1,night,1,1,dry_texter,0,1
24,34.7289991634982,me,42,0.12,19.50408975434158,dry,10,1,day,0,0,casual,0,1
43,51.49526617552025,me,153,0.23,23.224718832648854,enthusiastic,0,0,day,0,1,interested,0,1
42,52.06108738625855,me,58,0.12,39.86754102774629,dry,7,0,day,0,0,dry_texter,0,0
44,63.99413099523953,them,57,0.08,63.843193470025234,neutral,9,1,day,0,0,dry_texter,0,1
17,52.76144239741149,them,189,0.01,56.47550355012154,neutral,2,0,night,1,0,interested,1,1
32,26.474922141346298,me,98,0.94,73.03056427806726,dry,8,1,night,0,0,ghoster,0,1
44,69.47214469180793,me,144,0.85,91.36694446171923,enthusiastic,5,0,night,0,0,interested,0,1
27,54.65210876140148,them,35,0.62,33.43893187702635,dry,2,0,night,1,1,casual,0,1
40,35.691545825219606,them,133,0.99,87.80626405363384,neutral,10,1,night,1,0,ghoster,0,1
18,50.422706273417944,them,109,0.9,72.63616022555928,dry,7,1,day,1,1,casual,0,1
47,61.38984031728146,them,111,0.58,13.779999260591755,dry,0,0,day,1,0,dry_texter,0,1
2,25.599291769271126,them,30,0.39,106.717510068282,dry,5,0,day,1,0,casual,0,1
2,1.3596903704096217,me,146,0.75,17.235948924382495,enthusiastic,2,0,day,0,0,ghoster,1,1
34,4.955845497337766,them,41,0.87,68.12607891430274,dry,2,1,day,0,0,ghoster,1,1
3,26.440203771051323,them,66,0.32,116.78571495540604,neutral,9,0,night,1,0,casual,0,1
30,42.877083781462616,me,156,0.7,87.96430216064218,neutral,10,1,day,0,1,interested,0,0
25,64.2568232592202,me,23,0.57,24.333695812913167,neutral,5,0,day,0,1,dry_texter,1,1
16,41.4189203593436,me,53,0.88,17.02554002150777,neutral,10,1,night,0,0,interested,1,1
16,30.81569282547179,them,57,0.46,61.51107094301229,dry,10,1,day,0,0,ghoster,0,0
5,36.33980950878022,them,51,0.35,72.3704631536844,dry,2,1,night,0,1,casual,1,1
41,5.262853119916571,me,159,0.58,86.4740358336099,enthusiastic,2,0,night,0,1,interested,1,1
21,20.463623493261377,me,40,0.77,94.91137818799115,enthusiastic,0,1,night,0,0,dry_texter,0,0
14,48.085645528851344,me,174,0.06,23.1965057828561,enthusiastic,3,1,day,0,1,casual,0,1
1,8.433835534681869,me,109,0.09,118.27291839675462,enthusiastic,5,0,night,1,1,dry_texter,1,1
27,5.192269606245682,me,123,0.96,91.71583295429461,enthusiastic,4,1,day,1,0,casual,1,0
26,6.810660450723904,them,70,0.43,102.32053784182736,dry,8,0,day,1,1,dry_texter,1,0
49,68.51947004714852,them,125,0.75,49.32457934381182,enthusiastic,1,1,night,1,0,casual,1,1
18,54.81763569315854,me,140,0.54,35.647499926490795,neutral,10,0,day,0,1,dry_texter,0,1
45,11.602710145262343,me,144,0.27,14.380858116458338,enthusiastic,5,1,day,0,0,interested,1,0
20,32.43488726312079,me,148,0.02,90.67866070481033,neutral,7,0,day,1,0,dry_texter,0,1
16,47.98362975119529,me,167,0.09,23.28650472972266,neutral,3,1,day,0,1,ghoster,0,1
4,62.40249060567895,them,94,0.17,111.91146281828775,dry,5,1,night,1,1,dry_texter,0,1
8,29.597077252386132,me,185,0.63,96.70190319465776,enthusiastic,1,0,day,0,1,dry_texter,0,1
34,34.56519240142433,them,104,0.95,41.59318533475705,dry,2,1,night,0,0,dry_texter,0,0
43,24.85402127046006,me,38,0.07,75.00910698031326,neutral,5,1,night,1,1,interested,1,1
11,30.415203902716964,them,22,0.35,76.1456910746174,enthusiastic,6,1,night,0,1,interested,1,0
17,50.42288483558177,them,32,0.33,42.62095835203975,enthusiastic,1,0,night,0,0,ghoster,0,0
38,53.38236754567318,me,15,0.96,3.033784483788197,neutral,8,0,day,0,1,ghoster,0,0
19,66.99029360532346,them,175,0.64,106.9034412849807,enthusiastic,1,1,day,1,0,dry_texter,0,1
10,36.261397204162,them,53,0.82,75.04156247970238,enthusiastic,10,0,day,1,1,dry_texter,0,1
1,35.50051410722216,them,166,0.52,84.8691542193805,dry,3,0,day,1,1,casual,1,1
34,1.9578818302126342,me,97,0.81,17.786182309305733,enthusiastic,6,1,day,1,1,ghoster,1,1
37,9.22944112128624,them,167,0.33,109.83605964962368,dry,3,1,day,1,0,interested,0,1
18,17.318474009207215,me,13,0.03,28.482899994718455,neutral,3,0,day,0,1,interested,1,1
15,5.097029330204955,them,153,0.9,119.84241259394082,neutral,1,0,day,0,0,interested,1,0
36,47.54332006736054,me,131,0.95,89.36115127584625,neutral,0,0,day,1,1,ghoster,1,1
34,12.936112900378443,me,23,0.31,82.09760876619063,enthusiastic,2,0,night,0,0,interested,1,0
44,59.19988811780466,them,90,0.62,27.67510656107973,neutral,7,1,night,1,1,interested,0,1
15,9.244799364207395,me,125,0.63,88.9489608297657,dry,2,1,night,0,1,interested,1,0
15,59.223280071800964,them,136,0.26,67.6133895587898,enthusiastic,8,1,day,1,0,casual,0,0
28,37.8117692169787,them,113,0.87,42.81155831511885,enthusiastic,6,1,night,1,1,interested,1,1
30,55.511518597759284,them,191,0.57,114.3368811111439,dry,7,0,night,0,1,interested,0,0
7,1.8835851635178429,them,120,0.33,50.8264115142862,enthusiastic,6,1,night,1,1,casual,0,1
12,53.69036105642923,me,149,0.45,48.65880643831682,neutral,5,0,night,0,0,ghoster,0,1
18,28.56160094605712,them,170,0.85,46.42479193304043,enthusiastic,0,1,day,0,1,ghoster,1,1
33,31.932953491694576,them,186,0.39,109.77863944229313,neutral,10,1,day,0,1,interested,0,0
31,59.512183508936225,them,123,0.21,4.425587064466552,dry,7,0,day,1,1,dry_texter,0,0
17,58.33509219254064,them,186,0.59,43.86143224403871,dry,4,1,day,0,1,dry_texter,0,1
16,4.855966966675762,me,29,0.89,90.08293147300485,neutral,2,1,night,0,0,dry_texter,1,0
16,44.61284517837057,them,167,0.88,63.728187570950375,dry,6,0,night,0,1,dry_texter,0,1
2,53.14489620667729,me,189,0.81,61.12573746918833,enthusiastic,9,0,night,0,1,dry_texter,0,1
5,39.08995369244809,them,83,0.77,82.93335055594697,dry,0,1,day,1,0,ghoster,0,1
38,42.69085663513419,them,190,0.26,20.603048719888154,dry,6,1,day,0,1,ghoster,1,1
40,49.01402539355314,them,165,0.99,8.401504377369164,enthusiastic,8,1,day,0,0,ghoster,1,1
47,60.403875169830116,me,66,0.66,42.704809408895194,enthusiastic,4,1,day,0,1,interested,0,1
33,42.15505365876703,them,92,0.71,97.52142607047622,dry,7,0,night,1,0,interested,0,0
30,11.881664564529231,me,121,0.25,76.39318182308183,enthusiastic,6,0,day,1,1,interested,1,1
25,45.23646311906954,me,114,0.67,105.57894857969725,neutral,4,1,day,1,0,ghoster,0,1
50,0.17178849044783107,them,116,0.54,81.1231758994088,dry,1,0,day,0,0,dry_texter,0,1
6,4.269352400299715,me,150,0.81,26.116440834705738,enthusiastic,0,0,night,1,0,dry_texter,0,0
21,42.534397266108385,me,146,0.49,25.415440438489107,enthusiastic,9,1,night,1,1,interested,0,1
7,41.56198598829093,me,63,0.34,92.71875068488666,enthusiastic,0,1,day,0,1,interested,1,0
49,48.0409900151849,me,200,0.98,62.72300540072023,dry,7,1,night,0,0,dry_texter,1,0
32,47.23100446551021,me,31,0.63,46.55412331641839,neutral,2,1,night,1,1,ghoster,0,1
50,5.210685626076504,them,174,0.25,85.7092165487749,dry,0,1,day,1,1,ghoster,0,1
48,51.30815133226219,me,191,0.88,12.71954239552087,neutral,10,0,night,1,0,dry_texter,0,1
13,44.38917499928497,them,157,0.27,43.11446055272173,dry,5,0,day,1,0,casual,0,1
45,5.2893198886917645,them,86,0.91,32.47366498702482,dry,3,0,day,0,1,interested,0,0
10,61.33970643309179,them,109,0.37,16.85192099638548,neutral,8,1,day,0,1,dry_texter,0,1
13,28.885105538752583,them,66,0.73,52.09731898298969,dry,2,1,night,1,1,dry_texter,0,1
48,36.45321155550837,me,64,0.12,31.974303433813727,enthusiastic,2,0,night,0,1,interested,1,1
15,6.682024939886526,me,146,0.06,40.750206052670016,neutral,8,1,day,0,0,dry_texter,1,1
43,33.665331591113286,me,39,0.27,67.50900290354743,enthusiastic,10,0,day,0,1,dry_texter,0,1
23,35.66481610897867,me,151,0.62,91.73134938364322,dry,6,0,night,0,1,interested,0,0
36,66.95343785999559,me,178,0.75,115.07165608053414,enthusiastic,0,1,day,0,1,casual,1,1
13,49.18225468849684,them,62,0.32,110.52299730101683,neutral,9,1,day,1,1,interested,1,1
36,17.68262233105454,them,20,0.39,46.091124262936376,neutral,6,1,night,1,1,ghoster,0,1
47,17.655458056570126,me,91,0.95,18.113469167235188,enthusiastic,9,0,night,0,1,ghoster,0,1
49,25.899308100243882,them,127,0.08,79.86227972531948,enthusiastic,5,0,night,0,0,interested,1,1
47,53.72578325567316,them,114,0.57,117.97076976916154,enthusiastic,0,1,day,1,0,ghoster,0,1
23,49.46270061284196,me,6,0.75,105.44601601516413,enthusiastic,0,1,night,1,0,dry_texter,1,1
21,5.9825974086144065,them,51,0.35,60.144549224504885,dry,8,1,day,0,1,interested,1,1
39,39.357970008870794,me,19,0.39,15.534529331290118,enthusiastic,9,1,day,1,0,ghoster,0,1
48,2.45755444945652,me,15,0.06,4.553439407868108,neutral,3,1,day,1,0,casual,1,1
11,28.156669853983157,them,71,0.22,97.94463807392114,dry,7,1,night,1,1,casual,0,0
47,32.25450711575788,me,174,0.13,110.49631172386086,dry,3,0,night,1,0,ghoster,0,1
37,43.52898790769576,me,165,0.04,109.27020076165445,dry,10,1,night,0,1,dry_texter,0,1
34,69.58559245420199,me,72,0.06,108.99167679326904,neutral,3,0,day,1,1,ghoster,0,1
2,19.272012393132652,them,191,0.92,71.19141148993579,enthusiastic,7,1,day,1,1,dry_texter,1,1
9,14.98059863358587,me,50,0.03,63.01916707565661,enthusiastic,3,1,day,1,1,ghoster,1,1
29,65.28757059988425,me,63,0.24,17.141463699927,neutral,8,0,day,0,1,interested,1,1
47,33.423411496573564,them,50,0.76,113.38819479583246,dry,4,1,day,1,1,casual,0,1
43,36.114106899937724,me,140,0.84,2.732705812272233,dry,5,0,night,1,1,ghoster,0,0
37,15.151670530463818,me,120,0.31,92.59587597497901,dry,0,1,day,0,1,dry_texter,0,1
7,16.517979549740396,me,134,0.19,79.70320558251947,neutral,4,0,night,0,1,interested,1,1
22,38.72399328077786,them,105,0.59,15.87378049588562,dry,6,1,night,1,0,ghoster,0,1
49,43.817357118073154,them,24,0.44,45.704947899229616,neutral,9,1,day,1,1,interested,0,1
12,45.563586111444906,them,112,0.25,51.65711182402888,neutral,1,1,night,0,0,casual,0,1
21,56.65093813884441,them,1,0.33,91.2137098272239,enthusiastic,7,1,night,1,0,dry_texter,1,1
48,48.92028272004355,me,92,0.44,58.934944183047904,enthusiastic,3,1,day,0,0,casual,0,0
19,25.42509017522284,me,155,0.43,75.80989095979001,enthusiastic,2,0,day,0,0,casual,1,0
6,9.788301517071037,them,142,0.77,23.92674959137899,neutral,8,0,night,1,0,dry_texter,0,1
1,14.07747602349713,them,187,0.17,68.6688795831638,dry,9,1,night,0,0,ghoster,0,1
11,41.92159261535469,them,167,0.42,75.02343315303276,dry,1,0,day,0,0,ghoster,0,1
49,11.08242140596742,them,131,0.95,67.36695084744987,dry,6,1,night,0,1,ghoster,0,1
6,69.25478012251503,them,78,0.99,43.96276292550417,enthusiastic,7,0,day,1,1,interested,1,1
7,3.6001138252636498,them,158,0.45,49.7409079221423,neutral,4,0,day,1,1,ghoster,0,1
20,36.629386136373526,them,68,0.15,86.16851796778745,enthusiastic,9,1,day,1,1,casual,0,1
43,47.16831857427334,me,23,0.14,23.313802113213676,neutral,2,0,day,1,1,ghoster,0,1
15,22.69789814461859,me,60,0.35,57.76903787775038,dry,3,1,day,0,1,ghoster,1,0
7,42.790663095183476,them,104,0.24,102.83851817163328,enthusiastic,3,1,night,1,1,casual,1,1
38,19.49932983436022,them,198,0.8,118.22068948110055,enthusiastic,7,1,day,1,1,interested,1,1
46,13.614499087934016,me,112,0.62,112.9310817689299,dry,5,1,night,1,0,ghoster,0,1
8,10.640982003757143,me,144,0.61,3.2928069110515215,enthusiastic,2,1,day,0,0,interested,1,0
4,40.35350454708623,them,42,0.6,89.87571702530953,neutral,10,1,day,0,0,interested,1,0
23,26.914058452625056,me,139,0.2,78.8988473692182,enthusiastic,5,1,night,0,1,ghoster,0,1
16,44.234622590508266,them,200,0.14,119.45594560601248,enthusiastic,4,1,night,0,1,casual,1,1
36,26.563293853425783,them,117,0.73,62.55841262918093,neutral,9,1,day,0,0,dry_texter,0,0
37,34.88812773846043,me,76,0.88,97.42280065886123,enthusiastic,1,0,day,0,0,interested,1,0
42,68.79753468508936,me,146,0.27,110.84962065923968,dry,1,0,day,0,1,interested,0,1
32,17.824941602874798,them,64,0.82,69.11172924301314,enthusiastic,8,1,day,1,0,ghoster,1,1
45,12.947071825092497,me,51,0.16,44.39662643239905,neutral,4,0,day,0,1,casual,0,1
7,49.201272895965374,me,197,0.88,49.47565303673812,neutral,5,0,day,0,1,ghoster,0,1
15,50.98414579362747,them,58,0.66,63.09962989716512,neutral,7,1,day,0,1,interested,1,0
29,36.40219131137907,them,176,0.97,7.214578166220424,neutral,7,1,night,0,0,interested,1,1
41,40.191984734556335,them,106,0.58,66.13106936032332,enthusiastic,4,1,day,0,1,ghoster,1,1
34,4.840264896356255,me,124,0.22,10.05613033748773,dry,5,0,day,1,1,casual,1,1
15,58.48446854835247,me,158,0.68,76.75047568542199,dry,6,1,night,1,1,dry_texter,1,0
22,1.3169911536101502,them,49,0.03,45.42069045875409,enthusiastic,9,1,night,0,1,casual,1,0
37,53.407185725102714,them,18,0.32,80.87095055867911,dry,0,1,night,1,1,dry_texter,0,1
39,34.96603625387868,them,108,0.95,74.0627333188124,dry,4,1,night,0,1,ghoster,0,1
36,46.77120153656073,them,52,0.11,109.08324272246759,dry,4,0,day,0,0,casual,1,1
25,24.43934174001551,them,80,0.86,103.74431413615444,enthusiastic,0,0,night,1,0,ghoster,0,1
12,17.67051027810049,me,33,0.11,54.6162300770223,neutral,4,0,night,0,1,interested,1,0
30,35.166368337233344,me,104,0.93,25.89400971322945,neutral,3,1,night,1,0,dry_texter,0,1
32,37.61350210477587,me,124,0.46,5.173780299331417,neutral,6,0,day,0,0,ghoster,0,1
19,56.06375070822782,me,192,0.71,39.20305459966338,neutral,4,0,day,1,0,ghoster,0,1
10,69.01635826200794,them,141,0.53,119.52780683448269,dry,7,0,night,1,0,casual,0,1
25,3.253683451050354,me,163,0.08,84.89514206771604,neutral,10,0,night,1,1,interested,1,1
20,36.07027916240525,them,44,0.95,22.6488715814283,neutral,0,1,day,0,1,dry_texter,0,1
11,37.48186673845102,me,67,0.43,6.966704085280499,dry,6,1,night,1,1,ghoster,0,1
12,30.30450032222184,them,148,0.55,23.188288549619188,enthusiastic,1,0,night,1,0,dry_texter,1,1
4,12.118864815391863,them,32,0.88,108.75806924313859,dry,5,0,night,0,0,casual,0,1
1,69.70363195074667,them,127,0.42,48.55955133981357,enthusiastic,10,1,night,0,1,interested,1,0
3,67.29246392700782,me,147,0.63,20.586134960099486,dry,6,0,day,1,1,dry_texter,0,1
46,24.948962710239858,them,27,0.85,78.667053383851,neutral,5,1,night,1,0,ghoster,0,1
18,11.741142923137033,me,200,0.01,75.56720905945345,dry,6,0,day,0,0,dry_texter,0,1
29,39.78016621850884,me,23,0.64,84.91438617536988,enthusiastic,0,1,night,1,0,ghoster,0,1
43,67.24103693055895,me,178,0.79,106.74062564916031,enthusiastic,9,0,night,0,1,interested,1,1
24,3.395800377329376,them,98,0.7,43.91708633188331,enthusiastic,8,1,night,1,0,casual,1,1
40,27.105630569400983,me,119,0.12,38.86546909351239,neutral,9,1,night,1,0,dry_texter,0,1
43,7.3094523642178375,me,150,0.3,110.91549715575707,enthusiastic,4,0,night,1,1,ghoster,0,1
24,13.204240320310216,them,51,0.22,7.734141219818618,enthusiastic,0,1,day,1,1,casual,0,1
41,28.787781139316913,them,125,0.7,9.0066111914093,neutral,7,0,night,1,0,ghoster,0,1
2,34.240565437823655,me,2,0.43,30.706988929356566,dry,6,0,day,0,0,casual,1,0
11,1.1946411451290242,them,144,0.21,46.57825273237772,neutral,6,0,day,1,0,ghoster,0,1
9,47.87682541226101,me,180,0.7,52.42083141095294,neutral,7,0,day,1,1,interested,1,0
40,53.79316516464434,me,145,0.7,40.503977640258285,neutral,5,1,day,1,1,ghoster,0,1
45,31.316249557927133,me,149,0.33,113.1117136937331,neutral,3,1,day,1,0,dry_texter,0,1
26,28.030997732676152,me,1,0.23,102.95290771441645,enthusiastic,0,0,night,1,1,ghoster,0,1
10,19.170640733455166,me,16,0.38,117.58041709890387,dry,9,0,night,1,1,casual,1,1
12,42.66819223320925,me,139,0.04,2.634867249804665,neutral,1,0,night,0,0,dry_texter,0,1
45,40.245818509414036,them,131,0.97,5.622371630293113,dry,3,0,night,1,1,ghoster,0,1
2,44.98838651429901,them,168,0.29,91.53802675333293,neutral,10,1,day,0,0,dry_texter,0,1
39,54.95626609272401,them,101,0.18,36.97468089283202,enthusiastic,10,0,day,0,0,interested,0,1
32,2.0911929940736798,me,135,0.68,109.80018235648213,enthusiastic,7,1,day,0,1,interested,1,0
15,15.707317808569986,me,78,0.66,29.430609998836633,enthusiastic,9,1,day,0,1,interested,1,0
23,52.51704766396702,them,153,0.17,40.10792363816922,enthusiastic,5,0,day,0,0,ghoster,0,1
48,67.70050243699006,me,169,0.91,60.90811175464263,neutral,4,0,day,1,1,ghoster,0,1
14,33.997724388155504,them,166,0.11,101.80863215576878,dry,2,0,night,0,1,ghoster,0,1
8,70.52284542502163,me,200,0.99,6.56256377599852,neutral,8,1,night,1,1,interested,0,1
32,13.070606502004832,them,58,0.0,15.81548226101619,enthusiastic,10,0,night,1,0,ghoster,1,1
14,34.584513488929005,them,48,0.48,2.3785506609879565,enthusiastic,1,1,day,1,0,ghoster,1,1
29,24.478944915281566,me,169,0.67,48.53299454036709,dry,2,1,night,1,0,casual,0,1
33,6.126788615427853,me,124,0.55,18.010060144063278,enthusiastic,3,1,night,1,0,casual,1,0
37,35.376069912197465,me,41,0.1,14.442996281750656,dry,10,1,day,1,0,interested,0,1
29,67.83675412278969,me,64,0.28,80.04414240949697,dry,5,1,day,0,0,ghoster,1,1
14,30.336914428896915,them,198,0.6,71.03771003591434,neutral,6,1,night,1,0,casual,0,1
24,52.45849493078275,me,25,0.25,67.51652778399463,neutral,1,0,night,0,0,interested,1,1
32,56.36096142181282,me,84,0.21,62.812980548220956,enthusiastic,9,0,night,1,1,ghoster,0,1
21,40.22676425942053,me,189,0.44,105.60458771315926,neutral,6,0,day,1,1,interested,0,1
49,61.358376566853245,them,92,0.2,4.427367041686015,dry,5,1,day,1,1,casual,0,1
48,8.17679230319082,me,194,0.93,45.57139323900812,enthusiastic,5,0,night,1,0,interested,1,1
19,45.45061092030991,me,147,0.68,63.57754623244758,neutral,0,1,night,0,0,dry_texter,0,0
25,59.655004877603204,them,86,0.75,27.137524780643183,neutral,5,1,night,0,1,dry_texter,0,1
10,61.25392394641057,them,43,0.24,87.51960481395423,enthusiastic,3,0,night,0,1,ghoster,0,0
47,32.62561108425305,them,111,0.01,59.06478642727073,enthusiastic,8,1,day,0,0,dry_texter,1,1
47,5.754011877661564,me,22,0.75,34.83309221026533,dry,4,0,day,1,0,casual,1,1
1,12.08073783297109,me,116,0.71,14.904840651702202,enthusiastic,5,1,day,1,0,dry_texter,0,0
22,23.463119374261254,me,179,0.75,29.836668624064373,neutral,6,1,day,0,0,ghoster,1,0
24,64.54358464023494,me,25,0.91,101.94576379950085,dry,1,1,night,1,0,interested,0,1
44,31.417455287028126,them,125,0.88,55.21977398324623,neutral,2,1,day,1,0,casual,0,0
38,69.04856451382867,them,115,0.32,98.47314234097642,enthusiastic,8,0,day,0,0,interested,1,1
12,15.467919797164186,them,164,0.33,81.06761141796248,dry,8,1,night,0,1,ghoster,0,1
19,60.15208509476216,them,106,0.99,85.74668263673001,dry,0,0,day,0,1,ghoster,0,1
1,69.31889626963272,them,121,0.95,81.21151242340362,enthusiastic,10,1,night,1,0,interested,0,0
16,49.56670612118896,me,192,0.34,80.0575307410904,neutral,1,1,day,0,1,casual,1,1
49,15.412796746634971,them,90,0.29,66.04151663329792,enthusiastic,3,1,night,0,0,casual,1,1
21,13.838256194819056,me,199,0.66,51.09345317923678,enthusiastic,2,1,night,1,0,casual,1,1
27,14.145602105305834,me,122,0.49,80.90024612270966,dry,0,0,day,0,0,casual,0,1
30,21.079148308669076,me,183,0.8,72.14585073360581,neutral,6,1,night,1,1,interested,1,1
2,30.306744811306736,me,47,0.5,29.750792054849445,enthusiastic,6,0,night,0,1,dry_texter,0,1
26,36.57604090381769,me,82,0.73,107.19825099714457,enthusiastic,1,0,day,0,1,casual,1,0
9,10.121207565957477,me,174,0.42,12.30633802133318,enthusiastic,2,1,night,1,1,interested,1,0
13,63.00852979834673,them,43,0.56,56.474797050924614,dry,3,0,day,1,1,casual,0,1
18,57.56001039829435,them,3,0.15,113.46494082196217,neutral,5,1,day,0,0,casual,1,1
41,42.99132243724135,them,101,0.92,8.078124607580564,neutral,0,0,night,0,0,casual,0,1
23,48.65354676550194,them,147,0.11,4.407528088962842,enthusiastic,3,0,day,1,1,dry_texter,0,1
3,35.3648298245929,me,147,0.95,63.45958186269547,neutral,10,1,day,1,0,interested,0,0
24,22.805088259508302,them,176,0.44,37.25251575816426,neutral,8,0,night,0,1,interested,0,1
13,42.36947067948501,them,46,0.46,109.54047067419026,neutral,10,0,day,1,0,ghoster,0,1
1,10.294177368214271,me,69,0.61,80.23168104911765,enthusiastic,6,1,day,0,1,ghoster,0,1
16,27.390412733888606,them,11,0.46,68.10198789558324,dry,1,0,day,0,0,casual,0,0
42,31.664772412190043,me,90,0.73,114.36349306125982,dry,2,0,night,1,0,interested,0,0
4,24.04764976941166,me,57,0.94,47.27004752896499,enthusiastic,7,0,day,0,1,interested,1,1
6,52.42429995795074,me,6,0.6,91.8939096598595,neutral,6,1,day,0,1,casual,1,1
31,7.272263099419425,them,179,0.07,50.43850658420892,neutral,7,0,day,1,1,ghoster,0,1
11,66.1876892239365,me,169,0.36,50.639202548987896,enthusiastic,10,1,day,0,1,ghoster,1,1
29,64.96096117367892,them,119,0.83,106.48791374949407,enthusiastic,5,1,day,1,1,casual,0,1
39,44.71417757941056,me,146,0.08,58.84189072289238,dry,10,0,day,1,0,casual,0,1
35,2.0830976751468437,them,156,0.16,29.21231336523361,dry,1,0,night,0,1,ghoster,0,1
16,58.42142593070465,them,77,0.52,58.30673267568795,enthusiastic,4,0,night,0,1,casual,1,1
25,22.272278969997952,them,197,0.19,34.89595562572251,neutral,2,0,night,1,1,dry_texter,1,1
15,7.1877976246577555,me,2,0.85,109.17363784540434,dry,0,1,day,0,1,ghoster,0,1
23,14.115348870749418,them,13,0.23,42.88617702545729,neutral,0,0,day,0,0,ghoster,0,0
25,60.12748350273031,them,57,0.58,28.973474914986404,enthusiastic,4,0,night,0,0,interested,1,0
24,62.82807798782886,them,33,0.82,61.56770623188749,enthusiastic,8,0,day,1,0,interested,1,0
39,67.13640429936827,them,86,0.47,36.30997423810106,dry,5,0,day,0,1,interested,0,0
32,67.07429242405783,me,40,0.85,62.141610119951025,neutral,4,1,night,1,1,ghoster,0,1
25,66.26882539915026,them,65,0.47,70.51594105621,neutral,4,0,night,1,0,ghoster,0,1
25,8.768757948911665,me,12,0.99,94.01439726007466,neutral,1,0,day,0,0,casual,0,0
44,38.49025550866834,them,36,0.58,8.840964448133489,neutral,6,0,day,0,0,interested,0,1
7,53.42836703209542,them,189,0.03,98.45756849027433,neutral,5,0,night,0,0,casual,0,1
28,32.58113275729104,them,8,0.31,59.888041206894414,neutral,4,0,day,1,1,dry_texter,0,1
7,51.505018691553516,them,6,0.82,88.57370756169936,enthusiastic,4,1,day,0,0,dry_texter,0,1
44,18.89096522148777,me,178,0.67,23.429261522707876,enthusiastic,8,0,day,0,1,interested,1,0
38,16.103427170703355,them,14,0.85,64.98290400514426,enthusiastic,1,1,night,1,1,dry_texter,1,1
38,33.82462212901284,them,59,0.23,36.476209191536206,neutral,1,0,day,1,0,dry_texter,0,1
10,12.03083663628925,them,165,0.5,8.042364629616912,dry,10,0,day,1,1,casual,1,1
19,13.674135816598932,them,143,0.96,101.8902730392346,dry,1,0,day,1,0,interested,1,1
37,39.98319922773393,them,96,0.58,42.911620145679095,neutral,1,1,day,0,0,dry_texter,0,1
28,8.451136586170167,them,165,0.32,39.8704954885117,neutral,3,1,day,1,0,interested,1,0
19,58.252841273434484,me,68,0.52,45.57665723977154,dry,5,1,night,0,1,dry_texter,0,1
18,35.130040806452186,them,55,0.05,119.8794807031887,enthusiastic,5,0,night,0,1,casual,1,1
10,42.018680520165994,them,170,0.47,96.41577222693219,neutral,8,1,day,0,1,interested,1,1
11,26.557781724556413,me,71,0.93,48.84414875464936,enthusiastic,7,1,night,0,1,ghoster,0,0
5,35.67904829648319,me,30,0.82,51.62433393666326,enthusiastic,4,1,day,0,1,ghoster,1,1
1,45.32335547753891,me,180,0.53,95.53587068871192,enthusiastic,3,1,night,1,1,ghoster,0,1
22,49.93853759579133,me,161,0.98,104.99216771951085,dry,3,1,night,1,1,casual,0,1
19,8.544390034179667,them,3,0.25,10.916273239674082,neutral,9,0,day,0,0,casual,0,0
32,69.81931572591876,me,65,0.21,100.45749119929029,dry,8,0,night,1,0,interested,0,1
41,59.4848371081945,them,111,0.48,95.77807907318908,dry,4,1,night,0,1,interested,0,1
47,62.85457300180042,me,142,0.61,2.936602316535102,dry,0,1,day,1,1,dry_texter,0,1
22,39.32354473545951,me,49,0.28,46.292334317155614,neutral,4,0,day,0,0,interested,1,1
19,25.78016201793934,me,104,0.46,58.07196867312848,dry,2,1,day,0,0,ghoster,0,1
15,6.773572872699389,me,45,0.92,90.14496517445363,dry,2,0,day,1,0,ghoster,0,1
18,45.43261948170553,them,145,0.71,12.51235647473107,neutral,3,0,night,0,0,interested,0,0
44,53.785312536041445,them,189,0.95,8.61305676677759,neutral,2,0,night,0,0,casual,1,1
31,56.6512247022536,me,115,0.4,25.458640516194638,neutral,0,0,night,1,0,casual,0,1
29,21.63101167672297,me,90,0.35,85.02774248050744,enthusiastic,6,0,night,0,0,dry_texter,0,0
6,56.702304700992066,me,7,0.32,112.36549703161624,neutral,10,1,day,1,1,dry_texter,0,1
37,34.584549773030254,them,68,0.33,15.398292754684913,neutral,8,1,day,1,0,interested,0,0
41,5.739525159892272,me,171,0.54,95.96436712405487,enthusiastic,0,1,day,1,0,ghoster,1,1
12,12.10731135228734,them,47,0.97,20.750347390734294,enthusiastic,3,0,night,0,0,casual,1,0
13,19.26728642900746,me,116,0.25,85.16377590320656,neutral,2,0,day,0,1,interested,1,1
37,34.69853137136464,me,68,0.14,53.18201498657343,dry,4,1,day,0,1,dry_texter,0,1
34,36.617026013266,them,32,0.28,82.84793851777219,neutral,3,0,night,1,1,interested,0,1
49,20.84036784573172,them,111,0.34,84.25343805658007,enthusiastic,10,0,night,1,0,interested,1,0
45,10.94924535521271,me,6,0.47,40.79262404163385,enthusiastic,1,0,night,1,0,ghoster,1,1
23,16.13111670437216,me,67,0.64,52.40305697442882,enthusiastic,2,0,night,0,0,ghoster,0,1
43,43.137735452706025,me,128,0.07,93.42848671049008,enthusiastic,6,0,day,0,0,dry_texter,1,1
17,41.61953985654858,me,74,0.12,36.43600204660066,neutral,0,0,night,1,1,casual,0,1
50,44.80315696907885,them,193,0.85,38.888767258582064,dry,0,1,day,1,1,interested,0,1
27,17.135827262500385,them,71,0.97,94.78022253430501,dry,8,0,day,1,1,dry_texter,1,1
7,55.58611803251998,them,166,0.6,109.96751046455654,neutral,8,0,night,0,1,ghoster,0,0
18,51.017449697812225,me,157,0.13,11.344476238292398,dry,0,1,day,1,1,dry_texter,0,1
37,21.173351951897597,me,159,0.26,109.44394253566558,neutral,7,1,night,1,1,casual,1,1
34,13.983439245812864,them,9,0.58,82.58117012007291,neutral,1,1,night,0,1,interested,0,0
18,68.27704218907806,me,83,0.2,49.596892287599275,dry,9,1,night,1,1,interested,0,1
40,15.574614511137925,me,182,0.92,41.83457337941566,neutral,9,0,night,0,1,dry_texter,0,0
5,14.165899490242595,them,127,0.44,29.883520688893025,enthusiastic,10,0,night,1,1,interested,1,1
11,70.14174460356199,them,54,0.35,76.23868572388473,enthusiastic,0,0,day,0,1,casual,0,1
37,20.588425178209512,them,14,0.0,4.546626298343766,neutral,7,1,night,1,0,interested,1,1
44,63.61245725107111,me,81,0.13,69.07652284255445,neutral,4,1,day,1,0,interested,0,1
2,48.07128822609651,me,86,0.69,78.35299415875052,neutral,5,1,night,1,1,ghoster,0,1
10,42.717226919697694,them,49,0.19,27.01821314250972,dry,1,0,day,0,0,dry_texter,1,1
48,44.2544507370625,me,130,0.43,20.535638776598038,neutral,6,1,night,1,0,interested,0,1
32,57.34173195909812,me,66,0.91,96.65162135215192,enthusiastic,10,1,day,0,0,casual,1,1
34,10.418238873296385,them,54,0.48,66.99968564563888,dry,8,0,night,1,0,casual,1,0
11,5.437190855540235,them,182,0.42,51.498557088969335,enthusiastic,7,0,day,1,0,ghoster,1,1
12,40.89137497524784,them,58,0.13,83.40932574438783,neutral,1,0,night,0,0,dry_texter,0,1
8,61.0562677940764,me,47,0.79,44.78889576181697,neutral,0,1,day,1,0,dry_texter,1,0
45,42.23063692568063,them,104,0.81,60.69647303167386,neutral,0,0,night,1,1,casual,0,0
4,29.04380705397883,me,105,0.5,61.48518799101918,dry,3,1,night,0,1,ghoster,0,1
24,23.13184907830891,me,114,0.98,95.63692151547865,enthusiastic,4,1,day,0,0,interested,1,0
37,7.568979328888843,me,85,0.86,50.54008724399513,enthusiastic,8,0,night,1,1,ghoster,1,1
39,39.73461807904378,them,65,0.65,45.3166913788729,dry,7,1,night,0,1,interested,1,1
50,58.83338283770177,them,37,1.0,49.07762235156097,dry,5,1,day,1,0,casual,1,1
35,22.930198477909055,them,87,0.82,84.10396583175245,neutral,6,0,night,1,0,ghoster,0,1
8,36.49148451414064,me,166,0.25,20.321650973178073,dry,5,0,day,1,0,casual,0,1
44,53.12817591166757,them,60,0.48,86.35735217051175,neutral,10,1,day,0,1,interested,1,1
9,46.553296202041516,me,183,0.26,62.051115647365116,dry,10,1,night,1,1,dry_texter,0,0
39,51.0260000746113,them,17,0.72,20.687031083434455,neutral,2,0,day,0,1,ghoster,0,1
18,0.254574221052013,me,11,0.98,34.136088032024354,enthusiastic,6,1,day,1,1,interested,1,0
21,14.49767372322978,me,12,0.62,112.80417536149139,neutral,8,1,day,0,1,dry_texter,1,1
26,28.48648251022125,me,12,0.69,66.77496771604021,dry,5,1,day,1,0,interested,0,1
8,53.23266113378481,them,187,0.4,115.80571397469971,dry,6,0,night,0,0,dry_texter,0,0
43,32.84649668538909,them,90,0.3,72.65304250778122,neutral,2,1,night,1,0,interested,1,1
44,56.89493960767289,them,161,0.87,47.1807409093708,neutral,9,1,night,1,0,ghoster,0,1
8,55.931793754519745,them,111,0.35,102.36384162308146,enthusiastic,6,0,day,0,1,interested,1,1
38,35.956424551481874,me,193,0.5,117.40303864324751,enthusiastic,4,0,night,1,0,ghoster,0,1
28,17.120975925356575,them,21,0.81,72.73102362904768,enthusiastic,0,1,day,0,1,interested,1,0
50,0.7770702677201129,me,25,0.26,11.510374572679686,dry,10,1,night,0,1,interested,0,0
17,2.9789302321711375,me,169,0.84,3.9739195943531307,neutral,3,0,day,1,0,ghoster,0,1
11,0.8408879119118309,them,21,0.17,12.755225911731879,dry,10,1,day,0,1,interested,1,0
41,23.931363446495705,me,196,0.74,102.65350876606912,enthusiastic,7,0,day,1,0,casual,1,0
14,51.65431449348681,them,89,0.14,90.48722814477777,neutral,7,1,night,0,0,ghoster,0,1
15,45.17824420422982,them,22,0.88,70.31615003295016,enthusiastic,0,1,night,1,0,ghoster,0,1
23,20.619598675079857,them,11,0.59,57.911429790812235,dry,8,0,night,0,0,dry_texter,1,1
7,20.647576626427913,them,20,0.98,114.70840583001615,enthusiastic,5,1,day,1,0,dry_texter,1,0
26,62.60892416382151,them,61,0.08,57.849079373463326,enthusiastic,1,0,day,0,1,interested,1,1
11,15.495811716986506,me,148,0.76,51.647264300378666,enthusiastic,0,0,night,1,1,dry_texter,0,0
10,68.56276786997383,me,53,0.4,60.784907861675265,neutral,0,1,night,0,0,ghoster,0,0
31,40.52703159420494,them,138,0.84,9.950700875438395,dry,2,1,night,0,0,interested,0,1
25,10.60358080514588,me,129,0.67,100.72317043044168,enthusiastic,6,0,day,1,0,dry_texter,0,0
32,59.04541964932565,me,79,0.59,99.01531715645618,dry,6,1,day,0,0,interested,1,1
15,40.77639134310478,me,132,0.35,103.5925003699046,neutral,9,1,day,0,1,dry_texter,0,1
32,23.201249123486644,them,183,0.95,101.81371909769575,neutral,4,1,day,1,1,interested,1,0
30,65.87677797519258,me,55,0.01,48.928851600580195,neutral,6,0,day,0,1,interested,1,1
18,40.4866181663991,me,89,0.46,5.887590416352501,dry,7,0,day,1,0,ghoster,0,1
28,55.88424269666808,me,165,0.7,34.32546575123328,neutral,3,0,night,1,0,interested,1,1
5,57.46751170232794,me,3,0.66,10.409755674067634,neutral,1,0,day,1,1,casual,0,1
10,39.32128457163641,them,196,0.34,75.42069890691515,neutral,5,0,day,0,1,dry_texter,0,0
47,68.70810915847042,me,72,0.4,54.860560231200914,enthusiastic,4,1,night,0,0,ghoster,0,1
29,52.955099178948345,me,69,0.17,65.98838447614108,neutral,1,0,day,1,0,ghoster,0,0
36,7.506694518761003,me,153,0.88,6.574839898922033,dry,10,1,night,1,1,ghoster,1,1
41,59.58381671312365,me,194,0.05,112.32518227647999,dry,3,0,night,0,0,dry_texter,0,1
16,69.44146566231353,them,198,0.68,47.490472745128024,dry,9,0,night,1,1,ghoster,0,1
45,18.72721700908041,them,24,0.14,102.2856961695845,dry,9,0,night,0,0,interested,1,1
31,34.4284958310326,them,73,0.42,21.60467795602283,neutral,0,1,day,1,0,casual,0,0
27,35.32009619495517,them,176,0.82,60.10806044271702,enthusiastic,8,1,night,0,1,interested,1,0
44,7.228454286383485,me,24,0.36,19.258706330341678,enthusiastic,3,0,day,0,1,interested,1,1
7,64.50422377300048,them,24,0.14,1.7331132918551153,neutral,6,1,day,1,1,dry_texter,0,1
29,27.632680730887067,them,10,0.34,53.016421565697854,neutral,7,0,day,1,1,ghoster,0,1
31,59.16055696001167,them,21,0.7,83.91851111588007,enthusiastic,6,0,day,1,0,interested,0,0
45,12.090861352485412,them,140,0.55,95.02024064717266,enthusiastic,1,1,day,1,1,interested,1,0
29,31.25248976592519,me,61,0.78,43.85386494725286,dry,5,0,day,1,1,casual,0,1
15,36.27670047042254,them,143,0.97,56.0930744464892,neutral,1,1,night,0,1,casual,0,1
30,1.5189750038195537,them,62,0.42,114.98965066706575,neutral,9,1,day,0,1,dry_texter,0,1
19,41.80631243255813,me,137,0.94,56.12632148200991,dry,5,0,day,1,0,ghoster,0,1
44,29.41329332335023,them,147,0.34,72.41802679936893,enthusiastic,1,1,night,1,1,interested,1,1
4,56.32568733912061,me,52,0.4,4.42399827312887,neutral,0,0,night,1,1,dry_texter,0,1
47,35.93358291511849,me,194,0.32,119.8560647019914,dry,10,0,night,1,1,ghoster,0,1
43,48.01823004867315,me,13,0.69,115.16642167240008,dry,10,0,day,0,1,casual,0,1
23,62.25626775011078,me,20,0.53,45.80387593094124,neutral,7,1,day,1,1,dry_texter,0,1
23,71.03164608498363,them,139,0.98,60.601129000154785,neutral,3,0,night,1,1,casual,0,1
4,17.723205434587356,them,78,0.55,12.814906369574961,neutral,4,1,night,0,0,interested,1,0
19,0.8152341976967072,me,120,0.82,107.27646342110779,neutral,5,0,night,1,1,dry_texter,0,1
37,43.058138414866065,me,133,0.19,70.30816468805362,enthusiastic,5,1,day,1,1,interested,0,1
2,21.34170030260688,me,91,0.67,56.21854897995515,neutral,9,1,night,0,1,interested,1,0
41,12.417060792326513,me,142,0.11,32.030536001276104,dry,8,1,day,1,1,casual,1,0
23,68.4361929806947,them,198,0.69,101.65857639416873,dry,4,1,night,1,0,dry_texter,0,1
19,11.362309866305893,them,118,0.15,26.44365869317685,dry,10,1,day,0,1,ghoster,1,1
11,41.98233944415209,me,83,0.78,36.23894248765684,dry,1,1,day,0,1,casual,0,0
14,3.0682620165740646,me,186,0.4,118.76893406000364,neutral,4,0,night,0,0,casual,1,1
46,49.70576906756921,them,121,0.64,103.41775547905524,enthusiastic,6,0,day,0,0,dry_texter,1,1
38,4.275333566140226,them,200,0.66,24.858583137078437,enthusiastic,1,0,night,0,0,interested,1,0
40,64.80350084240659,me,56,0.65,70.01709638936529,neutral,7,0,night,1,0,ghoster,0,1
15,14.028102524076306,me,136,0.01,22.657521089783938,dry,10,0,day,1,1,dry_texter,1,1
19,62.19567232847025,me,64,0.66,19.375865871029916,dry,4,0,day,1,1,dry_texter,0,1
6,50.85635511220524,me,45,0.73,7.793921719912992,neutral,1,0,night,0,1,ghoster,0,1
50,36.20302973684883,me,91,0.61,99.75235290718926,enthusiastic,1,0,day,0,0,dry_texter,1,1
49,30.129653653647747,me,120,0.86,10.50890370066001,neutral,1,0,night,0,1,ghoster,0,1
16,20.810384103517183,them,37,0.3,28.163779978213753,neutral,8,0,day,1,0,casual,1,0
3,57.41358586880814,me,140,0.97,24.220097545091427,dry,7,1,night,1,0,dry_texter,0,1
1,35.71442059469867,me,51,0.11,106.35086995860605,neutral,7,1,day,0,0,casual,0,1
18,38.98293415742205,me,58,0.85,119.15373020575203,neutral,9,1,day,1,0,casual,0,0
12,35.081555233311235,me,167,0.33,101.96717883071646,dry,1,1,day,1,0,ghoster,0,1
9,33.9564261883464,them,53,0.07,63.81140835918227,neutral,0,1,day,0,1,casual,0,0
35,6.210642926292856,them,87,0.4,40.76446172115011,neutral,5,1,day,1,1,casual,1,0
3,31.66209586807921,me,126,0.82,4.9511802636239555,dry,2,0,night,0,1,casual,1,1
28,57.35719722815452,them,162,0.62,46.064828516548616,dry,7,0,night,0,1,interested,1,0
15,8.801827301461017,them,54,0.55,14.13510878316156,dry,5,0,day,0,0,casual,0,1
39,29.493403121457888,them,52,0.62,76.02004800897687,dry,2,0,day,0,1,interested,1,1
31,5.126940042621761,me,32,0.62,95.88177720871778,dry,7,1,day,0,1,interested,1,1
34,26.149169885166355,me,133,0.42,11.39161308547572,dry,3,0,night,0,1,casual,0,1
13,2.7953885229846698,me,34,0.21,97.99309907337276,dry,0,0,night,0,0,dry_texter,1,1
32,10.931074930338978,me,176,0.07,22.79724655973834,enthusiastic,3,1,day,1,1,ghoster,0,1
48,5.209120078587802,them,166,0.6,73.01617600817669,neutral,6,0,day,1,1,interested,1,0
15,55.58269708732569,them,138,0.89,2.7887613465238257,enthusiastic,9,0,night,0,0,interested,1,0
14,22.653686869799184,me,2,0.64,104.98763853344794,enthusiastic,2,1,night,0,1,dry_texter,1,1
46,42.118939533082376,me,119,0.58,70.14360394620527,neutral,9,0,night,0,1,interested,1,0
40,66.32476800264818,them,46,0.9,34.29749739485845,dry,6,0,night,0,1,interested,0,1
25,71.72777762991167,me,102,0.21,106.4974891928045,dry,1,0,day,0,0,dry_texter,0,1
32,65.17482585851096,me,142,0.96,116.64662028287078,dry,10,0,night,1,0,ghoster,0,1
46,56.73585401446191,them,10,0.24,18.106719654278756,neutral,4,1,night,1,1,ghoster,0,1
11,4.1013643581921375,me,135,0.67,10.092777907743328,neutral,1,0,day,1,1,dry_texter,0,1
43,33.00951834595949,me,1,0.55,3.5718575270569457,neutral,0,0,night,1,1,dry_texter,0,1
38,43.75871900834392,me,173,0.13,36.737591289330645,dry,8,1,night,0,1,ghoster,0,1
30,44.656968164172284,them,3,0.62,65.8583257753209,neutral,4,0,night,1,1,ghoster,0,1
31,13.304206846136966,them,133,0.99,73.15081339874938,dry,2,1,night,1,1,dry_texter,1,1
3,23.21951179554553,me,68,0.21,45.73643767955212,enthusiastic,8,0,night,1,0,dry_texter,1,1
4,11.992273885163605,me,125,0.45,43.13038008234831,enthusiastic,2,0,night,0,1,casual,1,1
3,51.8319081770329,them,134,0.53,68.46207271231339,neutral,0,0,day,0,0,ghoster,0,1
3,3.228158723113273,me,126,0.97,87.16707370568162,neutral,3,1,day,1,1,dry_texter,0,1
33,18.111181630739303,them,199,0.69,114.29343722430657,dry,2,0,night,0,0,ghoster,0,1
27,50.66419873643059,me,101,0.45,93.44281511197232,dry,7,0,day,0,1,ghoster,0,0
7,12.553783793304074,me,118,0.23,17.513561553475324,dry,0,0,day,1,1,interested,1,1
28,60.67057894687265,me,121,0.88,68.1910500408026,dry,9,0,night,0,0,interested,1,0
3,8.949155934719347,me,197,0.42,41.034198993778034,dry,3,0,night,1,0,dry_texter,1,0
14,22.695334903991522,me,50,0.59,104.13017676608975,enthusiastic,2,1,night,1,0,ghoster,1,1
46,15.534791052208234,me,90,0.48,11.95986015988625,neutral,0,1,day,1,1,interested,1,1
37,23.71559670118706,me,80,0.76,112.4724078000289,neutral,9,0,night,1,0,interested,1,1
28,3.3644783975048504,me,127,0.4,36.283111047462185,enthusiastic,9,1,day,1,1,ghoster,1,1
35,67.85504852367687,them,118,0.93,98.35074709618011,neutral,0,0,night,0,1,ghoster,0,1
45,27.494328942600493,me,93,0.29,78.13278583553203,neutral,3,1,night,0,1,casual,1,1
31,33.44231960096014,them,56,0.99,71.71776331615334,dry,9,0,night,1,1,dry_texter,0,1
2,52.590359969960645,them,151,0.85,108.31453220072746,neutral,10,0,day,1,1,interested,0,1
35,60.97194328555932,me,170,0.88,97.91575384745813,dry,10,1,day,0,1,dry_texter,1,1
16,15.100697987597155,me,101,0.4,60.39639455112932,dry,8,1,night,1,0,ghoster,0,1
46,64.9995494767808,them,28,0.6,115.05619751114546,neutral,1,0,day,0,0,casual,0,0
32,60.0902540840261,me,42,0.48,48.830079132648045,neutral,2,0,day,0,0,interested,1,0
36,55.058154561845,them,83,0.87,54.029345956244725,neutral,7,1,night,0,0,interested,1,1
35,17.30477663958054,me,153,0.89,35.4691514535606,neutral,0,0,night,1,1,interested,1,1
49,9.022128848108775,me,115,0.87,7.385551314035704,enthusiastic,2,1,day,1,1,dry_texter,1,1
46,28.035052473769948,them,101,0.02,97.63683157281882,neutral,5,0,night,1,0,ghoster,0,1
25,23.426766253866685,me,13,0.98,62.2558346325123,dry,6,1,night,0,1,dry_texter,1,1
31,62.783153185221586,them,118,0.37,109.9623879502811,dry,4,1,day,0,1,interested,0,1
4,65.42722351179154,me,161,0.32,26.281892465218917,dry,4,0,day,1,1,dry_texter,0,1
37,16.575132435025044,me,142,0.77,84.84645337600102,enthusiastic,0,0,night,1,1,casual,1,0
32,43.452270524317996,me,104,0.2,4.095001479562685,neutral,9,1,night,0,0,interested,1,1
43,64.14653703902796,them,40,0.52,30.61564670196519,neutral,3,0,night,0,1,interested,1,1
41,17.667610406525988,them,68,0.83,116.44512807708699,enthusiastic,6,1,day,1,0,dry_texter,0,1
21,24.88033748222412,me,177,0.83,62.94460916166188,neutral,10,0,day,1,1,dry_texter,0,1
36,16.40000613768627,me,91,0.51,41.75957621574185,dry,9,0,night,1,0,dry_texter,0,1
11,65.98762239728626,me,84,0.57,2.963422284381298,neutral,1,1,day,1,1,dry_texter,0,1
34,41.8254577645469,them,40,0.96,74.45297630093498,neutral,2,1,night,1,0,ghoster,0,1
13,57.80238627859505,me,86,0.05,93.47966490828786,enthusiastic,3,0,night,0,1,casual,1,1
14,45.28644702677051,them,130,0.19,41.442802782552796,dry,9,0,day,1,0,ghoster,0,1
36,25.016775163477813,them,139,0.97,29.596700674521163,dry,9,0,night,1,1,dry_texter,0,1
43,32.65905575785588,me,51,0.96,48.75111655894071,dry,3,0,night,0,1,casual,1,1
15,71.19012883809953,them,111,0.53,109.10516845998238,enthusiastic,8,1,day,0,0,ghoster,0,1
12,43.87955275191295,them,149,0.56,25.886317782524806,dry,4,1,night,1,0,dry_texter,0,1
7,45.529882397236975,them,192,0.38,102.56483497268536,neutral,3,0,day,0,1,dry_texter,1,0
29,51.08937405731698,them,23,0.36,86.05005993099238,neutral,6,0,night,0,1,casual,0,1
35,62.287544669327374,them,116,0.41,101.05923414841338,neutral,8,0,day,0,0,dry_texter,0,1
7,3.661385464411209,them,158,0.05,22.35554789031524,neutral,5,0,night,0,1,casual,1,1
4,16.12968987154199,them,124,0.58,30.062351684429604,enthusiastic,10,0,night,1,0,casual,1,0
48,38.320521274203415,them,148,0.7,23.905940511244136,dry,8,0,day,1,1,ghoster,0,1
38,17.10051872362433,me,96,0.25,8.195747975372347,dry,2,1,night,1,1,ghoster,1,1
20,20.83156734906266,me,79,0.93,105.60521040369015,neutral,8,0,night,0,1,ghoster,0,1
45,62.02359144545742,me,100,0.32,28.29078591646473,enthusiastic,3,0,day,0,0,interested,1,0
37,52.41761555972386,them,58,0.56,11.336674126856124,enthusiastic,5,1,night,1,1,dry_texter,0,0
47,10.465378671535413,me,135,0.49,34.71214882722927,dry,10,1,night,1,0,casual,0,1
32,56.02702212975024,me,4,0.65,110.26430228931173,neutral,6,0,day,0,1,dry_texter,1,1
11,14.17997216509129,me,92,0.05,100.1610743530996,dry,7,1,night,1,1,dry_texter,0,1
34,43.68318204446251,me,3,0.05,93.57768636919157,dry,6,1,day,0,1,ghoster,0,1
36,3.5796688004311656,them,33,0.28,106.37159275317488,neutral,6,0,night,0,1,dry_texter,1,1
15,21.29228379831987,me,166,0.14,57.81733522121151,enthusiastic,9,0,night,1,0,casual,0,1
50,36.60395030655551,me,2,0.02,12.739092067502797,enthusiastic,0,0,night,1,0,dry_texter,0,0
9,4.400232912489248,them,191,0.67,76.79733671009926,enthusiastic,9,1,day,1,0,interested,1,0
23,71.7668539968067,them,15,0.11,111.51941776358308,dry,0,1,day,0,0,casual,0,1
29,17.456901211477167,them,84,0.37,5.2732741712838305,neutral,4,1,day,0,0,casual,1,0
23,17.668323845837044,me,165,0.18,70.5393536447577,enthusiastic,1,0,day,0,0,casual,1,1
6,52.23831444732336,them,107,0.14,74.5403002364582,dry,7,0,day,0,1,dry_texter,0,1
46,17.898740536708814,me,136,0.33,85.00117131447698,enthusiastic,5,0,day,0,1,ghoster,0,1
38,44.6190924228812,me,119,0.16,90.52745277906064,enthusiastic,0,0,night,0,1,dry_texter,0,1
28,21.940893228256833,them,48,0.85,101.9026176586302,neutral,1,0,night,0,1,dry_texter,1,1
36,59.948711308897934,me,24,0.43,59.234379738946394,dry,3,1,day,0,1,dry_texter,0,1
30,22.540381517607464,them,57,0.13,90.52009231747476,neutral,6,1,night,1,0,casual,1,1
46,29.412659527871593,them,15,0.63,24.876338543590613,neutral,8,1,night,0,0,casual,1,0
6,48.93393571455612,me,9,0.88,11.998521340877424,dry,1,1,night,0,0,interested,1,0
50,61.6654313578598,them,106,0.65,33.26341535225666,enthusiastic,7,1,day,1,0,ghoster,0,1
26,37.38567947614084,them,140,0.01,79.83492954111959,neutral,9,1,day,1,1,ghoster,0,1
10,59.35290024765063,them,18,0.09,33.360988989157676,dry,10,1,night,0,0,interested,1,1
21,70.385861296983,me,140,0.08,48.00668534892041,neutral,1,0,day,1,1,interested,0,1
44,58.38140419549678,me,163,0.78,65.67920755088097,enthusiastic,7,0,day,0,1,interested,0,1
39,67.65662681675956,me,93,0.64,13.021954046297019,dry,5,1,night,0,0,casual,0,1
18,45.003069216265665,me,158,0.09,95.54930061748334,neutral,8,1,night,0,1,casual,1,1
3,0.7048889181116627,them,9,0.2,83.2138218243476,neutral,4,0,night,0,0,interested,1,1
50,0.21874158773269148,them,53,0.63,53.317375546590775,enthusiastic,9,1,day,1,0,casual,0,0
42,41.70263492160869,me,195,0.49,51.0113573389493,dry,2,0,night,0,1,casual,1,1
30,28.572982111256778,me,113,0.6,46.01106985596029,neutral,6,1,day,1,1,casual,0,0
22,69.43252261191162,them,37,0.76,34.14182696967465,dry,8,0,night,0,0,dry_texter,0,1
25,66.22418105715452,them,95,0.37,24.00128716681241,dry,3,1,day,0,1,ghoster,0,1
38,63.394715706707004,them,35,0.81,59.80566760241727,enthusiastic,8,1,night,1,0,casual,1,1
9,33.13321506385471,them,100,0.86,92.93133608224278,enthusiastic,7,0,night,1,0,interested,1,1
20,10.304496959719774,them,108,0.31,12.208070362017306,dry,8,1,day,0,0,ghoster,1,1
1,69.89106412489448,them,173,0.67,46.28638485616186,enthusiastic,7,0,day,1,1,interested,0,0
16,71.12126560955248,me,16,0.26,31.700030514063364,neutral,9,1,day,1,0,ghoster,0,0
32,20.524598734209526,me,63,0.88,5.298435007835676,enthusiastic,1,0,day,0,0,casual,1,0
28,33.39444274405268,me,23,0.04,3.663875442274802,enthusiastic,6,0,day,1,1,interested,1,1
38,7.640260927360777,them,97,0.24,91.71975272247839,dry,10,1,night,0,1,interested,1,0
8,11.618140489681277,me,110,0.33,112.72163633373347,enthusiastic,2,0,day,0,0,dry_texter,0,1
50,24.909409845113082,me,83,0.76,107.97316094785657,neutral,8,0,day,1,1,casual,0,1
44,61.51689947683988,me,166,0.43,39.310244875282486,dry,7,0,night,1,1,interested,0,1
28,53.82495386643186,them,137,0.87,46.954452849065326,neutral,4,1,day,0,0,dry_texter,1,0
3,5.936636161303107,me,49,0.73,6.660355507626069,neutral,6,0,day,1,1,casual,1,1
7,49.668141357082355,them,89,0.68,118.63071952537666,dry,4,0,night,0,1,ghoster,0,0
3,28.970551245281108,them,181,0.54,10.10046434434999,enthusiastic,4,0,night,0,1,interested,1,0
28,57.35600821035581,them,91,0.69,81.12131358723072,dry,0,1,night,0,0,ghoster,0,1
4,46.686057770232004,them,63,0.7,94.06781103309777,dry,0,1,night,0,0,ghoster,1,1
7,51.149407899912156,them,19,0.45,94.18596363576535,enthusiastic,8,1,day,1,1,interested,0,0
15,47.878674979911544,me,100,0.57,18.42103954067435,neutral,9,0,day,0,0,interested,0,1
29,11.866522202833718,me,35,0.1,109.69606531192971,enthusiastic,5,1,day,1,0,casual,1,0
30,18.212416307735875,them,51,0.88,68.50187371782177,dry,4,0,day,0,1,casual,1,1
22,17.9044034603709,me,101,0.64,99.26638879020625,neutral,1,0,night,0,0,casual,0,0
8,64.7900152570014,them,61,0.11,44.830106590188045,neutral,4,1,night,1,1,casual,0,1
24,24.261847645089713,me,81,0.28,118.01288535729104,enthusiastic,3,1,night,0,0,interested,1,0
3,43.683356884663176,me,111,0.21,93.60364171584735,dry,7,1,day,0,1,dry_texter,1,1
38,41.547306881657505,me,175,0.9,99.24932770653156,neutral,7,0,night,1,1,ghoster,0,0
44,39.28129696248024,them,52,0.16,33.59571167799261,enthusiastic,6,0,day,1,0,dry_texter,0,1
37,34.551502351409,them,76,0.67,51.449564174175336,enthusiastic,10,1,day,1,1,interested,0,0
50,39.11412889101292,them,24,0.49,112.2323111880454,neutral,5,0,day,0,1,interested,0,1
35,29.30103479183869,them,155,0.83,83.28248057094711,neutral,4,1,night,1,0,interested,0,1
47,18.104219392504326,me,102,0.28,25.94649535023619,neutral,9,0,day,1,1,dry_texter,0,1
10,59.01328177678635,them,73,0.03,54.725527534414674,enthusiastic,5,1,day,1,0,ghoster,1,1
33,65.32683522323367,them,157,0.41,29.844184011710468,dry,0,0,night,1,0,ghoster,0,1
49,34.63520915152071,me,159,0.39,23.14773044032825,dry,1,1,day,0,1,interested,1,0
9,1.5119691046693635,me,34,0.73,19.49024735232565,enthusiastic,3,1,day,0,1,interested,1,0
1,27.451671442973225,me,128,0.1,86.75817454102742,dry,1,0,night,0,1,interested,1,1
36,70.53256127283456,me,197,0.33,62.6165005454603,dry,4,1,day,1,1,interested,0,1
8,55.7792802687085,me,8,0.66,90.26222057304575,enthusiastic,0,0,night,0,1,ghoster,0,1
10,39.22365815769852,me,52,0.53,88.29839832254613,dry,6,1,day,1,1,dry_texter,0,1
12,47.190847155623686,them,163,0.07,118.24735223958749,enthusiastic,0,1,night,0,0,interested,0,1
6,56.20957630429813,me,119,0.26,5.137939659133017,neutral,4,0,night,1,1,interested,0,1
47,65.8438101195908,them,156,0.76,56.50615240355671,neutral,1,1,night,1,0,ghoster,0,1
33,20.155714324834133,them,23,0.55,91.12914319213118,enthusiastic,5,0,day,0,1,casual,1,0
7,0.260775111977515,them,120,0.53,86.63484397592755,neutral,10,0,night,1,1,casual,0,1
30,49.925263776309606,me,87,0.35,91.56654706301093,enthusiastic,10,1,day,0,0,ghoster,0,1
3,62.86053445938046,them,146,0.15,21.087198716852754,neutral,3,1,night,1,0,interested,1,1
19,60.205611010269834,me,50,0.63,113.52596289924428,enthusiastic,9,1,night,1,0,ghoster,0,1
6,25.66131184313408,me,27,0.2,70.87849407073196,neutral,7,1,night,1,1,ghoster,0,1
11,71.58472807863401,them,138,0.12,2.561726269651105,enthusiastic,6,1,day,0,1,casual,1,1
31,61.48685918436267,me,6,0.72,90.13304426680244,dry,4,1,night,0,1,ghoster,0,1
34,70.74617325559193,me,167,0.22,114.94928011572833,dry,7,0,day,1,1,casual,0,1
4,37.7774612521606,me,188,0.28,32.22539449735089,enthusiastic,3,0,night,1,0,ghoster,0,1
25,17.324207939522275,them,45,0.45,57.58200099860631,neutral,2,1,night,1,0,casual,1,1
9,53.38752174907744,them,111,0.57,112.71521905565272,neutral,6,0,night,1,1,ghoster,0,0
27,46.41895172447569,me,81,0.23,89.54761288029769,dry,0,0,day,0,0,casual,0,1
19,16.076624254496807,them,33,0.55,12.270340060109744,enthusiastic,1,1,night,0,0,interested,1,0
30,8.315510853817285,me,106,0.29,64.18002293550737,enthusiastic,7,0,day,1,0,casual,1,1
40,67.95558386846665,them,81,0.75,109.17100578900927,dry,2,1,night,1,1,interested,0,1
41,5.472524587425552,them,105,0.56,33.632155810224646,enthusiastic,8,1,night,0,0,interested,0,0
4,45.3886429189784,me,189,0.58,49.62729932518977,dry,4,0,day,0,1,casual,1,1
6,16.809725091786134,them,77,0.24,14.843866733086402,enthusiastic,9,0,night,1,1,casual,1,1
23,13.147121449210678,them,186,0.16,96.21478027329428,dry,10,0,day,1,1,interested,1,1
16,54.54384794646279,me,172,0.6,12.49364553357014,neutral,4,1,day,0,0,interested,0,0
47,71.44380645312613,me,181,0.61,101.16240851492745,enthusiastic,6,0,night,0,0,dry_texter,0,1
44,4.8923822463926285,me,16,0.67,70.36731868952748,dry,2,1,day,0,0,casual,0,0
45,12.19766890757864,them,186,0.01,29.369694280545282,enthusiastic,1,1,day,0,0,dry_texter,1,1
15,18.56708196582025,them,132,0.32,44.107770197284424,dry,2,1,day,1,0,dry_texter,1,1
17,2.9722703731226323,them,200,0.79,96.27971358850613,dry,4,1,day,0,1,ghoster,1,0
20,64.26032960948513,me,124,0.73,101.81998912857351,dry,9,0,night,1,1,dry_texter,0,1
7,19.363163274782565,me,170,0.71,88.56035511028132,neutral,1,1,night,0,0,interested,1,0
41,35.3743447621718,me,10,0.04,74.20343976306346,neutral,1,0,day,0,1,casual,0,1
8,32.102111632915296,me,66,0.22,106.05984361409627,neutral,2,0,day,0,1,casual,0,1
33,31.01607563803603,them,105,0.91,79.62196072395851,neutral,3,1,night,0,0,casual,0,0
11,20.750176685304584,me,150,0.44,30.663271109070212,dry,8,1,day,0,1,casual,0,1
28,23.449705779865667,them,71,0.09,104.76366271844724,dry,6,0,day,0,0,ghoster,1,1
25,38.2642272929981,me,12,0.78,2.2314869286279135,neutral,2,0,night,0,0,ghoster,0,0
29,16.12529178755963,me,167,0.22,112.17011503934134,dry,10,1,day,0,0,ghoster,0,1
29,57.658354300089684,them,59,0.04,59.05107207353761,enthusiastic,9,0,day,1,1,interested,0,1
36,2.899140509169091,them,77,0.87,11.030701151452709,neutral,4,0,night,0,0,dry_texter,0,0
9,65.33514882946415,them,15,0.63,13.321965745157785,dry,2,1,night,1,0,interested,0,1
29,14.739196984205071,them,103,0.63,18.422268373618984,enthusiastic,1,0,night,1,1,interested,1,1
45,44.35109148207883,them,37,0.69,54.168915784818196,enthusiastic,5,1,day,0,1,ghoster,1,1
19,38.812839818061924,them,34,0.09,108.93216982585233,enthusiastic,8,0,day,0,0,interested,1,1
43,50.42424046375345,me,104,0.66,18.48532480663373,dry,2,1,night,0,1,interested,1,0
48,28.60910221161824,them,15,0.38,92.5879884244729,dry,3,1,night,0,0,dry_texter,0,1
36,13.980584886529115,them,21,0.07,86.05134061426614,enthusiastic,6,1,night,0,1,dry_texter,0,1
20,1.6108013448641412,me,181,0.61,85.33124223377204,neutral,7,0,night,1,0,dry_texter,1,0
18,35.49760940146158,me,32,0.71,34.61396108904386,dry,6,1,night,1,0,casual,0,1
20,31.020936248350683,me,141,0.9,118.0977921694446,neutral,0,1,day,1,0,ghoster,0,1
47,65.09896295713756,me,26,0.01,30.958713210319726,enthusiastic,4,1,day,0,0,dry_texter,0,1
30,36.224469008903355,me,60,0.91,96.6832215527956,enthusiastic,4,0,day,0,0,casual,1,1
22,29.413959944684787,them,163,0.64,51.87600112449012,dry,2,0,day,0,1,casual,1,1
25,56.32200855750399,them,25,0.59,39.33955144454578,enthusiastic,2,1,night,1,1,casual,0,1
28,33.60366059478027,me,115,0.71,6.362476149592804,enthusiastic,5,1,day,0,0,interested,1,0
34,17.38549501626622,them,162,0.2,69.76989416541907,dry,5,0,night,0,0,dry_texter,1,1
26,17.95377191030407,them,47,0.98,118.11642459697804,neutral,10,1,day,0,0,ghoster,0,0
29,15.610374820968378,them,165,0.66,39.25809707354853,dry,3,0,day,1,1,dry_texter,0,1
34,13.414643510902705,me,192,0.5,5.795919223411358,enthusiastic,7,0,day,1,0,ghoster,1,1
1,65.58205567155842,me,35,0.16,27.88466075329758,dry,10,0,day,0,0,interested,0,1
9,2.661133846871153,them,85,0.02,42.990861743237986,neutral,9,0,night,1,1,ghoster,1,1
34,13.066669033883896,me,173,0.56,46.20094082618604,dry,7,0,day,0,0,ghoster,1,1
28,9.235468840157374,them,63,0.54,35.167923824551664,neutral,6,1,day,0,1,interested,1,0
16,59.53260864581049,them,194,0.38,73.7088861100921,dry,0,1,day,0,0,dry_texter,1,0
5,18.789859040400323,me,20,0.99,94.9483716106387,dry,2,0,day,1,1,casual,1,1
50,37.86548730927003,me,154,0.63,61.66587370181926,enthusiastic,7,1,day,1,1,dry_texter,1,1
34,0.2518040487520965,me,81,0.43,83.01872646874675,enthusiastic,2,0,night,0,1,interested,1,1
9,35.85521374422451,them,104,1.0,54.67652540455207,enthusiastic,3,1,night,1,0,ghoster,0,0
21,69.79367623435742,me,196,0.26,96.41400246095456,neutral,8,0,day,1,1,casual,0,1
3,36.54496165288748,them,31,0.92,24.224571736938156,dry,9,1,day,1,0,casual,0,0
50,19.851573131372145,them,115,0.23,78.95383120934571,dry,3,1,day,1,0,ghoster,0,1
14,11.203869945706124,them,198,0.46,67.17519832127012,neutral,0,1,day,1,1,casual,0,1
38,36.35349847042897,them,164,0.33,105.29531718654623,enthusiastic,2,0,night,0,0,ghoster,1,1
8,2.07559648007612,me,144,0.79,112.04921875487751,neutral,9,1,day,0,0,ghoster,1,1
35,48.00203670874841,me,94,0.37,66.97993857725933,neutral,1,1,day,0,0,casual,0,0
17,27.84940645580121,them,15,0.28,44.837206623351506,enthusiastic,4,1,day,0,1,casual,1,1
45,37.98913492919872,them,198,0.75,45.30603052900591,neutral,1,1,night,0,1,dry_texter,0,0
20,51.80293626885204,me,62,0.87,83.87069669234599,neutral,6,1,night,1,0,ghoster,0,1
11,28.601141874300886,them,138,0.33,102.27867821022642,dry,10,1,night,0,0,interested,1,1
4,0.6882024257256605,them,151,0.5,61.84298550706591,dry,4,0,night,0,1,ghoster,0,0
27,23.296590092356933,me,65,0.88,35.06151314465976,enthusiastic,9,1,night,1,1,dry_texter,1,1
33,57.20359078696011,them,76,0.96,100.5492315050436,neutral,10,1,night,0,1,dry_texter,0,0
8,64.48278095609871,them,22,0.96,79.80110466568495,neutral,3,0,night,1,1,interested,0,1
6,69.75307485074289,me,176,0.99,103.25783389917132,dry,0,1,day,1,0,ghoster,0,1
12,25.301452723253554,them,43,0.61,21.53773324104647,enthusiastic,3,0,night,0,0,dry_texter,1,1
32,59.599350670350915,them,174,0.68,112.52626245964241,neutral,2,0,day,0,1,interested,0,1
22,3.3853503634240028,me,49,0.19,71.7588475677121,neutral,9,1,night,0,0,dry_texter,0,1
20,43.36953990345485,them,14,0.46,43.62374080792463,neutral,4,0,day,1,0,casual,0,1
3,9.690947405628943,them,37,0.22,37.390246834041385,neutral,3,1,day,1,0,dry_texter,1,1
27,69.54332853895478,me,64,0.09,6.176854234918675,neutral,1,0,day,0,1,ghoster,0,1
10,41.90757875419371,me,163,0.56,89.12536710416734,dry,10,1,night,1,1,interested,0,1
43,23.57952460316396,them,9,0.89,52.43200499276693,neutral,3,0,night,1,1,casual,0,1
13,47.67786292757384,me,152,0.27,116.13052420339399,neutral,1,0,night,0,0,casual,0,1
44,26.02115276624447,me,192,0.8,69.72864358194664,enthusiastic,8,0,day,0,0,interested,1,1
14,14.792007089929914,me,146,0.26,14.556691017172902,neutral,6,0,day,1,1,interested,1,0
47,34.94498385489252,me,70,0.09,74.58955745899382,neutral,0,1,day,0,0,ghoster,0,1
27,39.37492647625055,them,172,0.13,25.965729272004342,dry,1,1,night,0,0,casual,0,1
10,11.284765309944968,me,76,0.07,119.18127530999713,dry,10,1,night,0,1,dry_texter,1,1
33,21.57874473974124,me,192,0.64,99.67546553243447,dry,8,1,day,1,0,interested,1,1
42,11.158996643410518,me,5,0.98,104.67417614082359,neutral,8,0,day,0,1,interested,1,0
7,30.16446439449018,me,71,0.95,117.68954201772063,neutral,4,0,day,0,0,dry_texter,0,0
35,40.02551691473123,me,20,0.84,3.999660670709363,dry,2,0,night,0,1,casual,0,1
46,36.858651716324246,me,192,0.12,76.46487631874629,neutral,9,0,day,0,1,interested,1,1
42,31.601879631624946,me,140,0.12,119.40458134335267,enthusiastic,3,0,day,0,0,casual,0,0
44,69.2334275947523,them,124,0.31,22.801426347276152,dry,5,1,night,0,1,casual,1,1
12,39.71921265164449,them,162,0.64,73.99078196580237,dry,1,0,day,0,1,casual,0,1
33,30.446161261140354,me,189,0.9,82.49724360454765,enthusiastic,3,1,night,1,1,ghoster,0,1
35,23.439175237687614,them,172,0.11,85.38805800318623,enthusiastic,3,0,day,0,0,casual,1,1
37,64.55432148795191,me,176,0.11,28.183508535485178,dry,6,1,day,0,0,casual,0,1
50,50.33896653662638,them,173,0.53,49.62774215607688,neutral,6,1,day,0,0,casual,1,1
48,62.50230002762046,me,66,0.68,82.91498237655696,enthusiastic,4,0,night,0,0,ghoster,0,1
11,31.633708849462536,me,147,0.76,95.14423120120982,dry,4,1,night,0,1,casual,0,1
21,26.157966945238233,me,14,0.68,24.73829588598003,neutral,6,0,day,0,0,ghoster,0,1
46,50.36166872854012,me,182,0.5,74.81362505362837,neutral,9,0,night,0,1,ghoster,0,1
25,3.49136847698626,them,162,0.21,25.87794410414316,enthusiastic,2,0,day,1,1,dry_texter,1,1
5,45.974285375956796,them,101,0.95,14.6601570187741,dry,3,0,night,0,0,casual,0,0
12,27.361274392720702,me,166,0.71,87.78637880290304,neutral,10,1,night,0,1,casual,1,1
25,54.67514700812421,them,48,0.78,68.75338227842931,dry,7,1,night,0,1,interested,1,0
13,15.055329457444513,them,32,0.42,25.723715981546746,enthusiastic,10,0,night,1,1,dry_texter,0,1
44,45.925895189240464,me,45,0.03,25.062327880350498,dry,3,0,day,0,0,casual,0,1
38,5.573577116636395,me,80,0.68,15.075427779617181,enthusiastic,1,1,day,0,0,casual,1,1
24,11.095124715865492,them,125,0.97,80.96601399029566,enthusiastic,2,1,day,0,1,ghoster,1,1
27,52.1842450991725,them,60,0.11,117.64826380837475,neutral,9,0,night,0,1,ghoster,0,1
13,29.556699052344154,me,95,0.94,114.22469128357217,enthusiastic,10,0,day,1,0,dry_texter,0,0
30,51.65974589008718,me,91,0.33,10.630420490944658,neutral,10,0,night,0,1,casual,0,1
8,13.869584385069043,me,117,0.95,40.6276567874279,dry,9,1,day,0,0,casual,0,1
35,18.957378911632393,them,5,0.06,51.373157297842695,dry,0,0,night,0,1,dry_texter,0,0
40,10.336954735235462,me,166,0.53,73.34658459640283,enthusiastic,8,0,night,1,0,interested,1,0
2,28.50255716571905,me,164,0.73,46.68678874861286,dry,9,0,day,0,1,ghoster,0,1
30,12.719287683915265,them,176,0.5,86.0802770235547,dry,4,1,day,0,0,ghoster,0,1
38,50.51774374688743,me,50,0.21,56.029919847516524,dry,8,0,day,1,0,ghoster,0,1
15,16.212817103904918,me,102,0.03,101.34965574170526,enthusiastic,3,0,day,0,1,interested,1,1
31,35.5009631655767,them,181,0.08,37.77170912266342,enthusiastic,2,0,night,1,1,dry_texter,0,1
3,47.27657568658442,them,96,0.28,30.531988821761345,enthusiastic,7,0,day,1,0,casual,1,0
15,31.743207813319387,me,62,0.24,67.44275826735749,dry,7,0,day,0,1,interested,0,1
22,49.014707900083124,me,162,0.79,6.40053989263601,enthusiastic,1,0,day,0,1,dry_texter,0,1
43,48.37080531954563,them,193,0.97,3.3391453243162452,neutral,2,1,night,0,1,dry_texter,0,1
32,1.7169017758052556,me,161,0.14,81.87964668861981,enthusiastic,10,1,day,1,1,dry_texter,1,1
29,60.73545968547772,me,190,0.65,49.62103613591388,neutral,8,0,night,0,1,casual,0,1
23,5.800239716387064,me,73,0.68,83.3043271721683,dry,3,0,day,0,0,ghoster,1,1
22,47.47290249883644,them,28,0.95,105.23880367368524,dry,9,0,night,0,1,ghoster,0,1
20,10.063884719385266,them,90,0.51,64.83597580137219,enthusiastic,2,0,night,0,1,casual,1,0
49,11.218749116259502,me,9,0.82,74.0203524682673,enthusiastic,8,1,night,1,0,dry_texter,1,0
29,59.26527961065531,me,35,0.53,26.22400492776569,enthusiastic,1,1,night,1,0,dry_texter,0,1
28,56.844098628331466,them,129,0.38,84.95149465707773,enthusiastic,7,1,night,1,0,dry_texter,0,1
6,0.8054798474920588,me,65,0.78,77.54828553026779,enthusiastic,4,1,night,1,0,interested,1,1
27,6.527553806335512,me,193,0.46,62.24148707667461,enthusiastic,0,1,day,1,1,interested,1,1
47,48.4763659326553,them,183,0.87,114.40923906795653,dry,3,1,night,1,0,dry_texter,0,1
42,67.55572575138518,them,109,0.18,60.73297574575661,neutral,7,1,night,0,0,casual,0,1
27,55.28328646058552,them,19,0.61,76.27710226354652,enthusiastic,10,1,night,0,0,ghoster,0,1
33,16.725589194364076,them,71,0.55,59.92885006942618,enthusiastic,8,0,day,0,1,casual,0,1
29,38.03211004749542,them,105,0.36,95.5233060625272,enthusiastic,5,0,night,1,0,dry_texter,0,1
19,5.178908669531592,me,87,0.18,63.9054236852211,dry,0,0,night,1,0,interested,1,1
10,1.3192088779827502,me,18,0.7,79.16947034345642,dry,8,0,day,0,0,ghoster,0,1
43,2.6166901270605383,me,64,0.97,89.10331344851843,enthusiastic,1,0,day,1,1,dry_texter,1,1
50,30.845244940047127,them,168,0.26,18.63000550721327,enthusiastic,5,0,day,1,0,ghoster,0,0
50,34.591016123262705,me,115,0.3,110.650036911776,neutral,5,0,night,1,0,ghoster,1,1
5,1.3608237978110678,me,24,0.22,83.31944126393986,enthusiastic,0,1,night,0,0,interested,1,0
8,47.796855068233455,me,103,0.23,42.669945699275274,neutral,10,1,night,1,0,ghoster,0,1
29,4.75225796531668,me,34,0.6,98.41711027780221,enthusiastic,7,1,day,0,1,ghoster,1,1
1,38.54174591620547,them,180,0.26,46.098094201931765,neutral,4,0,night,0,0,ghoster,0,1
24,7.209242011242799,me,107,0.35,6.221845176805175,neutral,10,1,day,1,1,interested,1,0
34,15.350218170471937,them,190,0.57,74.48769969837812,neutral,6,1,night,0,1,casual,1,0
43,36.00615890689808,me,115,0.41,44.763438216882406,dry,7,0,night,0,1,casual,0,1
46,37.83746081286755,me,58,0.44,21.207499003066527,enthusiastic,8,1,night,1,0,interested,0,0
18,71.23690197897334,me,33,0.67,92.23792204352961,enthusiastic,2,0,day,1,0,casual,1,1
13,10.145616037824315,me,167,0.09,113.45214239806988,dry,0,1,night,0,1,ghoster,0,1
44,8.798112647915511,them,135,0.59,48.477887154082026,neutral,9,1,day,0,1,casual,1,0
41,23.033556609265613,me,44,0.87,68.35734677044313,enthusiastic,2,0,day,0,1,dry_texter,1,0
7,67.41705238697762,me,138,1.0,26.731750038045377,dry,7,0,day,1,1,dry_texter,0,1
5,45.368483398420054,them,127,0.01,53.96170937120823,neutral,1,1,day,1,1,dry_texter,0,1
20,19.913244476748467,them,69,0.03,52.9536206576303,enthusiastic,1,1,night,0,0,ghoster,1,1
19,59.434009901098854,them,108,0.36,14.34391468056707,dry,8,1,night,0,0,ghoster,0,1
45,1.165989813882863,me,70,0.68,43.58748641212527,enthusiastic,2,0,night,0,1,casual,0,1
13,11.581754034852903,them,88,0.54,101.24029225355909,enthusiastic,3,0,night,0,0,interested,1,0
20,59.07453423240138,me,14,0.68,50.24463179863319,dry,5,1,night,0,1,interested,1,1
6,40.423221048620185,me,150,0.24,11.612904698506554,dry,4,0,night,1,1,ghoster,0,1
13,36.59860459847878,me,46,0.85,79.64580685893061,enthusiastic,6,0,night,0,0,dry_texter,0,1
17,25.492076840190116,them,197,0.57,67.43208068100549,neutral,7,0,day,0,1,dry_texter,0,1
39,34.810359183937365,them,184,0.89,105.18148769864095,neutral,10,1,night,1,1,dry_texter,0,1
1,71.71679564684305,them,148,0.29,35.58759967926413,neutral,0,1,night,1,1,dry_texter,0,1
32,6.751936843602725,me,59,0.97,15.701124414954842,enthusiastic,0,0,night,0,1,casual,1,0
4,12.163651116259247,them,165,0.73,88.61679704194428,enthusiastic,10,1,night,0,0,ghoster,1,1
40,52.292514894153065,me,98,0.66,13.584344713545384,dry,9,0,night,0,1,ghoster,0,0
25,46.21895576230614,them,80,0.31,80.14494138392905,enthusiastic,5,1,night,1,0,ghoster,1,1
49,10.704844691330917,them,170,0.91,16.13161832372528,enthusiastic,1,0,day,1,1,interested,1,0
1,32.508539525397836,them,1,0.8,83.14436560717017,dry,6,1,day,1,0,dry_texter,1,1
30,25.75624156665705,me,106,0.35,67.10390153469417,enthusiastic,6,1,day,0,0,dry_texter,0,1
38,15.090334498387598,me,87,0.77,36.63315252457053,dry,4,0,day,1,0,casual,0,1
26,31.180002149895067,them,104,0.16,97.03368136222608,dry,9,1,night,1,0,ghoster,0,0
49,42.81115157620199,me,35,0.74,74.88405542974148,neutral,9,0,night,1,0,casual,0,1
33,53.00794146811402,me,188,0.05,75.7668478564802,enthusiastic,8,1,day,0,0,casual,1,1
41,37.48254142402318,me,70,0.11,109.64678288853511,dry,3,1,night,0,1,dry_texter,0,1
16,38.06992169064589,me,104,0.49,34.6910364834835,enthusiastic,4,0,night,1,1,dry_texter,0,1
43,52.94240922516717,them,76,0.81,43.25391678472182,dry,8,1,day,0,1,interested,1,0
44,27.735589293900567,them,39,0.89,73.9796114807201,neutral,10,1,day,0,1,dry_texter,0,1
47,35.98896616486063,me,178,0.04,73.9408493539591,enthusiastic,8,1,day,1,1,interested,1,1
32,31.977009264585234,me,145,0.06,100.59669491174407,enthusiastic,8,1,night,0,1,ghoster,0,1
25,20.90656236419572,me,163,0.78,26.29875086508708,dry,2,0,night,0,1,interested,0,1
36,49.187151249519076,me,37,0.29,115.98789446646606,enthusiastic,6,1,night,0,1,interested,1,1
39,21.245634067526048,them,153,0.95,43.29023364895911,enthusiastic,3,0,day,1,1,ghoster,0,1
7,38.125944771181906,them,154,0.69,21.411643814086695,dry,6,1,night,0,0,dry_texter,1,0
26,31.874742778285153,them,12,0.91,116.68482289368971,dry,10,0,day,0,1,dry_texter,0,1
10,14.952792691006554,them,13,0.69,80.51356831944533,dry,3,0,night,0,0,dry_texter,0,0
35,63.17492924716459,them,94,0.76,14.452756273707813,enthusiastic,8,1,day,1,0,dry_texter,0,0
12,65.4801580710109,me,144,0.03,26.216532573493478,neutral,1,1,day,0,1,ghoster,0,1
18,17.131793737800187,me,101,0.32,46.52585479984808,dry,1,0,day,0,0,dry_texter,0,1
45,6.548114601092675,me,105,0.87,65.80054609304555,enthusiastic,9,0,day,1,1,interested,1,0
46,52.61153821725737,me,40,0.41,93.17173048368653,enthusiastic,10,0,night,0,1,dry_texter,1,1
27,23.765583861888643,me,169,0.98,68.21552179179761,neutral,8,0,night,0,1,ghoster,0,1
29,10.892571415950625,them,80,0.65,7.644016566119699,dry,2,0,night,0,0,ghoster,1,1
34,36.822996531116296,them,2,0.74,46.64438548824733,enthusiastic,4,0,day,0,0,casual,1,0
2,38.20836596218277,me,44,0.22,110.01708032911083,neutral,2,1,night,0,1,ghoster,1,1
44,37.26930257303285,me,134,0.06,95.21602800669814,enthusiastic,8,0,day,1,1,ghoster,0,1
40,10.871976541586143,me,199,0.33,46.8233276651622,neutral,3,1,day,0,0,casual,0,1
46,14.734986340755354,them,56,0.48,9.688930653056572,neutral,4,0,night,0,0,dry_texter,0,1
30,52.678557416715286,them,126,0.33,97.28137591942311,neutral,1,1,night,1,1,interested,0,1
1,34.895773290206805,me,110,0.5,87.02435670924312,dry,9,0,day,0,0,dry_texter,0,1
7,0.038254231814449646,them,26,0.69,71.05054117416978,neutral,0,1,night,0,1,ghoster,0,1
38,35.00544304704267,them,155,0.48,76.9551462007648,neutral,5,0,night,1,1,dry_texter,0,1
19,24.412072779356908,me,99,0.21,41.627426201947905,dry,4,0,night,1,1,interested,1,1
4,63.40676860994138,me,148,0.97,30.876238509579476,enthusiastic,3,0,night,0,0,ghoster,0,0
5,13.035037158062826,me,152,0.2,30.962090917840914,neutral,6,0,night,1,0,casual,0,1
2,69.87363609960285,them,200,0.24,107.87845682207295,neutral,7,0,night,0,0,interested,1,1
38,68.24099461964308,them,139,0.42,114.49483637803455,enthusiastic,6,1,day,0,0,dry_texter,0,0
45,37.84981902109823,me,62,0.66,8.667058673590542,dry,6,0,day,1,0,dry_texter,0,1
2,34.905760770941896,me,13,0.94,72.81232199714684,dry,10,1,day,1,1,ghoster,0,1
46,2.1776797789399875,them,129,0.47,4.107943579832922,neutral,7,1,day,0,0,ghoster,0,1
15,65.88017682606763,them,4,0.93,74.69635683842188,neutral,9,1,day,1,1,casual,1,1
24,8.79819646166434,me,81,0.61,6.113025665769314,neutral,1,0,night,0,1,interested,1,0
22,15.366992719282852,me,78,0.19,5.921448842580688,neutral,6,0,night,1,1,interested,1,0
27,50.9371970319898,me,72,0.98,73.73226561243781,dry,3,0,night,1,1,ghoster,0,1
37,20.645848185274303,them,67,0.34,35.13444391737876,enthusiastic,7,0,night,0,0,dry_texter,1,0
29,40.40387743851399,them,69,0.58,63.517373466993824,neutral,2,0,night,0,0,dry_texter,1,0
18,3.8181097159130672,me,84,0.78,4.806414136865449,enthusiastic,7,1,night,1,1,casual,1,1
42,22.61827465472966,me,51,0.6,2.1214539786409565,dry,6,1,night,0,1,casual,1,1
2,66.46536426106377,them,176,0.7,101.19058660127878,enthusiastic,10,0,night,1,0,ghoster,0,1
6,65.96691754066191,me,200,0.87,111.15491667285096,enthusiastic,6,1,day,1,1,casual,0,1
7,44.04565441794948,them,21,0.08,18.003439286533354,neutral,3,1,day,1,1,casual,0,1
17,63.37467331740964,me,176,0.93,48.734309935701354,neutral,3,0,day,0,0,ghoster,0,1
8,16.255175078277954,me,99,0.82,14.04000685187352,neutral,9,1,night,1,1,casual,1,1
14,52.54526386183104,me,105,0.26,96.51964164426734,dry,4,0,day,1,1,casual,0,1
21,9.277771959070698,me,119,0.62,8.581032051030762,neutral,2,1,day,0,0,interested,1,0
27,45.60610492527235,them,178,0.88,43.873875400174015,neutral,0,0,night,1,0,ghoster,0,1
33,42.78397219542874,me,90,0.06,94.2692896088368,dry,9,1,day,0,1,ghoster,0,1
19,24.639442471965793,them,172,0.64,59.777152282832084,dry,2,0,night,1,1,casual,0,1
6,67.57510742631295,me,91,0.31,76.92798879215273,dry,9,0,day,0,1,dry_texter,0,1
26,71.17562463726208,me,186,0.29,54.81447742927681,enthusiastic,4,0,night,0,1,interested,0,1
11,30.779419995499563,them,89,0.02,90.70156690210008,neutral,1,0,day,1,1,casual,0,1
28,31.208996061584674,them,135,0.47,49.28779873205102,neutral,10,1,night,0,1,ghoster,0,1
47,26.691284385926462,me,41,0.32,36.478356811552835,dry,7,1,day,1,0,dry_texter,0,1
11,23.96813704750301,them,133,0.15,78.57191888439812,neutral,3,0,night,1,0,dry_texter,1,1
37,35.3032863266526,me,91,0.87,74.4347506965433,enthusiastic,6,0,night,1,0,interested,0,0
35,70.44187569613159,me,75,0.5,37.02756046430294,neutral,3,1,night,1,0,ghoster,0,1
1,61.12991974915414,me,15,0.01,95.11911975236275,neutral,3,0,day,0,0,casual,1,1
31,4.506096163757596,me,58,0.99,16.797380793545,dry,4,0,night,0,0,ghoster,0,0
26,29.550204174426188,me,95,0.14,46.17925942116309,dry,9,1,night,0,1,casual,0,1
42,6.586527059618866,me,99,0.56,50.30912490628459,enthusiastic,2,1,night,0,0,dry_texter,1,1
34,10.098007201887949,them,196,0.03,118.41835512132448,dry,5,0,night,1,1,ghoster,0,1
16,32.915578874730556,them,33,0.37,101.44803004439093,enthusiastic,5,1,day,1,1,interested,1,1
14,31.186679318702303,them,26,0.55,78.59194049774214,neutral,1,1,night,1,0,dry_texter,0,1
34,26.09365224799708,me,6,0.02,68.82938609643473,dry,6,0,night,1,0,interested,0,1
5,29.398517148465103,me,22,0.46,85.091201329018,enthusiastic,4,0,day,0,0,ghoster,0,1
23,18.49168618585418,me,125,0.34,36.97127818493888,neutral,0,0,night,0,0,interested,0,0
13,17.90325459762537,me,98,0.92,99.42631573848163,neutral,8,1,day,0,0,ghoster,1,1
46,15.97793218790913,them,111,0.09,81.75988941253874,enthusiastic,6,0,night,1,1,ghoster,0,1
31,7.658661050732882,them,31,0.56,17.889619383359168,dry,7,0,night,1,1,dry_texter,1,1
37,3.443828250245314,me,127,0.93,30.26978253959312,enthusiastic,6,1,night,1,0,dry_texter,1,0
11,5.591733749189521,them,159,0.39,73.74758246640395,dry,1,1,night,0,1,dry_texter,1,1
17,34.62386514887927,them,65,0.05,24.119084167727,dry,6,1,day,0,1,interested,1,0
15,23.150695421767487,me,161,0.9,10.703500327228518,dry,7,0,night,0,0,interested,1,0
37,21.929367836290965,me,61,0.48,48.74098650274814,dry,1,0,day,1,0,casual,1,1
45,41.79122633024911,them,28,0.52,53.046101793799494,neutral,6,1,night,1,1,interested,1,0
35,61.344457521305586,them,163,0.22,25.730042021802078,neutral,6,0,day,1,1,casual,0,1
8,53.455305074184686,me,100,0.73,41.67208504039302,enthusiastic,8,0,night,1,0,ghoster,0,1
27,23.11896193407145,them,193,0.0,94.29643900040845,enthusiastic,10,0,night,1,0,dry_texter,1,1
24,12.01440179796853,me,109,0.59,73.16717877881264,enthusiastic,1,1,night,1,0,casual,0,0
30,10.648106390819423,them,97,0.97,12.542343703320576,neutral,6,0,day,0,1,ghoster,0,0
43,67.62827812198746,me,165,0.82,59.61195200439689,dry,3,0,day,0,0,interested,1,1
7,34.8377991569477,them,176,0.53,18.123157220469487,neutral,2,0,day,0,0,dry_texter,0,0
10,2.2650168803611592,them,50,0.75,52.7197306402784,enthusiastic,10,0,night,1,0,dry_texter,1,1
30,54.02626996462244,me,138,0.55,102.00479311298538,neutral,2,1,day,1,1,ghoster,0,0
9,56.02854270042328,them,114,0.97,119.06175504697364,dry,3,1,night,1,0,interested,0,1
22,5.411520230835959,them,2,0.57,114.08471603334307,neutral,9,0,day,1,1,casual,0,1
39,67.32317539860392,me,136,0.63,85.21656878043508,enthusiastic,1,1,night,0,0,interested,0,0
7,48.36698985661634,me,32,0.02,42.031962026064576,enthusiastic,5,0,day,1,0,dry_texter,0,0
50,66.58379199145918,me,21,0.63,77.17281757104043,enthusiastic,2,1,day,1,1,casual,1,1
35,5.652097452808056,me,163,0.47,32.85079698847653,dry,10,0,day,1,1,dry_texter,0,1
24,11.482607982861698,me,183,0.34,90.0966355073217,enthusiastic,0,1,day,1,1,interested,1,1
38,15.17829522083375,them,150,0.98,53.66215804838097,neutral,9,1,day,0,0,casual,0,1
10,57.22480795158761,me,44,0.36,20.248593602545462,dry,3,0,night,0,1,interested,1,1
17,47.339029328406305,me,53,0.08,65.75778976622537,enthusiastic,10,0,day,0,0,interested,0,1
32,70.28919296907539,me,9,0.5,109.63063811985272,enthusiastic,4,0,night,0,1,casual,0,1
26,24.81683387992294,them,161,0.71,23.989927679256304,neutral,5,1,night,1,0,interested,1,1
12,13.447204708464056,me,103,0.11,102.78147622146773,dry,8,1,day,1,1,interested,1,1
28,32.260177807424526,them,81,0.93,56.99637447196791,dry,7,0,day,1,1,casual,1,1
45,42.94900715433323,them,74,0.43,73.70673965169414,dry,1,1,night,0,1,ghoster,0,1
37,52.96521700405316,them,153,0.11,15.00354449857597,enthusiastic,4,0,day,0,1,ghoster,0,1
46,65.05337999417387,them,181,0.0,73.66330400692826,enthusiastic,1,1,day,1,1,interested,1,1
6,30.8047642168615,me,52,0.66,9.003689513616273,dry,9,0,night,0,0,dry_texter,0,0
33,59.36110561314063,me,109,0.09,83.64930662831901,dry,3,0,night,1,0,ghoster,0,1
15,68.61065499926285,them,79,0.46,24.231658246141603,enthusiastic,3,1,night,1,0,dry_texter,0,1
24,17.735194609178347,them,177,0.75,111.55791020119696,dry,8,1,day,1,1,ghoster,1,1
24,4.854237920108679,them,171,0.33,79.35542183291129,dry,1,1,night,0,1,ghoster,0,1
26,69.47850948388364,them,20,0.43,50.033968254177765,dry,1,0,day,1,0,ghoster,1,1
1,9.983012018901167,them,136,0.64,71.41763296175269,dry,8,0,night,1,1,ghoster,0,0
13,52.189702648558395,me,146,0.61,119.6785973325437,dry,1,1,night,1,1,ghoster,0,1
16,38.10412823045379,them,50,0.18,82.70985240254305,dry,2,1,night,1,0,dry_texter,0,1
17,68.90094373361795,them,148,0.34,82.39204042251563,enthusiastic,4,0,night,0,1,interested,1,1
9,31.584559839253217,them,54,0.36,65.84158584670091,neutral,0,0,day,0,0,interested,0,0
39,53.87780195962206,them,35,0.33,63.533577524487555,neutral,4,1,night,1,0,interested,0,1
35,5.915694863021176,them,64,0.85,37.76801856777641,enthusiastic,4,1,day,0,1,casual,1,0
37,5.314207833025838,them,3,0.65,61.33106824515429,dry,1,0,night,1,0,ghoster,0,1
9,25.785724061775394,me,190,0.98,94.05919137009188,dry,0,0,night,1,0,dry_texter,0,1
15,10.517619486134777,them,198,0.16,89.0060571339784,neutral,1,0,night,1,0,casual,1,1
28,56.23464821973882,them,148,0.41,99.6917242529208,neutral,6,0,night,0,0,interested,1,1
36,31.727335343215124,me,7,0.92,33.85181102062483,enthusiastic,3,1,night,1,0,interested,1,0
6,32.48631542796405,them,103,0.32,51.15692490308546,dry,8,0,day,0,1,interested,1,0
42,69.06230544711856,them,59,0.3,38.9535946447124,enthusiastic,9,0,night,0,1,casual,1,1
14,22.6529310746708,me,146,0.53,50.301315986510865,dry,7,1,night,0,1,dry_texter,1,0
28,7.559301399316665,them,163,0.75,21.070259068515817,enthusiastic,0,0,day,0,0,interested,1,1
6,71.97057824789059,me,121,0.4,68.21834037264077,neutral,10,0,night,1,0,interested,0,1
50,2.5225575542739573,me,112,0.3,63.39505422058865,dry,7,1,day,0,1,interested,1,1
14,45.39048568872249,them,182,0.15,111.35933935355241,enthusiastic,3,0,day,1,1,casual,0,1
45,23.678040304671242,me,107,0.72,13.880014950962366,dry,5,1,night,0,0,ghoster,1,1
29,68.01765944039279,me,100,0.86,77.26508916689046,neutral,1,1,night,0,1,casual,1,1
36,62.421295379815376,them,168,0.95,18.363918823737652,neutral,2,0,day,1,0,dry_texter,0,1
19,55.75611033202398,me,59,0.78,57.90223211053195,dry,3,1,night,1,1,casual,0,1
2,56.17881107707293,me,170,0.02,19.395558268720933,dry,0,0,night,1,1,dry_texter,0,1
47,53.01128179039703,me,81,0.57,105.4765802420513,dry,9,0,day,0,1,interested,1,1
4,59.335651312052065,them,131,0.79,83.91162486523845,dry,6,0,night,1,1,dry_texter,1,1
23,49.525407403290856,them,136,0.78,37.92619798070222,enthusiastic,5,0,day,0,0,ghoster,1,0
8,53.903982234955684,them,138,0.49,85.7670531457405,neutral,8,1,day,0,0,dry_texter,0,1
47,45.235248187966796,them,21,0.07,74.04313244961172,dry,4,1,day,0,1,ghoster,0,1
38,49.96553922633196,me,69,0.4,31.501492433299966,neutral,7,1,night,1,1,dry_texter,1,0
30,69.44138762335591,me,113,0.41,46.112960762203166,enthusiastic,7,1,night,0,0,interested,1,0
34,49.24474451703145,me,81,0.54,58.2620271086813,neutral,3,1,night,1,0,casual,1,1
8,20.016135301063994,me,104,0.71,93.1167600691662,neutral,5,1,night,0,0,casual,1,0
7,27.49587315604827,them,70,0.37,56.09709204898603,neutral,10,1,night,1,0,interested,0,1
34,43.79623527288656,me,76,0.67,58.432053379117576,enthusiastic,7,1,night,1,1,ghoster,0,1
18,27.197778546045733,me,29,0.43,75.85789839255122,dry,0,0,day,0,0,casual,0,1
22,24.734703770073402,me,58,0.28,21.368189103759732,neutral,7,1,night,0,1,interested,1,1
29,29.83926698607152,me,126,0.5,81.23099901999471,enthusiastic,3,1,night,1,0,casual,0,1
10,29.9481957859258,me,198,0.54,99.23173882283685,dry,8,1,night,1,0,dry_texter,0,1
47,22.241843373585944,me,41,0.79,67.27372025061122,enthusiastic,1,0,night,1,0,ghoster,0,1
48,65.9989962684232,me,39,0.15,36.96286143394355,neutral,2,1,day,0,1,ghoster,1,1
12,43.998499921603724,them,12,0.18,100.60298750865468,neutral,9,0,night,0,0,casual,1,1
41,51.30289889066838,me,47,0.21,5.476059949455509,dry,10,0,night,0,0,ghoster,0,1
25,61.35046844124447,me,177,0.13,8.19875963976916,dry,5,1,day,0,0,casual,1,1
9,28.626542773278928,them,164,0.96,49.084857347730896,neutral,8,1,night,1,1,interested,0,1
6,33.900455222642165,them,12,0.44,23.637431105447096,neutral,4,0,day,0,0,ghoster,0,1
18,29.847504364678176,me,23,0.58,69.4947797505323,enthusiastic,3,0,day,1,0,casual,1,0
18,45.20005456856284,me,199,0.94,19.892886631886938,enthusiastic,10,0,day,0,0,dry_texter,0,1
25,10.206810258240498,them,171,0.28,2.989216926346087,enthusiastic,5,0,night,0,1,casual,1,1
24,59.15484806682845,me,144,0.24,52.572635164183815,dry,1,1,night,0,1,dry_texter,0,1
30,19.156848781072725,them,117,0.91,72.26721178316988,dry,6,0,night,0,1,dry_texter,0,1
33,67.43154942495215,them,174,0.93,62.32886569207538,neutral,2,0,day,0,1,interested,1,0
38,22.88498356925468,me,58,0.7,32.696764900683064,enthusiastic,4,1,day,0,1,casual,1,0
17,23.93768904444523,me,170,0.39,45.52468708796164,dry,4,0,day,0,1,ghoster,0,1
11,8.383573569375022,me,175,0.06,61.68788348800818,dry,1,0,day,1,0,interested,1,1
23,54.748719561919046,them,68,0.82,88.20887653442875,dry,4,1,night,1,0,casual,0,1
12,34.34811762485528,me,161,0.43,62.2862262536752,enthusiastic,5,0,night,1,0,ghoster,0,1
10,13.214211725714662,them,165,0.41,25.612416272494745,neutral,7,1,night,1,0,interested,1,0
43,29.925233643032268,them,129,0.96,65.55095217283275,neutral,7,1,day,0,1,interested,1,0
37,67.8404983973181,me,22,0.08,108.52645157755022,enthusiastic,10,0,day,1,1,casual,0,1
3,11.01134532517504,them,170,0.81,69.00721210808774,enthusiastic,4,0,night,0,0,dry_texter,1,0
37,1.3094381106812758,me,90,0.05,49.32592899691916,enthusiastic,6,1,night,1,0,ghoster,1,1
38,19.969910244470604,me,114,0.89,31.790399469775238,neutral,5,0,day,1,1,interested,1,1
24,46.26442414598704,me,136,0.11,17.816488703472004,neutral,7,1,night,1,1,casual,0,1
10,60.83169940729074,them,126,0.94,96.09748235041229,enthusiastic,3,0,night,1,0,interested,0,1
24,68.48591689819065,me,66,0.89,75.37356221445857,neutral,9,0,night,1,1,dry_texter,0,1
8,14.271610867213557,me,17,0.42,12.233091724482419,neutral,8,0,night,1,1,interested,1,0
5,3.389846978755287,them,81,0.36,31.830942109775634,enthusiastic,10,1,night,0,1,ghoster,1,1
16,55.52700232699426,them,17,0.86,48.51026080440933,neutral,6,0,day,1,1,interested,0,1
27,6.247025716522701,me,176,0.09,53.3969882577342,neutral,1,0,night,0,0,casual,1,1
32,39.02656738348631,them,3,0.57,15.43234541047657,enthusiastic,0,0,night,0,1,interested,0,1
44,41.25219165670445,me,143,0.2,110.94434217865387,enthusiastic,0,0,day,0,1,ghoster,1,1
15,12.079264513037517,them,83,0.47,75.67098710312315,dry,2,1,day,1,0,ghoster,1,1
34,55.472777439017385,me,54,0.21,5.918141005437705,enthusiastic,0,1,day,0,1,interested,1,1
22,23.069840462670484,me,149,0.55,107.08476184930876,enthusiastic,7,0,day,1,0,interested,1,0
9,58.315099030190254,them,169,0.6,34.88084431871888,neutral,0,1,night,0,0,casual,0,0
5,25.990444085055746,me,167,0.97,53.380368000923895,neutral,1,0,night,1,0,dry_texter,0,1
15,2.2540589524844963,me,56,0.4,101.36164757167333,enthusiastic,8,0,day,1,0,interested,1,1
24,71.21880749702318,them,56,0.5,7.8573719776845845,neutral,7,0,day,1,0,interested,0,1
7,68.56649754300618,them,122,0.88,35.813199132288794,dry,2,1,night,0,1,interested,0,1
39,13.724637895107318,me,44,0.19,100.88855052114424,neutral,6,1,day,0,0,interested,1,0
10,6.104132193161526,me,121,0.43,18.975580854687475,dry,2,1,day,1,1,casual,1,1
42,8.470250403397415,me,178,0.28,12.388338921858054,neutral,6,1,night,0,1,interested,1,1
47,24.269371903618804,them,34,0.16,64.53535577032319,enthusiastic,1,1,day,0,0,ghoster,0,1
6,44.68405928384188,them,138,0.89,80.44736785102259,dry,1,0,day,1,0,ghoster,0,1
50,13.372590883805477,them,158,0.07,86.12394194321207,neutral,7,1,night,0,1,casual,1,0
21,34.18635102757823,me,108,0.6,47.29447679774292,dry,4,1,night,0,1,interested,0,1
2,7.382590925127342,them,185,0.35,14.290119063965625,dry,4,0,night,1,1,interested,1,0
37,56.99428985092282,them,71,0.16,72.14700090863296,dry,6,1,day,1,0,dry_texter,1,1
30,67.60958549940182,me,134,0.65,78.825647549696,neutral,4,0,night,1,0,casual,0,0
45,10.776525610289426,me,128,1.0,84.83834667150732,dry,3,0,night,0,0,interested,1,1
5,23.36151479373129,them,159,0.41,7.3479237261670285,dry,8,1,night,1,1,interested,1,0
40,53.15959773547879,me,192,0.35,52.4200003592621,neutral,0,0,night,1,1,interested,0,1
44,19.35867230115442,me,35,0.67,36.301377123709365,dry,3,0,night,0,0,interested,0,0
6,49.46763607622579,them,167,0.82,61.52429031477377,enthusiastic,6,0,day,0,1,ghoster,0,1
46,9.789875362230738,me,43,0.16,38.944798509185574,neutral,3,0,day,1,0,interested,1,0
25,15.397399003061429,me,7,0.25,46.25178398705731,enthusiastic,5,1,day,1,1,ghoster,1,1
23,6.014234508625029,me,17,0.52,108.47850820374428,dry,4,0,night,0,1,casual,0,0
7,42.839640697061164,me,33,0.55,69.1423364571422,neutral,6,1,day,0,1,interested,1,1
7,50.65711111731445,them,92,0.96,47.10031991058017,neutral,7,0,day,0,0,ghoster,0,1
15,7.730427324139579,me,63,0.34,66.6468270290162,neutral,2,0,day,0,1,ghoster,0,1
2,36.52280082162961,them,61,0.37,113.31444746635647,enthusiastic,10,0,night,1,0,ghoster,0,1
5,16.329543146052963,them,10,0.92,28.04834870201493,neutral,2,0,night,1,1,casual,1,1
46,71.59030864184524,me,91,0.32,21.0332825199551,enthusiastic,10,1,day,1,1,dry_texter,0,1
5,47.06692368274844,them,39,0.91,9.169417866139273,enthusiastic,4,1,night,1,0,casual,0,0
41,16.997898185039766,them,6,0.94,119.09456782628762,dry,5,1,night,0,1,ghoster,1,1
32,22.230659498454308,me,192,0.27,110.3694266057654,dry,5,1,day,1,0,ghoster,1,1
15,56.90227973196124,me,11,0.45,95.12176516846607,neutral,4,1,night,1,1,interested,1,1
6,47.4643698147777,them,198,0.73,78.75287244561497,dry,3,0,day,1,0,interested,0,0
47,11.05607529012376,me,120,0.64,58.441856348863226,neutral,4,0,day,0,1,ghoster,0,0
2,47.28007973301325,me,117,0.31,66.89770984451008,dry,8,1,night,0,0,ghoster,0,1
17,54.188865355163536,me,156,0.42,64.2386069921914,enthusiastic,2,0,day,0,0,casual,1,1
31,25.739120720712776,them,153,0.82,71.62348324523481,neutral,3,0,night,0,1,casual,1,0
37,37.08651870508426,me,58,0.95,22.08404784720599,enthusiastic,10,0,day,1,0,interested,1,0
34,17.648168037409576,me,4,0.27,105.14164712965214,dry,8,0,night,1,1,dry_texter,1,1
15,69.4508225766941,me,147,0.78,47.403615259374966,neutral,1,0,night,0,1,dry_texter,0,1
10,66.787658289369,me,137,0.59,50.28197819061428,neutral,0,0,day,1,0,dry_texter,0,1
31,11.934937117484704,me,105,0.5,31.723462340256756,neutral,10,0,day,1,1,casual,0,1
27,17.532559726531765,me,7,0.22,35.89971056095782,neutral,2,0,day,1,1,interested,1,1
14,57.73323935696736,me,174,0.03,72.52601727188225,dry,7,0,night,0,1,dry_texter,1,1
41,44.81282159844667,them,147,0.07,46.84546933485819,dry,5,0,day,0,0,dry_texter,0,1
13,38.04951601672872,them,169,0.03,70.35785940991431,enthusiastic,0,0,day,1,1,ghoster,0,1
12,40.964532900248564,them,179,0.44,32.47279058311941,dry,0,0,night,1,0,casual,0,0
31,48.02796367997573,them,182,0.95,42.72201632121255,neutral,7,1,day,1,0,casual,1,1
16,70.80914717949155,me,172,0.61,21.906303259971494,neutral,6,0,night,0,1,casual,0,1
41,30.459480733639104,me,169,0.32,89.76925767200991,neutral,10,1,night,1,1,casual,0,1
13,31.72639926682136,them,79,0.99,47.56394157564679,dry,1,1,day,0,1,interested,1,0
23,16.481309278246453,them,68,0.86,70.34948530833812,dry,0,0,day,0,1,interested,1,0
47,3.2928887021444426,me,74,0.15,37.4100412531853,enthusiastic,7,1,day,1,1,interested,1,1
41,53.36409715400879,them,162,0.25,46.96323098556414,dry,6,0,day,0,1,casual,1,0
35,20.363898339535876,them,72,0.94,91.42214966439388,neutral,9,0,night,1,1,dry_texter,0,1
29,7.990983889819683,me,46,0.62,63.53826681281452,enthusiastic,8,1,day,1,1,interested,1,0
6,4.9512559419026285,them,141,0.53,119.99485631097927,dry,8,1,day,1,0,ghoster,0,1
32,59.84712253028717,them,176,0.03,27.08800828784546,dry,1,0,night,1,0,interested,0,1
4,44.286839736790085,me,42,0.96,9.265246061754869,neutral,10,0,day,0,0,dry_texter,0,1
7,18.939060005455,me,34,0.65,61.212078393288515,enthusiastic,9,1,day,0,0,interested,0,0
11,34.32091742162244,me,112,0.24,93.11540862842912,dry,6,0,day,0,1,interested,1,1
28,18.219530228875225,them,34,0.87,78.5260640548088,dry,5,1,day,0,0,dry_texter,1,1
36,54.141712854823794,me,51,0.87,13.227472059471458,dry,8,0,day,1,0,casual,0,1
49,49.344103987788245,them,24,0.43,17.85195330823799,neutral,9,0,night,1,0,casual,0,1
18,63.0649432590461,me,33,0.81,105.13366479324692,dry,8,1,day,1,1,dry_texter,0,1
39,62.70578693416397,them,42,0.46,85.67973438996441,enthusiastic,0,0,night,0,1,interested,0,1
25,10.375315427258649,me,87,0.44,99.70548250480118,neutral,2,0,night,0,1,ghoster,0,1
49,5.260343847556283,me,81,0.48,29.506608950068326,enthusiastic,8,1,day,1,0,interested,1,0
6,37.203350217548135,me,130,0.13,34.508908702963424,neutral,5,1,night,0,0,ghoster,0,1
36,60.26846210932899,me,7,0.59,18.050578102259568,enthusiastic,1,0,night,0,1,ghoster,0,1
9,16.695605007245412,me,160,0.33,32.18672618781931,dry,2,0,day,1,1,ghoster,0,1
36,11.39893898323026,me,130,0.41,70.59736472448289,neutral,9,0,night,0,1,dry_texter,0,1
42,54.36231216404263,them,112,0.15,88.5596616994164,enthusiastic,7,0,night,1,1,dry_texter,0,1
22,38.23403935349022,me,71,0.4,12.530954427725801,enthusiastic,9,1,day,1,1,ghoster,0,1
28,67.46453454666786,me,118,0.4,77.41543110090498,enthusiastic,3,1,day,1,0,casual,0,1
46,15.193806714754114,me,139,0.93,98.19445890169328,neutral,3,0,night,0,1,dry_texter,1,1
30,56.27038555634917,them,165,0.61,27.358856377438315,neutral,9,0,night,1,1,interested,0,1
18,40.22438145396005,me,32,0.24,111.34243204023404,neutral,10,1,night,0,1,casual,0,1
50,45.9657882778081,them,84,0.34,73.1196696475966,dry,2,0,night,1,0,casual,0,0
8,66.75124047236557,them,34,0.32,103.94278086432597,enthusiastic,10,0,day,0,1,interested,1,0
10,16.407475237281865,them,152,0.08,49.891472806615376,neutral,10,0,day,1,1,ghoster,0,1
9,0.7479660860847401,them,32,0.8,118.5495648059197,neutral,10,1,night,1,0,dry_texter,1,0
1,32.85580897007391,me,174,0.02,45.493941155421716,enthusiastic,0,1,day,0,0,dry_texter,1,1
23,46.383855653946355,them,84,0.43,98.53643305700419,enthusiastic,0,1,day,0,1,interested,1,0
48,19.90609142973205,them,8,0.61,115.81968388270899,neutral,6,1,night,0,1,casual,1,0
22,63.74284614062314,me,120,0.68,36.215327532936044,enthusiastic,1,0,day,0,1,interested,1,0
1,27.221707225906037,them,157,0.52,100.0448593622779,enthusiastic,9,0,night,0,0,casual,0,1
18,59.49262971120359,me,49,0.99,85.00658175815359,neutral,7,0,night,1,1,casual,0,1
36,57.11252184119492,me,75,0.91,26.915909150755358,neutral,1,0,night,0,1,casual,1,1
8,37.17648604512337,me,130,0.98,66.52283384524101,dry,2,1,night,1,0,ghoster,0,1
45,8.550637981194676,me,133,0.42,102.48862473469632,enthusiastic,4,1,night,0,0,ghoster,0,1
10,55.60703588084048,them,14,0.62,56.40421075563235,neutral,9,0,night,0,1,interested,0,0
39,55.00550978254549,them,192,0.53,26.87424025366104,neutral,5,0,night,1,1,ghoster,0,1
34,13.069777318343547,me,151,0.1,116.31836057903423,dry,10,0,day,0,1,ghoster,0,1
49,7.6377148431046855,me,152,0.12,17.08909042303167,enthusiastic,9,1,night,0,1,casual,1,0
47,39.5966842710846,them,130,0.17,10.645585589876072,dry,3,1,night,1,1,interested,0,1
37,44.93047951350131,them,164,0.52,114.44773158094274,enthusiastic,1,1,night,1,0,dry_texter,0,1
14,32.80358274178426,me,118,0.02,1.4753133755920689,enthusiastic,8,0,day,1,1,casual,0,1
48,63.915422129095774,them,56,0.58,11.759288628040045,neutral,8,1,day,1,0,interested,0,0
43,70.19480965501491,them,154,0.86,61.25701425564115,dry,1,0,night,1,1,casual,0,1
34,36.95624828642891,me,33,0.41,81.35631067791425,enthusiastic,10,0,night,0,0,ghoster,0,1
3,5.517533247277898,them,28,1.0,102.9090130205501,neutral,10,0,night,0,1,interested,1,0
18,68.83456526620877,me,83,0.17,103.36079134714085,enthusiastic,8,0,day,1,1,ghoster,0,0
1,18.82586436427996,them,15,0.28,66.8664073544325,enthusiastic,7,1,night,1,0,interested,1,0
32,29.61404414324431,them,35,0.5,4.890192275840413,neutral,8,1,night,1,0,interested,1,0
20,28.80830933041679,me,109,0.76,60.161196046839386,neutral,4,0,night,0,1,dry_texter,1,1
25,42.11547246366153,me,20,0.33,81.6829385336163,neutral,0,1,night,1,0,ghoster,0,1
19,16.539102045365105,them,65,0.5,86.9284359162681,enthusiastic,6,0,night,0,1,ghoster,0,0
17,19.070330327878835,them,143,0.12,38.074071632353494,dry,10,1,night,0,0,ghoster,1,1
14,8.615217136550136,me,49,0.36,92.54836916079357,enthusiastic,10,0,day,0,0,interested,1,1
11,36.33554886897852,them,164,0.68,32.54242307275731,enthusiastic,4,1,night,1,0,dry_texter,1,1
16,21.808234401806068,me,148,0.44,12.011635325852122,dry,4,0,night,1,0,dry_texter,1,1
6,60.873633004212884,them,44,0.79,17.453595625218675,neutral,0,0,night,1,0,dry_texter,0,0
25,67.72802524414456,them,7,0.59,70.55332423209543,neutral,5,0,day,1,1,casual,0,1
13,58.045926081223314,them,139,0.79,18.95958788091055,dry,8,1,day,0,1,ghoster,1,1
34,4.62088727440826,them,45,0.82,81.36737287776431,neutral,9,0,night,1,1,dry_texter,1,1
38,50.987345253403625,them,165,0.6,58.174523145060974,neutral,7,0,day,1,0,dry_texter,0,0
8,58.045217970788784,them,86,0.94,96.9534561908796,dry,9,1,day,0,0,ghoster,0,1
50,69.26615643009562,them,110,0.16,77.91021912858551,dry,1,0,day,1,0,ghoster,0,1
23,27.47514022645865,them,59,0.33,17.391891253812794,enthusiastic,0,0,day,1,1,dry_texter,0,1
49,35.29063850624865,them,59,0.71,29.336744698083695,neutral,9,0,day,0,0,dry_texter,0,0
30,7.539246996281489,them,39,0.63,31.06095183300642,neutral,2,0,day,0,0,interested,1,0
50,55.17465701244261,me,113,0.05,49.800465465540164,enthusiastic,7,0,night,1,0,dry_texter,0,1
45,39.80823894526539,me,54,0.69,112.88209709327515,dry,6,0,night,1,1,casual,0,1
21,27.908715859197507,me,26,0.73,45.71987477957848,neutral,9,1,day,0,0,ghoster,0,1
5,32.387042230433664,me,200,0.39,118.48936355286772,neutral,9,1,night,0,0,casual,1,0
9,33.01283856391609,them,49,0.35,55.00335833943751,neutral,9,0,night,0,0,casual,1,0
17,41.66348276653391,them,176,0.1,11.756742718163917,dry,6,1,day,0,0,casual,0,1
11,46.131137242402176,me,156,0.17,104.27208388023077,neutral,7,0,night,1,0,dry_texter,0,1
37,60.990343390375614,them,198,0.33,41.11370218609033,dry,6,0,day,1,0,dry_texter,0,1
8,17.660107067416664,me,46,0.29,72.6532725964211,dry,7,0,night,0,0,casual,1,0
27,50.83967873170113,them,17,0.9,23.299113852860334,neutral,6,0,night,1,1,ghoster,0,0
41,67.06949534529305,them,89,0.3,38.092554973091175,neutral,3,0,night,0,0,interested,1,1
17,57.724071981310814,me,179,0.48,118.02773388858105,dry,2,0,day,0,0,dry_texter,0,1
41,12.922253927914578,them,121,0.48,67.14862641932034,dry,7,0,night,0,1,casual,1,1
23,67.68463797560554,them,166,0.57,48.366537794894086,neutral,2,0,day,0,0,casual,1,1
38,54.35370631150321,me,4,0.83,96.24880591926437,enthusiastic,6,1,night,1,0,ghoster,0,1
36,54.17833746018813,them,180,0.2,76.40631130550749,enthusiastic,5,1,night,1,0,interested,0,1
22,18.94044858179926,me,101,0.23,101.96321246765511,dry,9,0,night,0,1,interested,0,0
30,34.3284579848112,them,61,0.03,84.02092123700113,dry,7,0,night,0,0,casual,1,1
3,39.56997128045941,them,5,0.29,116.28332306107701,enthusiastic,7,1,day,0,1,ghoster,1,1
14,51.66030678265198,them,87,0.65,107.3035046418356,dry,1,1,night,0,0,dry_texter,1,1
31,65.65415882457692,them,119,0.18,8.314447566574257,enthusiastic,5,0,night,0,1,interested,1,1
16,8.90759750550166,them,145,0.07,28.411137475776073,neutral,2,1,night,1,1,interested,1,0
44,61.94329590322565,them,74,0.3,20.194987351917078,dry,4,1,night,1,0,ghoster,0,1
31,22.793209586229693,me,24,0.46,20.722404615708022,enthusiastic,4,1,day,0,0,casual,1,0
9,64.4696049087862,them,28,0.01,56.9939416617051,enthusiastic,9,1,day,0,0,interested,1,0
26,46.28013109839249,me,50,0.15,12.402547666934526,dry,3,0,night,0,1,dry_texter,0,1
38,13.38352809450774,me,62,0.65,86.01438318878022,enthusiastic,9,0,night,0,1,interested,1,1
2,57.05298964589102,them,93,0.56,33.59866290993886,enthusiastic,0,1,night,0,0,interested,1,0
8,34.7092636690121,me,36,0.87,84.9644399666743,dry,1,1,night,0,0,ghoster,0,1
9,59.65564181176232,them,161,0.31,47.62594038382094,dry,3,1,day,0,1,ghoster,0,1
9,50.59488202840574,me,133,0.28,114.64924245067192,enthusiastic,5,1,day,1,1,casual,1,1
48,61.63513415121969,me,13,0.84,9.336931514551624,enthusiastic,9,0,day,0,1,interested,1,0
35,10.771636990959486,me,137,0.41,5.705682021113708,enthusiastic,4,0,day,0,0,interested,1,0
20,35.588582281110476,me,153,0.31,107.97218309403583,neutral,1,1,night,0,1,dry_texter,1,1
13,39.78627134736778,me,193,0.08,21.942627046742,dry,0,1,night,1,1,dry_texter,0,1
31,46.77037139181084,them,117,0.19,44.175998933156784,neutral,2,0,day,1,1,ghoster,0,0
11,71.86699108377583,me,62,0.97,17.371980773070156,neutral,8,0,night,0,0,interested,1,0
9,28.443685434255784,me,26,0.91,41.930447918897684,neutral,0,0,night,1,0,dry_texter,0,0
25,47.3067651277909,them,184,0.49,46.08395280883762,enthusiastic,6,0,night,0,1,casual,1,1
39,13.047938319114957,me,4,0.93,98.7219756224044,enthusiastic,7,0,night,1,0,dry_texter,1,1
12,67.54962432814858,me,193,0.15,29.33617674217501,neutral,1,1,night,0,0,casual,1,1
26,28.992179016090006,me,44,0.77,9.018926807981792,neutral,10,1,day,0,1,interested,1,0
28,46.760561984495325,them,157,0.4,15.22698062962398,dry,9,1,day,1,0,interested,1,0
29,46.04805348422283,me,165,0.39,116.66450415277768,enthusiastic,1,1,day,0,0,ghoster,1,1
25,64.19943474293787,them,2,0.03,9.356089033864668,dry,7,1,day,1,1,casual,1,1
39,46.922053275591374,them,85,0.88,46.141695441789516,neutral,5,0,night,1,1,interested,0,0
29,31.299648917587533,them,85,0.48,94.33747233129546,neutral,1,0,night,0,1,casual,1,1
47,60.03066070224505,me,90,0.99,47.541529343399645,dry,0,0,day,0,1,dry_texter,0,1
37,4.043828303336523,them,144,0.68,72.39706970546297,neutral,9,1,day,1,1,casual,1,1
2,2.2076103132740608,me,133,0.85,49.582008442067185,dry,9,0,day,0,0,ghoster,0,0
33,12.180158477446824,me,38,0.49,78.53554312239663,enthusiastic,7,1,night,0,0,interested,1,1
42,16.82900508631956,them,186,0.47,119.92351032735878,neutral,5,0,day,0,0,interested,1,0
16,53.77347692561463,them,124,0.44,5.700862643272611,dry,10,1,night,0,1,interested,0,1
33,30.583532921721925,them,191,0.9,33.38049674736364,dry,4,1,day,1,1,dry_texter,0,1
29,4.750983764999326,them,58,0.85,32.00472162914191,dry,2,0,night,1,1,casual,1,1
25,29.219240151297683,me,77,0.01,41.54474506720395,enthusiastic,7,0,night,1,0,ghoster,0,1
48,11.94042033655499,them,35,0.68,22.96325824989197,neutral,6,0,day,0,0,ghoster,0,0
28,18.702604755389576,me,164,0.17,25.955417958922517,dry,1,1,day,0,1,casual,1,1
22,14.250550670825945,me,192,0.73,19.91120365046233,enthusiastic,8,0,day,1,1,casual,1,1
40,41.91380315843502,them,130,0.6,18.522671375842464,enthusiastic,4,0,day,1,0,ghoster,0,1
34,68.21415408321795,me,53,0.15,97.83144786967608,dry,3,1,night,1,0,ghoster,0,1
15,17.723881648179894,them,137,0.71,89.22158095498767,dry,8,0,night,0,1,dry_texter,0,1
15,6.881850018094458,me,55,0.52,65.6807953974538,enthusiastic,9,1,night,1,1,ghoster,0,0
25,66.02876488114723,me,8,0.25,50.346530631627736,neutral,0,0,night,1,1,casual,0,1
36,19.04920701892736,them,178,0.63,74.06998587427472,enthusiastic,5,1,day,0,1,interested,1,0
24,47.00073304902945,them,104,0.4,2.215985491425885,enthusiastic,6,1,night,1,1,dry_texter,0,1
4,51.59055861203524,me,152,0.49,84.26693284747736,enthusiastic,7,1,day,1,0,casual,0,1
30,39.731783889638436,them,138,0.12,58.30233567023066,neutral,10,1,day,1,0,interested,1,0
35,16.545929888849926,them,191,0.31,14.810106413607656,neutral,3,0,night,1,1,ghoster,0,1
29,9.640707238531654,me,72,0.19,58.364210335580296,dry,10,0,night,0,0,interested,1,1
6,36.984641241389376,them,180,0.96,46.28109498053913,neutral,3,0,night,0,1,dry_texter,1,1
21,3.3032045006418285,them,152,0.09,54.01803458690308,dry,10,1,day,1,1,interested,1,1
7,70.52081013555556,me,122,0.88,86.17899357268836,enthusiastic,0,0,night,0,1,dry_texter,1,1
20,41.02310295622886,them,38,0.66,39.147386259581204,enthusiastic,6,1,day,1,1,casual,0,1
38,15.744940232683327,them,68,0.91,103.0958519938037,neutral,8,1,night,0,0,casual,1,1
23,33.80959297064227,them,182,0.83,71.72141241653068,neutral,1,0,day,0,0,interested,0,0
14,38.19069494456938,me,101,0.04,65.5908261107953,neutral,7,1,night,1,0,casual,0,1
5,71.36156156894651,me,38,0.14,88.7017894420016,dry,9,0,night,1,1,interested,1,0
50,35.36376755984801,them,107,0.64,2.54431102417153,dry,3,1,night,0,0,ghoster,0,1
37,53.015811492506714,them,193,0.07,22.37534318113979,neutral,0,1,night,1,1,casual,0,1
31,0.7732267768652505,them,137,0.91,33.200947277062184,dry,3,0,day,1,0,dry_texter,1,1
42,31.6144290774713,them,29,0.32,60.69521811015582,enthusiastic,2,1,night,0,0,ghoster,1,1
33,30.498623154949097,me,73,0.9,44.5986109494339,neutral,3,0,night,1,0,casual,0,0
23,5.048363812854228,them,89,0.47,70.23365531310338,neutral,4,1,day,0,1,interested,0,1
21,1.0310504972611723,me,103,0.81,107.78677566225603,enthusiastic,1,1,day,1,0,interested,1,0
7,19.40961559940044,them,156,0.29,62.17268239816671,dry,0,0,night,1,1,dry_texter,1,1
22,37.72061474665138,me,34,0.45,104.652363623996,dry,6,1,night,0,0,interested,1,0
22,35.964129159383,me,99,0.92,101.79820752032651,dry,3,0,day,0,0,casual,0,0
1,15.767656398144302,them,195,0.11,109.02939329593937,neutral,7,1,day,1,1,casual,0,1
8,52.379740729531676,them,100,0.94,119.85367289912371,enthusiastic,7,0,night,0,1,interested,1,1
7,66.39170371508725,them,136,0.23,37.472267389806866,enthusiastic,4,0,day,0,1,ghoster,0,1
7,24.265441713324673,them,97,0.92,96.45637886571592,neutral,10,0,day,1,1,casual,0,0
44,44.710749221789804,them,129,0.28,103.87106575944709,enthusiastic,9,0,day,1,1,ghoster,0,1
12,62.360879496272695,me,181,0.31,94.68007259935253,neutral,9,1,night,0,0,dry_texter,1,1
40,8.155918096318732,me,94,0.99,33.98399841807812,neutral,8,0,day,1,1,interested,1,0
33,1.5370194731075477,them,55,0.51,87.40609612326386,dry,9,1,day,0,1,interested,1,0
32,56.85172434973556,them,25,0.16,79.98976130891718,dry,7,1,day,0,0,interested,1,1
37,11.999877419804763,me,72,0.72,2.458046613115302,enthusiastic,6,1,night,0,0,dry_texter,1,0
7,5.28780040302836,them,86,0.96,81.27624709301993,enthusiastic,0,0,day,0,0,dry_texter,0,1
28,14.778576751803055,me,116,0.25,110.10586392347524,enthusiastic,5,1,day,0,1,casual,1,1
4,2.9096289909870157,me,11,0.89,88.21634912662643,neutral,8,0,day,1,1,casual,1,1
39,7.316474917715593,them,30,0.42,63.82579361271226,neutral,6,0,night,1,0,ghoster,0,1
39,56.44665958549606,me,85,0.78,62.52517750570942,dry,10,0,day,0,0,casual,0,1
2,41.996265398061524,them,84,0.37,116.72683937620266,dry,4,0,day,0,0,dry_texter,1,1
20,52.6768515588953,them,164,0.44,10.573270138562075,neutral,8,1,night,0,0,dry_texter,0,1
43,56.9205558523828,them,96,0.86,83.04152831981341,neutral,3,1,day,0,0,interested,1,0
10,60.47520901620745,them,188,0.42,47.53625223803271,enthusiastic,9,1,night,1,0,ghoster,0,1
28,52.55059240820981,me,157,0.15,109.13122183606895,enthusiastic,1,0,day,1,1,casual,1,1
46,29.90171653434384,me,167,0.66,27.068769411619996,enthusiastic,9,1,night,0,1,casual,1,1
36,25.781720242646347,them,82,0.07,62.928990586012446,enthusiastic,1,1,night,0,0,interested,1,0
37,3.298639501874958,me,15,0.92,26.318544316491305,neutral,3,0,night,0,0,dry_texter,0,0
49,38.63240426145698,them,72,0.43,69.72611868727824,enthusiastic,6,0,day,1,1,dry_texter,0,1
20,17.20770355329249,them,141,0.22,79.2330051885546,neutral,3,0,day,0,1,casual,0,1
7,36.06807423543344,me,45,0.13,87.48400902212977,enthusiastic,4,0,night,0,1,ghoster,0,1
35,19.803501929958827,them,69,0.03,24.57486203576502,neutral,1,0,day,1,1,ghoster,0,1
31,62.10750096118529,them,49,0.84,103.82977075130611,neutral,8,0,day,1,1,dry_texter,0,1
4,38.27254295770297,me,98,0.3,28.458548534845367,neutral,9,1,day,0,0,ghoster,0,1
17,2.4046592508205835,them,147,0.65,39.538077530428296,neutral,10,1,day,1,1,ghoster,1,1
25,71.15558619815242,me,89,0.1,31.596499344941744,dry,2,1,day,0,0,casual,1,1
46,38.2549511916944,me,198,0.36,25.282151869076838,enthusiastic,5,1,night,1,1,interested,0,0
42,47.541468210809555,them,196,0.9,33.288436748766856,neutral,8,0,night,0,0,interested,0,0
43,7.802983693600745,me,133,0.05,36.74330964247688,enthusiastic,3,1,day,0,1,interested,1,1
25,14.505197237233775,me,16,0.14,40.57824917626632,dry,3,1,day,0,0,dry_texter,1,0
6,23.223596570065034,me,147,0.1,17.094181409080086,dry,1,0,day,1,0,casual,1,1
20,66.59854400361347,me,67,0.25,101.53633802066689,neutral,6,0,day,0,0,casual,0,1
8,56.74210166556433,me,193,0.53,71.12896901205134,neutral,0,0,night,1,0,ghoster,0,1
42,50.09997702188451,them,80,0.89,8.064447242238444,dry,1,0,day,1,0,casual,0,1
26,43.749813482166935,me,196,0.74,34.78671878882463,enthusiastic,0,0,night,0,1,interested,1,0
2,13.47942305350927,them,200,0.88,119.90843701158539,enthusiastic,4,0,day,0,0,casual,0,1
22,62.10281762701548,me,47,0.58,57.62912180765999,dry,8,1,night,1,0,dry_texter,0,1
22,70.9883729122437,me,99,0.72,111.77035278111302,enthusiastic,10,1,day,0,1,dry_texter,1,1
19,26.193785662969837,me,169,0.4,56.15263447065433,neutral,8,0,night,0,0,dry_texter,1,1
49,16.28895881639177,them,69,0.25,42.745113705842726,enthusiastic,4,0,night,1,1,interested,1,1
17,10.607800400331662,me,64,0.28,3.3616649582818594,enthusiastic,4,0,day,0,0,dry_texter,0,1
23,62.27295973469449,them,142,0.75,61.89723076288623,enthusiastic,1,0,night,1,0,dry_texter,0,1
33,13.562851056397554,me,129,0.33,104.00717694254166,dry,8,1,day,0,1,dry_texter,1,1
32,65.98966290176021,me,144,0.5,12.59174489734514,enthusiastic,1,0,night,1,0,ghoster,0,1
41,0.6935484623975698,me,173,0.01,72.8849339107387,enthusiastic,4,0,day,1,1,interested,1,1
39,9.469847718817523,them,67,0.99,96.19414499708196,neutral,10,0,night,1,1,interested,0,1
4,66.60554999856056,them,89,0.3,28.615949887544755,neutral,1,1,night,1,1,dry_texter,0,1
50,34.99986600828554,me,128,0.48,15.67518130561618,neutral,0,0,day,0,0,dry_texter,0,0
5,12.924995112899074,them,22,0.59,23.27157229188179,neutral,9,1,night,1,1,interested,1,0
25,7.619579709232787,me,57,0.28,64.60289838525902,neutral,3,1,day,0,1,dry_texter,0,1
7,58.09607572581401,me,136,1.0,105.40455043352482,neutral,4,0,day,0,0,casual,1,1
40,49.89837297596428,them,126,0.94,31.499566732762432,enthusiastic,0,0,day,1,1,ghoster,0,1
45,45.181345533421606,me,171,0.78,37.40805873620505,dry,6,0,night,1,1,interested,0,1
33,5.7592546372408355,them,154,0.8,118.31864520493701,neutral,9,1,day,1,1,ghoster,0,1
28,56.992927203628625,them,185,0.1,76.33893308699174,dry,3,0,day,1,0,interested,0,1
45,52.93394500716842,them,24,0.75,61.43917879364548,dry,8,0,day,0,1,ghoster,0,1
37,37.21508604126346,me,53,0.22,112.96778017100718,dry,6,1,day,0,1,interested,0,1
33,1.9152618511486237,me,185,0.1,105.70524123769847,dry,4,0,day,0,0,ghoster,0,1
39,49.584690273138094,me,126,0.79,72.4918378915895,dry,1,0,day,0,0,interested,1,0
21,50.00751174494353,me,29,0.67,54.26047704846039,enthusiastic,3,0,night,1,0,casual,0,0
48,27.243809591499648,me,128,0.81,93.13989795825644,dry,9,0,night,0,0,dry_texter,0,1
9,24.938395821879066,them,149,0.03,76.88753801909571,enthusiastic,0,0,night,1,0,interested,1,1
5,9.853530230860779,them,4,0.23,40.53136560591661,neutral,0,1,day,0,0,dry_texter,1,1
4,45.76446829893755,them,126,0.91,68.28629047714116,neutral,7,1,night,1,1,casual,0,1
19,22.971027431658346,me,167,0.8,54.89803149976021,dry,0,1,day,0,1,casual,1,1
16,7.8996454619553855,me,137,0.63,48.363465477025116,neutral,2,1,night,0,1,casual,1,1
47,34.303334085159975,me,27,0.55,105.66683327355973,enthusiastic,3,0,day,0,0,dry_texter,0,0
28,22.052843120637863,them,169,0.07,54.42802340271916,enthusiastic,0,1,night,1,1,ghoster,0,1
25,0.264248896890245,me,21,0.0,7.795816363944681,enthusiastic,9,1,night,0,0,interested,1,0
25,46.627279935619946,me,54,0.31,33.11807842398811,enthusiastic,8,0,day,1,1,casual,0,1
12,45.49459687365131,them,120,0.17,1.8380735440968536,enthusiastic,2,0,day,0,0,dry_texter,0,1
32,54.425860011689984,them,140,0.26,75.94783516220721,neutral,3,1,day,0,1,dry_texter,0,1
1,25.508582072123342,me,74,0.78,76.7424728223208,enthusiastic,9,1,night,0,1,dry_texter,1,1
17,9.831682138307265,them,98,0.07,116.04749074807383,enthusiastic,5,0,day,0,1,casual,1,1
29,63.5079058475043,them,91,0.62,69.54469458483564,dry,10,1,day,0,1,ghoster,0,1
45,70.6749770578574,them,189,0.41,43.78713234895685,enthusiastic,10,1,day,0,0,casual,1,1
40,56.17920597756346,me,65,0.08,112.11464411503599,neutral,6,1,night,1,1,casual,0,1
9,7.996015656908779,them,11,0.57,90.9282930271951,dry,6,1,night,1,0,casual,1,0
6,18.74195620077262,me,42,0.57,58.467786237795465,enthusiastic,9,0,day,0,1,ghoster,0,1
3,66.15061627092089,me,20,0.58,54.081237464667325,enthusiastic,1,1,day,0,0,interested,1,0
44,0.9057097598860695,me,193,0.71,101.71700609507786,enthusiastic,2,0,day,0,1,interested,1,0
23,14.258128581723614,them,70,0.93,105.82492903809931,enthusiastic,5,0,night,1,1,interested,1,0
35,19.692524024410773,them,24,0.31,16.570269074772696,dry,2,0,day,0,1,dry_texter,0,1
30,34.68094060670651,me,43,0.6,6.392573226753235,enthusiastic,7,0,day,0,1,dry_texter,0,1
22,67.08184582688162,them,15,0.88,69.7203650293331,dry,3,0,day,1,0,ghoster,0,1
6,68.61545800312037,me,77,0.14,25.40291289067806,enthusiastic,9,1,day,0,1,dry_texter,1,1
44,34.5983458203265,them,17,0.18,76.08239650748229,dry,2,1,day,0,0,dry_texter,1,1
29,33.38694446399887,me,192,0.88,64.97965123232167,neutral,2,1,day,1,0,dry_texter,0,1
20,4.701211075478589,me,23,0.58,76.4667556256054,enthusiastic,2,0,night,0,1,interested,1,0
42,6.807881862805401,me,9,0.24,27.278438073511715,enthusiastic,2,0,night,1,0,ghoster,0,1
19,61.80898749590301,them,19,0.58,69.99894268091464,neutral,3,0,day,1,1,dry_texter,0,1
36,66.48867070028156,them,119,0.98,73.979107821617,enthusiastic,1,0,night,0,1,ghoster,0,1
47,17.487518295933217,me,24,0.57,113.33273348645432,enthusiastic,6,1,night,0,1,ghoster,0,1
33,26.265591878280183,me,112,0.18,50.64131621275466,enthusiastic,4,0,night,0,0,casual,0,0
42,5.09054543735236,them,194,0.05,117.93704154186061,dry,2,0,night,0,1,ghoster,0,0
44,3.926594470854451,them,26,0.79,72.11627757501381,dry,8,0,day,1,1,interested,1,1
43,63.448175569831704,me,84,0.32,73.72727640344564,dry,1,1,night,0,1,interested,1,0
17,55.650344025339955,me,50,0.36,50.443730710811515,enthusiastic,5,1,night,1,1,dry_texter,0,1
12,60.830439651159494,me,76,0.82,100.42412899306485,dry,5,0,day,0,0,dry_texter,0,1
23,12.657188498394031,me,125,0.92,54.75949710654841,enthusiastic,2,0,day,1,1,interested,1,0
47,24.76565491283483,me,60,0.62,116.21239828916035,neutral,8,1,day,0,0,interested,1,1
6,20.59103064833253,me,52,0.35,117.46247829556776,neutral,5,1,night,1,0,dry_texter,0,1
16,16.362249872300968,me,131,0.92,32.867316768258995,dry,9,0,night,1,1,dry_texter,0,1
28,41.75788699048872,me,81,0.55,103.27286554202905,enthusiastic,6,1,day,0,0,ghoster,1,1
33,68.56517574110106,me,98,0.6,43.84658114806764,neutral,5,1,day,0,1,dry_texter,1,1
45,1.5774579229051104,them,116,0.67,35.690711839939766,enthusiastic,2,1,day,1,1,casual,1,0
10,7.974137800017214,them,19,0.97,92.8832445459562,enthusiastic,7,0,night,0,0,interested,1,0
35,33.76986168078684,me,15,0.82,5.990141350945214,neutral,9,0,day,0,0,dry_texter,0,0
2,57.62087238502508,them,26,0.54,76.00542312263707,neutral,1,1,day,1,1,ghoster,0,1
50,17.82778099001128,them,8,0.89,75.24722297382596,enthusiastic,7,0,day,1,0,casual,1,1
42,53.46413190074607,me,14,0.75,27.530585279507765,enthusiastic,2,0,day,0,1,ghoster,0,1
18,51.57168804161326,me,29,0.66,71.40092786099976,dry,8,1,night,1,0,dry_texter,0,1
27,58.864161969934464,them,127,0.41,65.88921687157215,dry,8,0,day,0,0,dry_texter,0,1
20,15.952612058251013,them,172,0.17,83.0863656288923,dry,7,1,day,0,0,interested,1,1
43,16.919228899299387,me,166,0.6,115.17780464870603,dry,9,0,night,0,1,dry_texter,0,1
34,15.589092548923086,them,76,0.51,35.46990681063801,neutral,9,1,day,1,0,casual,1,0
10,7.419616189086893,me,109,0.61,93.6449190526464,enthusiastic,4,1,day,1,1,dry_texter,0,0
30,30.828351549436963,them,63,0.77,36.19483973237154,neutral,6,1,night,0,0,casual,1,0
22,69.29582497590754,me,78,0.47,91.15367118856605,enthusiastic,6,0,night,0,1,ghoster,0,1
47,0.9790005042628183,them,71,0.39,59.57087620319359,enthusiastic,1,0,night,0,1,ghoster,1,1
2,26.437522749724465,me,104,0.11,35.177595205744495,neutral,8,1,day,1,0,ghoster,0,1
11,11.153857948494771,me,157,0.91,78.5796183701524,enthusiastic,3,1,day,0,0,dry_texter,1,0
47,2.0346488625357013,them,11,0.6,29.017381443480648,dry,6,0,night,1,0,dry_texter,0,1
26,20.794309740437505,them,149,0.83,2.4358387695806663,dry,9,1,night,1,0,interested,1,1
43,0.8220727050262129,me,166,0.19,13.71764335319993,dry,6,0,day,0,1,ghoster,0,1
34,67.63838791898911,them,36,0.75,20.93202228801782,neutral,9,1,night,1,0,casual,0,1
26,35.40566897602795,them,73,0.24,103.53951938428486,neutral,10,0,night,1,1,dry_texter,0,1
31,32.396808992308806,them,129,0.22,25.535755780834368,neutral,5,1,night,1,0,dry_texter,0,1
6,18.72862790808096,me,55,0.45,21.696307406515267,dry,4,1,night,0,1,ghoster,1,1
16,20.18398192748828,me,166,0.15,99.59686135907805,enthusiastic,2,0,day,1,0,casual,1,1
34,18.157808563727578,them,75,0.93,3.9248828705991667,neutral,2,1,day,1,0,casual,0,0
6,61.45333836889119,me,63,0.44,69.23095076173472,enthusiastic,6,1,day,1,0,casual,0,1
37,26.800591481862824,them,123,0.45,77.26070353222103,dry,10,1,day,1,0,casual,0,1
47,7.3880749236020415,them,37,0.25,90.54919171693338,neutral,7,0,day,1,0,dry_texter,1,1
30,37.05535203650503,me,114,0.04,102.11034428394642,enthusiastic,1,1,day,1,1,dry_texter,0,0
10,38.22628122110875,me,134,0.67,10.698293592059787,dry,6,0,night,1,0,dry_texter,1,1
10,0.9975954840144112,me,47,0.53,36.03776366471975,dry,10,0,day,0,1,ghoster,0,1
15,43.25408322021035,them,62,0.41,57.124185785103215,enthusiastic,2,1,day,1,0,dry_texter,0,1
2,19.685656202214503,them,24,0.46,114.25121198658718,neutral,0,0,day,1,1,dry_texter,1,1
13,56.95809491025012,them,40,0.86,83.35289037767045,dry,1,0,day,1,0,ghoster,0,1
47,26.750544809675638,me,36,0.8,62.397977333432145,enthusiastic,2,0,night,1,1,ghoster,0,1
34,18.49366096891263,them,96,0.67,85.53075223538251,enthusiastic,4,0,day,1,0,casual,1,0
48,40.58003180054682,me,146,0.86,108.61774907249414,enthusiastic,7,0,day,1,0,ghoster,1,1
8,5.329410540148728,them,3,0.85,61.947960871019234,neutral,10,0,night,1,1,casual,1,0
10,25.632641337491616,them,32,0.27,94.07780226469845,dry,0,1,day,1,1,dry_texter,0,1
16,43.93509291482707,me,192,0.61,59.68419784789194,dry,1,0,night,0,1,interested,1,1
7,54.64985497190653,them,32,0.98,18.531030554249114,neutral,8,0,day,0,0,ghoster,0,1
29,59.55322697237423,them,193,0.8,92.37777490511107,dry,8,0,day,1,1,ghoster,0,0
7,7.3797840654928315,them,38,0.02,116.99187470022564,neutral,0,1,day,0,1,ghoster,1,1
1,27.941289879778253,them,189,0.41,85.24357210449564,enthusiastic,1,1,night,0,0,ghoster,1,0
20,48.872911299408884,me,39,0.83,18.47323258627931,dry,0,0,night,1,0,ghoster,0,1
48,54.699649565389684,them,53,0.4,113.22837070787998,neutral,10,1,day,0,1,ghoster,0,0
43,9.65230593189259,them,66,0.6,47.082803943188814,dry,1,0,night,1,1,ghoster,0,1
39,23.110140186805356,them,159,0.92,31.97819156672799,enthusiastic,8,1,day,0,0,interested,1,0
2,52.943716907165246,me,67,0.84,89.8008632408714,dry,7,1,night,1,0,dry_texter,0,1
24,30.433699344241834,me,100,0.39,75.62872468606663,dry,2,0,night,1,0,casual,0,1
23,62.604830573089785,them,35,0.16,42.876512731894486,enthusiastic,0,1,day,0,1,dry_texter,1,1
42,12.463144640198204,them,150,0.92,41.56080122896058,neutral,10,0,night,1,0,interested,0,1
26,57.752518597701396,me,132,0.78,91.66191760586268,neutral,5,0,night,1,0,ghoster,0,1
9,15.066443125254725,me,191,0.8,115.58972744040376,neutral,0,0,day,0,1,ghoster,0,1
30,35.42145548128773,me,22,0.34,75.01097674019763,enthusiastic,3,0,night,0,0,interested,1,1
50,65.65757537631035,them,128,0.31,103.81097812770055,dry,8,0,day,0,1,casual,0,0
11,3.4823517069798253,me,167,0.48,98.35980323109195,dry,2,0,night,0,0,dry_texter,0,0
6,67.34479141553761,them,54,0.38,7.271062779140043,enthusiastic,6,0,night,1,0,casual,1,1
14,65.98955154070651,me,86,0.83,89.12448336714311,dry,7,0,night,0,1,ghoster,0,1
21,5.748097843200292,me,9,0.85,115.3615154606342,neutral,6,1,day,0,0,interested,1,0
18,9.136721682109371,me,53,0.01,74.65360710978943,enthusiastic,1,0,night,1,1,interested,1,1
24,45.07151588690223,me,104,0.59,99.01468952954764,enthusiastic,8,1,night,0,0,ghoster,1,1
37,71.00994719252463,them,110,0.02,105.62092788881708,neutral,7,1,day,0,0,interested,1,1
24,55.38512719689493,them,86,0.84,32.140562079035575,dry,5,0,night,1,0,ghoster,0,0
18,7.423131826338194,them,67,0.76,68.32061649533064,dry,1,1,day,0,1,casual,1,1
43,61.312946435636675,them,55,0.58,82.58958973423246,enthusiastic,3,1,day,1,0,ghoster,0,1
18,2.1498827929276088,me,84,0.64,114.58523434432371,neutral,9,0,day,1,0,casual,0,0
16,39.319542810510455,me,35,0.69,49.28069463386043,enthusiastic,1,0,day,1,1,casual,0,0
40,56.18405791648135,me,191,0.37,42.349993011348126,dry,5,1,night,1,1,ghoster,0,1
17,10.808401008841779,me,52,0.07,55.299346030426115,neutral,10,1,day,1,1,dry_texter,1,0
15,63.63534346377149,them,15,0.19,40.55469123822022,dry,0,0,day,0,0,casual,1,1
27,60.22257266938487,me,26,0.47,59.6351604877277,neutral,3,0,day,0,1,interested,0,1
36,6.6207510934332205,me,35,0.85,35.375839605798454,enthusiastic,8,0,day,1,0,interested,1,0
12,16.86549212580575,them,95,0.07,97.73221615336857,enthusiastic,2,1,day,0,1,interested,1,0
46,21.70686357384769,them,164,0.51,8.773811010376807,neutral,7,0,night,1,0,dry_texter,0,0
37,16.417234886712638,them,183,0.07,100.68738034684864,neutral,8,0,day,0,1,ghoster,0,0
39,56.52943621847648,them,67,0.05,113.41934959119428,enthusiastic,1,1,night,0,1,dry_texter,0,1
29,22.161621699817676,them,51,0.88,34.8349876492932,enthusiastic,2,0,day,0,1,interested,0,0
34,55.9200780968541,them,12,0.84,3.462972693203443,dry,10,0,day,1,0,interested,1,1
17,9.276619841060496,me,23,0.56,54.37709734167095,neutral,9,0,night,1,1,casual,1,1
50,67.42023674539288,me,104,0.58,46.77636463473493,dry,7,0,night,1,0,interested,0,1
21,30.44474889661168,me,8,0.7,44.99110031119654,enthusiastic,3,0,night,1,0,ghoster,0,1
18,60.93571137135196,them,194,0.49,34.78835167385801,dry,7,1,night,0,1,ghoster,0,1
48,21.962569433983433,me,33,0.47,20.37661805799314,neutral,9,0,day,0,1,casual,0,0
16,28.693204437462708,them,160,0.3,96.69627821071131,neutral,5,1,day,1,1,interested,0,1
4,55.53526848268606,them,31,0.26,12.743087856595888,neutral,1,1,day,0,0,dry_texter,0,1
4,45.33924902640768,me,69,0.67,81.85213394903305,neutral,9,1,night,1,0,ghoster,0,1
9,37.91674483718246,me,43,0.7,26.69045567941021,dry,9,0,night,1,1,ghoster,0,1
39,69.26902367319816,them,11,0.39,104.96923239276174,enthusiastic,4,0,day,0,0,casual,1,1
13,61.01805126650293,me,68,0.67,87.4046850386049,dry,5,1,night,1,0,ghoster,0,1
27,69.5458912931194,me,187,0.17,42.63022486001038,enthusiastic,6,0,night,1,1,ghoster,0,1
43,38.73809632723099,them,60,0.95,14.8710855159106,dry,0,0,night,1,1,ghoster,0,1
3,42.13423649341248,me,190,0.81,66.46848387074587,neutral,6,0,day,1,1,interested,0,1
31,67.14871568067507,them,168,0.09,21.03303560399624,neutral,9,0,day,0,0,interested,1,1
31,39.91174091268646,me,191,0.68,97.79401391714325,neutral,6,1,night,0,1,dry_texter,0,1
17,2.1096280782473267,them,59,0.54,116.10315902161544,enthusiastic,5,0,night,1,0,dry_texter,1,1
5,33.46576332710101,me,81,0.59,86.35118053444883,enthusiastic,6,0,night,1,0,interested,1,1
21,8.424922985788541,them,199,0.47,103.314752016265,enthusiastic,2,1,night,1,0,ghoster,1,1
5,18.808126593867247,me,51,0.35,64.53235252723158,enthusiastic,10,0,night,1,0,interested,1,1
1,54.21422069367009,them,159,0.87,8.746507783246024,dry,3,0,day,0,1,dry_texter,1,1
50,5.3802186746822755,them,136,0.95,107.26599006383228,dry,8,1,night,1,1,dry_texter,1,1
32,53.148123828059326,me,191,0.86,24.074717336601143,enthusiastic,4,1,day,0,1,dry_texter,1,1
9,45.283257418634456,me,170,0.21,48.55597082645477,enthusiastic,3,0,night,0,1,ghoster,0,1
22,62.97466114485948,me,78,0.19,25.247289206465883,enthusiastic,9,1,day,1,1,casual,1,1
22,43.94224686521548,me,12,0.02,22.722368649405652,enthusiastic,8,0,night,0,1,dry_texter,0,1
34,12.974159799546563,me,161,0.27,72.12561444037718,dry,4,1,day,1,0,dry_texter,0,0
16,34.282700999876845,them,106,0.16,101.69269836998774,enthusiastic,1,0,day,0,1,casual,0,1
27,21.252464274182508,me,78,0.27,89.0175581962245,dry,8,1,night,0,0,ghoster,1,0
29,41.79936028758076,me,4,0.74,26.956712632644223,neutral,6,1,day,0,0,dry_texter,1,1
19,30.11923688076283,me,166,0.68,79.63408766098722,dry,3,0,day,1,0,casual,0,1
43,71.16883109660984,them,157,0.78,87.86751002971471,dry,7,0,night,1,1,ghoster,0,1
42,21.73900482624723,me,99,0.54,8.212180953484564,enthusiastic,8,0,night,0,0,dry_texter,1,1
16,44.65105061176676,me,194,0.08,119.75164980673678,dry,1,1,day,0,1,casual,1,1
24,35.952837441381575,them,127,0.05,53.45541323402921,neutral,0,0,night,1,0,ghoster,0,0
48,64.56057027436329,me,107,0.8,10.172445317585192,enthusiastic,6,1,night,1,1,interested,0,1
25,33.26321478728031,them,155,0.8,105.56942700873694,enthusiastic,3,1,day,1,0,dry_texter,0,1
5,50.9699850690006,me,6,0.91,70.36275178605084,neutral,6,1,night,0,0,ghoster,0,1
28,3.294952948677789,me,11,0.19,108.52999398314556,neutral,3,1,day,0,1,interested,1,0
14,66.09229680327907,them,139,0.19,6.939563639881005,neutral,5,0,day,1,1,ghoster,0,1
40,36.69830021070891,me,67,0.05,68.86880657312173,dry,1,1,day,0,1,dry_texter,0,1
23,18.980223579958324,me,186,0.45,28.79098204949228,dry,5,1,night,1,1,interested,1,0
13,25.686077399070545,me,7,0.47,7.2961009651607975,dry,10,0,day,1,1,ghoster,0,1
30,24.51882138344628,me,12,0.96,50.25138460712564,dry,6,1,day,1,0,ghoster,0,1
38,1.4750493570078236,me,109,0.71,53.751923085443124,enthusiastic,2,0,night,0,1,dry_texter,0,0
27,62.178552441803134,me,103,0.44,6.142583527589039,dry,4,0,day,0,1,dry_texter,0,1
31,23.705723397873456,them,39,0.17,75.1738386980758,dry,7,1,day,1,1,ghoster,0,1
1,31.199091704583385,them,155,0.07,85.79662954549127,dry,0,0,day,1,1,dry_texter,0,1
1,8.19487380108976,them,44,0.63,87.34898151248952,enthusiastic,8,0,day,0,1,casual,0,1
32,61.657401188422014,me,175,0.67,27.239443101257507,neutral,5,1,night,0,0,casual,0,1
40,70.64583983821437,me,81,0.82,106.91061558140986,enthusiastic,2,1,night,0,1,ghoster,0,1
4,24.366996780666874,me,45,0.34,106.67857565794381,neutral,5,1,night,1,1,interested,0,0
38,27.371477279679972,them,19,0.44,66.01971977981044,neutral,5,1,day,1,1,dry_texter,0,1
22,19.618472952093914,them,69,0.75,28.45296401625449,enthusiastic,0,0,night,1,0,ghoster,0,0
37,39.425935231243606,them,35,0.57,75.03302995373596,neutral,1,0,night,0,0,casual,1,1
39,68.04266604708033,them,47,0.48,45.13692990110922,dry,8,1,night,0,0,casual,0,1
17,30.966317570825304,them,76,0.56,103.98058562043563,enthusiastic,5,0,day,0,0,casual,1,1
32,13.525640334744711,them,77,0.43,23.925670336060776,enthusiastic,9,0,night,0,0,dry_texter,1,1
47,41.975824888271504,them,69,0.23,11.749007210883889,dry,4,0,day,0,0,interested,1,0
41,39.33409535958169,them,187,0.35,104.63234528627164,neutral,0,0,night,0,1,casual,0,1
7,56.46843151813169,me,149,0.43,79.37305052376234,enthusiastic,7,0,night,1,1,interested,0,1
17,0.09830159737554833,me,83,0.15,101.29607597828151,neutral,10,0,day,1,0,ghoster,0,1
15,16.01592208337849,them,76,0.48,106.57386159364978,dry,8,1,day,1,1,dry_texter,1,1
34,57.72410959684862,them,63,0.54,34.71846850837267,neutral,7,1,day,0,0,interested,1,1
44,21.219087202610844,me,171,0.54,93.79058776477163,dry,7,1,day,1,0,casual,1,1
44,14.551295828678988,me,99,0.52,35.00638962899436,neutral,10,1,night,1,1,dry_texter,1,1
9,68.03828116907397,them,21,0.96,74.38686172674996,enthusiastic,7,1,night,0,1,dry_texter,1,1
2,55.48530110902539,me,24,0.69,59.35114245343346,neutral,2,0,night,0,1,interested,0,0
31,34.93961230375731,me,123,0.06,94.227883371405,neutral,1,1,night,0,0,interested,0,0
37,55.916854513650556,them,184,0.1,89.35769234755686,dry,0,1,day,0,0,casual,0,1
8,23.957299643344793,them,200,0.05,104.661390876161,neutral,0,1,night,1,1,dry_texter,1,1
30,3.3293438490433447,them,166,0.64,108.53381773577101,dry,4,1,night,0,1,ghoster,0,0
45,7.1743178296497225,me,9,0.9,113.60737137672656,dry,6,1,day,0,1,dry_texter,1,0
43,10.606999768720843,them,91,0.43,104.41083068024808,dry,5,1,night,1,0,dry_texter,1,0
40,51.54876748018572,them,63,0.24,99.68973189821706,dry,3,1,day,0,0,interested,1,1
14,21.709467312862323,them,198,0.89,55.24371597158491,enthusiastic,3,0,night,0,0,dry_texter,1,1
5,17.14475744941668,me,169,0.92,49.90127617305815,enthusiastic,8,0,night,0,0,casual,1,0
12,3.4711945659378385,me,5,0.46,12.907363002485924,enthusiastic,1,0,day,1,0,ghoster,1,1
11,8.14956761342832,me,165,0.09,42.895344176824565,dry,1,1,night,1,1,casual,1,1
2,15.935182963969364,me,38,0.79,66.72754860092553,dry,10,0,day,1,0,dry_texter,0,0
17,60.977734339383375,me,63,0.8,85.45341225450113,neutral,0,1,night,0,1,interested,0,1
27,35.939412885718944,me,75,0.27,22.104894263982857,dry,10,1,night,1,0,casual,0,1
14,43.90112668641201,me,95,0.57,86.09594719450472,enthusiastic,7,1,day,1,1,casual,0,1
9,43.14729801286241,them,175,0.83,74.2887638848131,enthusiastic,6,0,day,1,0,ghoster,0,1
6,42.83816786566109,me,51,0.71,55.51562367208175,dry,9,0,night,0,0,casual,0,1
1,20.456566712811295,them,96,0.62,51.57285727746432,neutral,3,0,day,1,1,ghoster,0,1
2,56.00045202264182,me,24,0.37,37.78455979274049,dry,5,1,day,1,0,casual,0,1
48,12.710713476357814,them,10,0.76,11.815746885480388,enthusiastic,8,0,night,0,1,dry_texter,0,1
5,1.7863677638347273,them,127,0.86,103.17462649015454,neutral,1,0,day,1,1,ghoster,0,1
8,12.461975413380575,them,121,0.34,73.07111904929927,enthusiastic,8,0,day,1,0,ghoster,0,1
35,31.42639688155642,them,173,0.67,38.15980158058013,neutral,6,0,day,0,1,casual,0,1
45,16.353706408819072,them,22,0.05,85.95213156783784,dry,8,0,night,1,1,dry_texter,1,0
15,48.01270843111,them,131,0.22,29.110944541817716,enthusiastic,9,0,day,1,0,casual,0,1
37,5.870218612808502,them,167,0.86,80.71112339638643,dry,7,0,day,0,0,ghoster,0,1
12,35.77403111590174,me,178,0.32,55.21484737808531,neutral,9,0,day,1,0,interested,1,0
50,27.067774115815503,me,83,0.08,30.545691107826713,neutral,7,0,night,0,0,ghoster,0,1
35,22.599161557195128,them,168,0.42,45.56557956870276,enthusiastic,4,1,night,0,1,dry_texter,1,1
32,36.68927497879023,them,163,0.6,91.66386368908313,enthusiastic,9,1,day,1,1,casual,0,1
30,19.36332037698159,them,198,0.25,90.30578697835227,neutral,1,1,day,1,1,ghoster,0,1
30,59.93593887093555,them,24,0.31,28.308438060632714,dry,5,1,night,1,1,ghoster,0,1
34,63.86794714317044,them,84,0.19,100.49774372769193,enthusiastic,7,1,night,1,0,casual,0,1
32,6.1024465126401735,me,124,0.69,72.69392955939384,enthusiastic,5,0,day,0,1,ghoster,1,1
47,35.46913454281061,them,47,0.65,68.15519922344626,dry,1,1,day,0,0,casual,1,1
2,30.57269083180988,them,74,0.7,107.34247294521647,dry,1,1,day,1,0,interested,1,1
44,25.422023488003006,them,11,0.13,113.93752997428734,neutral,0,0,night,0,0,ghoster,0,1
15,59.613710484529605,me,94,0.48,39.64162189560221,enthusiastic,9,0,night,1,0,casual,0,1
47,68.16675327074559,me,118,0.04,96.53501892000627,dry,0,0,night,1,0,dry_texter,0,1
15,60.41573655080672,me,42,0.04,24.791597397528157,enthusiastic,6,0,day,0,1,casual,0,1
14,19.346344306660864,them,190,0.62,40.38827590178659,dry,9,0,night,0,1,casual,1,1
29,46.13976677864938,them,198,0.65,1.7966817418301442,enthusiastic,5,0,day,0,1,ghoster,0,1
41,45.30629131089965,me,7,0.06,4.896083395080508,dry,3,1,night,0,0,ghoster,0,1
5,60.284649050204465,them,109,0.15,110.95096550504229,neutral,1,0,night,1,1,casual,0,1
25,65.16494780489403,me,21,0.17,31.506153811117574,enthusiastic,10,1,night,1,1,casual,0,1
30,3.71435642893391,me,74,0.13,34.530344063956335,enthusiastic,4,1,night,1,1,ghoster,1,1
50,21.85692863146908,them,17,0.94,31.87273589130874,neutral,6,1,day,1,0,interested,1,0
4,20.195027556652185,me,125,0.55,69.11506649358046,neutral,2,0,night,1,0,dry_texter,0,1
25,34.50429364557784,them,189,0.36,82.68757731691024,neutral,3,0,day,1,0,dry_texter,0,1
22,10.497016182433,me,23,0.25,90.24066545827385,dry,9,1,day,1,1,casual,1,1
31,48.42373554888196,me,84,0.53,18.61333179107229,neutral,3,1,day,0,1,dry_texter,1,1
49,7.642795154019429,me,4,0.52,91.02122844647737,enthusiastic,10,0,night,1,1,dry_texter,1,1
28,49.03825114450043,them,123,0.86,68.52594056948041,neutral,9,1,day,0,1,casual,0,0
25,15.411211497968948,them,83,0.51,55.40314000249823,enthusiastic,5,0,night,1,0,ghoster,0,1
25,12.195606218032017,them,95,0.29,96.61279024567733,neutral,3,1,day,1,1,dry_texter,1,1
29,68.28153129051717,me,101,0.09,69.47306244141556,neutral,9,1,day,1,1,casual,0,1
5,26.576995266910178,them,27,0.98,16.93955912262596,enthusiastic,0,0,night,0,1,ghoster,0,1
45,35.834152081070116,me,57,0.53,29.154307803748935,dry,8,0,day,1,1,interested,0,0
41,4.30243222461592,them,54,0.81,87.8907406752994,neutral,4,0,night,1,1,casual,1,0
38,42.45978462618041,them,41,0.06,48.42968122689631,dry,8,0,day,0,0,interested,1,1
14,52.60416760000513,them,185,0.22,114.42869725443738,dry,9,1,night,0,1,casual,0,1
21,27.48407714518877,them,87,0.29,53.06015712791405,dry,4,1,day,1,1,dry_texter,0,1
33,10.31158121977954,them,85,0.94,64.1514071523834,enthusiastic,3,0,night,1,0,casual,1,1
38,56.53400849698404,them,183,0.02,80.97497520004742,neutral,10,0,day,1,1,ghoster,0,1
21,67.34295267247585,them,176,0.92,37.89589815377072,enthusiastic,1,1,night,0,1,casual,0,1
34,70.01001598257977,me,164,0.28,96.46322200944995,dry,1,0,night,1,1,ghoster,0,1
25,16.79770207313602,me,175,0.13,41.70870457956831,enthusiastic,5,0,night,0,0,casual,0,1
8,60.934895547898996,them,38,0.62,97.70068086972428,enthusiastic,6,0,day,1,1,dry_texter,0,1
16,8.114483788556527,me,106,0.45,50.02248144648194,enthusiastic,7,0,day,1,0,ghoster,0,1
29,36.37642404536999,me,10,0.71,107.72917351620168,neutral,10,1,night,1,0,interested,0,1
15,27.354482807811515,them,44,0.78,98.65072105659188,enthusiastic,7,0,night,0,1,dry_texter,0,0
50,33.86179204573148,me,164,0.12,15.026207140511081,dry,2,1,day,0,0,ghoster,0,0
38,7.754560523642324,them,35,0.72,36.58918399330406,dry,3,1,day,0,1,ghoster,0,0
39,11.220368390767256,me,17,0.02,9.742469373048605,enthusiastic,3,0,night,1,0,casual,1,0
49,63.46212877273776,me,66,0.14,109.2608464683236,neutral,4,1,day,1,1,ghoster,0,1
7,63.207776051762345,me,199,0.97,54.14518802383523,neutral,9,1,night,0,0,dry_texter,1,0
40,60.03471861862092,me,197,0.53,20.445396874694637,neutral,9,1,night,0,0,casual,0,1
9,5.133648630798422,me,75,0.6,16.486679156469734,dry,4,0,day,0,1,dry_texter,1,0
30,12.02341872542744,them,38,0.02,79.69976050059667,neutral,1,1,night,1,1,ghoster,0,1
17,53.22232584917423,them,41,0.41,61.2932774411968,enthusiastic,9,1,night,0,0,casual,1,1
18,4.888515018373476,me,3,0.36,22.72441469006034,enthusiastic,0,1,day,1,1,casual,0,1
20,25.292067731362486,them,200,0.27,92.17181570551536,enthusiastic,8,0,day,1,0,casual,0,1
3,63.63444577673257,them,36,0.1,53.18500992990635,neutral,0,0,day,0,0,ghoster,0,1
23,50.747077330401865,me,143,0.87,88.82938343988826,neutral,4,1,night,0,1,dry_texter,0,1
48,5.91336303742529,me,34,0.19,110.90810838577518,enthusiastic,8,0,night,1,0,dry_texter,0,1
12,16.734649824041284,me,199,0.24,94.61177647798847,neutral,8,1,night,1,1,dry_texter,1,1
21,69.33331238475603,them,100,0.87,45.70806326601093,enthusiastic,6,1,day,0,1,ghoster,0,1
37,15.770489201902773,me,126,0.78,16.520751084679212,neutral,0,1,night,1,1,ghoster,1,1
9,42.5551764631589,them,68,0.18,104.26591932609242,enthusiastic,8,0,night,1,1,dry_texter,0,1
13,2.394733506952777,them,63,0.42,5.060600443834096,dry,4,1,day,0,0,dry_texter,1,1
22,16.08418913468971,them,165,0.65,71.23362437962173,dry,2,1,day,1,1,casual,1,1
6,64.04599939314066,them,38,0.59,50.89455254159205,enthusiastic,1,1,night,1,1,interested,1,1
36,28.838317306431588,me,84,0.66,37.575497869929656,enthusiastic,4,0,night,0,1,casual,0,0
28,39.07338396590165,them,11,0.2,80.61774603775137,neutral,1,1,day,1,0,ghoster,0,1
13,49.05367588463326,them,12,0.87,8.010361881838975,dry,0,0,day,0,1,ghoster,0,1
18,52.775638061653055,them,178,0.48,73.12888369335649,enthusiastic,7,0,night,0,1,ghoster,0,1
4,71.41917367901463,me,90,0.22,42.91386770568716,enthusiastic,9,0,night,0,1,interested,1,1
33,53.92949539189941,them,30,0.9,72.42912866629764,neutral,7,0,night,0,0,interested,1,1
4,66.32319875137495,them,97,0.91,19.409781208459783,dry,7,1,day,0,1,ghoster,1,1
9,31.843780124535442,me,69,0.41,80.98521869199317,enthusiastic,6,1,day,0,0,interested,1,1
22,35.415563017929664,them,66,0.78,13.123395600319084,enthusiastic,8,1,day,0,0,dry_texter,0,0
36,52.67924056890966,me,192,0.13,116.62811111467165,dry,0,1,night,0,0,casual,0,1
1,3.8280048947072975,them,192,0.19,42.212976534735574,neutral,1,0,day,1,0,casual,1,1
2,66.63693429409952,them,193,0.34,106.81778312274524,neutral,1,1,night,0,0,casual,0,1
21,59.67863093565812,them,30,0.96,107.45026335768212,enthusiastic,10,0,day,0,0,casual,0,0
32,40.17040891326006,me,159,0.1,41.79146236392722,dry,9,0,night,0,0,ghoster,0,1
16,25.138685136233004,me,119,0.14,56.868476201493245,enthusiastic,3,0,day,0,1,dry_texter,0,1
40,1.5874144356207545,me,129,0.0,73.17285922416406,neutral,7,0,night,0,1,interested,1,0
49,68.04088735734439,them,161,0.39,3.6026369949615673,neutral,1,0,day,1,1,ghoster,0,1
5,60.95512721773944,me,60,0.65,15.822254056728946,enthusiastic,0,1,day,1,1,interested,0,1
7,35.548368918960094,me,120,0.18,53.82611543774075,dry,4,1,night,0,0,interested,0,0
2,39.99633939541727,me,181,0.69,46.64277383110152,neutral,0,1,night,1,0,dry_texter,0,1
23,44.735489606496856,me,37,0.53,18.72474622798513,neutral,0,0,night,0,1,interested,0,0
21,4.4556016141763894,me,127,0.74,71.2178260330575,enthusiastic,2,1,day,1,1,ghoster,0,1
24,20.036953336026976,them,45,0.96,34.66609587014254,dry,4,1,day,1,0,interested,1,0
46,16.250916479489657,me,95,0.36,81.19848184300812,enthusiastic,7,1,night,0,1,interested,1,0
13,66.17094011330003,them,78,0.65,106.86990140169223,neutral,7,0,day,1,1,ghoster,0,1
12,25.225519582759627,them,93,0.94,16.08087699902609,dry,8,1,night,0,0,casual,1,1
23,45.91009810329532,them,95,0.46,48.37125504098169,neutral,8,1,night,1,1,dry_texter,0,1
3,44.236762113390185,me,68,0.62,7.882432386815985,enthusiastic,3,1,day,1,0,casual,1,1
34,30.144991438497474,me,103,0.45,25.22821825848201,neutral,9,0,night,1,0,interested,0,0
1,64.04059621153121,them,153,0.12,32.68581851129333,dry,10,0,night,1,1,casual,0,1
9,12.144205166227028,me,198,0.5,19.223090728233743,neutral,5,0,day,0,1,dry_texter,0,1
28,66.18354453770239,me,27,0.28,110.53789460951126,enthusiastic,4,0,night,0,1,casual,1,1
34,34.754008672856315,me,10,0.23,112.30458146260084,dry,4,0,night,1,1,interested,0,1
32,57.067924714351676,them,50,0.95,18.918554792445708,neutral,0,0,day,1,0,ghoster,0,1
38,38.020531791773045,them,167,0.81,107.24760414548557,enthusiastic,9,1,day,0,0,casual,1,1
29,28.580614497511753,me,148,0.68,100.12085298020432,neutral,8,0,night,1,0,dry_texter,0,1
25,17.754183447235164,them,70,0.75,59.33087812263569,enthusiastic,3,0,night,0,1,interested,1,1
13,39.93623855397141,them,57,0.78,48.568991054535665,neutral,7,1,night,0,0,dry_texter,0,0
41,51.89002213513319,me,175,0.21,52.84008069126007,neutral,10,0,day,0,1,interested,0,1
26,66.13780693123968,me,46,0.54,108.9788113406636,enthusiastic,5,0,night,1,0,ghoster,0,1
5,33.01381728091006,me,35,0.75,114.46785170242757,dry,5,1,night,1,0,casual,0,1
7,59.01567372837486,them,76,0.31,46.33303255364554,enthusiastic,4,0,night,0,0,ghoster,0,1
1,48.410448607626904,them,21,0.3,14.791700837281372,enthusiastic,1,0,night,0,0,dry_texter,1,1
36,30.63072242020564,me,131,0.91,25.73831320216103,dry,0,1,day,1,1,dry_texter,0,1
35,59.15321475918655,them,169,0.41,83.85227646767548,dry,9,0,day,0,1,casual,0,1
15,52.10371925742906,them,183,0.0,85.75056431518418,neutral,9,0,day,0,0,dry_texter,0,1
6,25.90394208601375,them,16,0.51,22.015312728098905,neutral,5,1,day,1,1,interested,0,0
20,65.99431567094133,me,118,0.94,36.14485068883772,dry,9,0,night,1,1,dry_texter,0,1
29,12.80647076877012,me,124,0.44,71.05404023540326,neutral,4,0,day,0,1,dry_texter,0,1
21,25.742464536587235,me,168,0.58,56.46213569790016,dry,2,1,day,1,1,casual,0,1
30,60.406553268867356,them,162,0.74,40.62767426116829,dry,4,0,day,0,1,ghoster,0,1
49,67.58783720596712,them,51,0.66,99.30602933885982,dry,2,1,day,1,1,casual,0,1
20,60.19702361782773,me,42,0.7,92.70527488547938,dry,7,0,night,1,0,interested,0,0
9,70.16224435503071,them,148,0.22,2.7836154478693667,neutral,9,0,day,1,0,dry_texter,0,1
18,27.831245507390577,me,140,0.34,115.04319916681756,neutral,8,1,day,0,1,ghoster,0,1
2,6.5404837527544215,me,30,0.36,69.53506858765041,dry,0,0,night,1,0,interested,1,0
40,71.45680787850077,them,121,0.51,83.0307246968186,neutral,1,0,day,1,1,ghoster,0,1
13,20.49122007608947,me,74,0.13,37.67138879361088,enthusiastic,9,0,night,1,0,ghoster,0,1
17,42.21036171812359,me,57,0.69,3.1691230153205585,dry,4,0,day,0,1,dry_texter,0,1
33,63.80378343838028,me,73,0.74,23.556142305774856,neutral,0,1,night,1,1,interested,0,1
42,39.67094947204164,them,14,0.1,55.894562237502456,neutral,0,1,night,1,0,interested,1,0
36,26.72773923573454,them,4,0.54,25.299051665436888,enthusiastic,0,1,night,1,0,casual,0,1
9,61.035334606561165,me,30,0.75,49.17635136142541,neutral,1,0,day,0,0,ghoster,0,1
2,20.5974987995928,them,33,0.94,41.892079399081254,dry,7,0,night,0,1,casual,0,1
44,45.04743363405723,me,19,0.61,119.13737458560837,dry,1,0,day,0,1,dry_texter,1,1
29,8.51509458888528,them,116,0.6,6.050357330908062,enthusiastic,3,0,night,0,0,interested,1,0
39,24.49477437394732,me,103,0.32,50.308557766700126,neutral,9,1,night,0,0,dry_texter,1,1
9,58.45963384572662,me,121,0.85,58.11759142426657,neutral,0,0,night,0,1,interested,1,1
14,3.4425387945816777,me,60,0.26,65.1069456557402,neutral,8,0,day,1,0,ghoster,0,1
12,3.0373782137836676,me,133,0.02,4.846876635366163,neutral,1,1,night,0,0,ghoster,0,1
18,21.429046780119197,me,143,0.77,60.24111777162439,dry,1,0,night,1,0,interested,0,1
13,13.968941494717816,me,135,0.03,117.31370367239147,neutral,6,1,night,1,0,dry_texter,1,1
10,21.069463882342692,me,137,0.52,51.042661763067876,dry,5,0,night,1,1,casual,0,1
40,4.205897837467878,them,9,0.07,97.57218320637679,neutral,2,1,day,0,0,ghoster,1,1
44,6.8996447020199625,them,12,0.56,108.42794591794977,dry,6,1,night,1,0,ghoster,0,1
8,36.32832676374176,them,21,0.46,15.779451835146377,neutral,4,0,day,0,0,dry_texter,1,1
5,57.19605218447321,them,141,0.52,90.34652193327942,neutral,6,0,day,0,0,casual,0,1
20,6.41015240849601,me,171,0.71,31.09520879025376,dry,3,0,night,0,1,dry_texter,1,0
40,27.55778070904062,me,7,0.99,70.04189127433037,dry,7,1,day,1,0,casual,0,1
17,53.047844427217214,them,186,0.03,20.141246483251198,enthusiastic,7,0,night,1,0,interested,0,1
24,27.004982308039686,them,151,0.98,118.83765242218641,enthusiastic,10,0,night,0,1,casual,0,1
22,68.31249531287158,me,98,0.16,33.622430711287926,dry,5,0,day,0,0,casual,0,1
13,11.979290737288665,me,45,0.5,45.89967422805726,enthusiastic,0,1,night,1,1,casual,1,1
25,49.883430179253956,them,185,0.3,68.32830558516572,enthusiastic,5,1,day,0,1,ghoster,0,1
27,38.21146687976518,them,189,0.38,53.050437923158015,enthusiastic,3,0,day,1,1,dry_texter,0,0
1,27.120912033154784,me,124,0.84,27.762148192346356,dry,6,0,night,1,0,ghoster,0,1
28,71.01490328728602,me,97,0.71,86.73476266835956,dry,0,0,night,0,0,dry_texter,1,1
33,57.40492727116619,them,183,0.77,42.82740020678298,neutral,10,0,day,1,1,casual,0,0
43,22.765246845290594,me,191,0.74,16.080211827159836,neutral,2,0,day,0,1,dry_texter,1,0
17,48.482607447116244,them,34,0.56,21.579833943258176,neutral,10,0,day,0,1,dry_texter,1,1
1,66.24517298785834,me,4,0.63,5.055379775491623,neutral,0,0,day,1,1,casual,0,1
22,32.63504756488564,them,92,0.82,107.33684825901999,enthusiastic,4,0,night,1,1,ghoster,0,1
42,37.218375566979546,me,143,0.89,28.121882848111742,dry,3,1,day,0,1,interested,0,1
44,16.795193531248813,me,196,0.41,73.81323224220273,enthusiastic,2,0,day,1,0,interested,1,0
15,44.1786545622209,them,100,0.87,68.9624868299031,enthusiastic,3,0,night,0,1,ghoster,1,1
30,17.132387759275716,them,197,0.51,119.85149656258189,dry,9,1,day,0,0,ghoster,0,1
25,41.12332692671169,them,9,0.02,9.89286359164323,neutral,6,0,night,0,0,ghoster,0,1
26,29.68668292384427,them,149,0.11,101.26949493308494,dry,6,0,night,1,0,casual,0,1
31,1.1731927762241545,me,132,0.54,106.54214301149344,enthusiastic,8,0,day,0,1,dry_texter,0,0
12,17.8092415818437,me,148,0.22,72.55283503071735,neutral,0,1,day,0,1,dry_texter,1,1
42,24.979562536690125,them,38,0.16,41.55182072907232,dry,6,1,day,1,0,ghoster,0,1
12,31.830257300078536,them,52,0.22,33.79530205325382,enthusiastic,2,1,night,1,0,casual,0,1
34,2.6110301348649783,me,135,0.37,33.16584240188989,dry,7,1,night,1,1,interested,1,0
3,20.531639344438467,me,106,0.72,63.62881717918051,dry,4,1,day,1,1,interested,1,0
17,11.066578074323466,them,183,0.27,92.32462912989189,neutral,0,1,day,1,0,casual,0,0
41,6.379091517050929,me,30,0.59,7.057047321564334,neutral,9,0,night,1,1,casual,1,0
28,31.609834310075644,me,74,0.86,83.77438508550937,enthusiastic,0,0,night,1,1,dry_texter,0,1
45,27.61963041754374,them,106,0.45,15.331523709822974,neutral,6,1,night,1,1,ghoster,0,1
20,50.522910399353044,them,191,0.45,114.8277075388314,dry,3,0,day,1,0,casual,1,1
42,43.38191792240668,them,150,0.53,58.759106669913336,dry,8,1,day,0,0,casual,1,1
35,71.39664110263512,me,9,0.53,45.02578614368359,enthusiastic,8,1,night,1,0,ghoster,0,1
37,22.52410733750095,me,196,0.65,85.40335977639124,neutral,2,0,day,0,1,casual,1,1
7,17.462291127364505,them,110,0.61,49.21919330387698,enthusiastic,10,1,day,0,0,casual,1,0
22,48.96329031637953,me,81,0.34,74.1723916222741,enthusiastic,6,1,day,1,1,casual,1,1
6,10.256018225867834,them,107,0.7,22.030313589052316,neutral,3,1,day,1,0,dry_texter,0,1
46,51.72784543884576,me,145,0.38,22.95788562772023,dry,5,1,night,1,1,casual,0,1
38,64.85190153783499,them,128,0.16,30.655066294570144,enthusiastic,6,1,day,0,0,dry_texter,0,1
2,9.0288176476928,them,50,0.59,98.8911152490231,neutral,8,1,night,0,1,casual,1,0
35,37.55631203590812,them,8,0.48,105.21336977060437,dry,1,1,night,1,1,interested,1,1
40,68.03079832499913,them,123,0.3,81.66094640589543,enthusiastic,0,1,day,1,1,ghoster,0,1
1,44.235325632837366,me,141,0.27,89.08666863357212,neutral,1,1,day,0,0,casual,0,1
34,34.52401354273116,them,170,0.75,15.249148222338029,neutral,3,1,day,1,1,interested,1,1
32,70.67428415968212,me,104,0.66,73.70257786058588,dry,2,1,night,1,0,ghoster,0,1
13,34.468849859296625,them,192,0.98,33.69539195737236,enthusiastic,3,0,night,0,1,ghoster,1,1
49,40.610217295897506,me,43,0.01,14.88954521921364,enthusiastic,6,1,night,0,1,interested,1,1
34,42.11468302899053,them,183,0.55,8.819889847517214,dry,5,0,night,1,0,interested,1,1
41,25.169278235289188,me,180,0.04,29.783418313426843,enthusiastic,0,1,day,0,0,ghoster,1,1
16,13.823477520408868,them,126,0.11,105.33360383183387,enthusiastic,5,0,night,0,1,interested,1,1
29,23.486401528643384,them,168,0.45,48.48291709926993,neutral,9,0,night,1,0,ghoster,0,1
29,41.18580740451579,them,185,0.72,72.18349246022346,dry,3,1,night,1,1,dry_texter,0,1
5,21.256437008491325,them,181,0.93,92.81669572024308,neutral,8,0,day,0,1,ghoster,0,1
8,46.85077764066861,me,54,0.5,114.90225148740696,enthusiastic,8,0,night,1,1,ghoster,0,1
34,66.03316426240197,me,82,0.0,55.032734981779946,enthusiastic,5,1,night,0,1,dry_texter,1,1
28,29.576001669882842,them,197,0.15,115.3966430568219,neutral,1,1,night,0,0,interested,1,0
21,35.79471687073187,them,79,0.14,118.258679333238,neutral,2,1,day,0,0,dry_texter,0,1
14,11.401689722495739,them,200,0.34,5.756828281528571,neutral,1,0,night,1,1,interested,1,1
46,8.453042851387547,me,82,0.04,37.86761474155394,enthusiastic,9,1,night,0,1,dry_texter,1,1
40,38.79138402312437,me,158,0.24,82.37958160074795,dry,3,0,day,1,0,dry_texter,0,1
17,38.790775517877655,them,95,0.13,37.764017826462265,dry,6,0,night,1,1,casual,0,1
33,61.27514017107581,me,63,0.9,79.4919852359276,enthusiastic,8,1,night,0,1,casual,0,1
5,57.801447517412356,them,46,0.21,77.70763918055374,enthusiastic,4,0,night,0,0,casual,1,1
50,25.279940222434938,me,27,0.78,66.34474836964634,dry,7,0,day,0,1,dry_texter,0,1
8,13.513365287688039,them,145,0.52,55.464925919941415,dry,7,0,night,0,0,dry_texter,1,0
38,30.581204893166742,them,5,0.71,65.6632054297664,neutral,6,1,day,1,1,ghoster,0,1
44,60.713731830398785,me,69,0.92,105.8233896446979,enthusiastic,9,0,night,0,0,interested,0,0
19,55.08469923041418,them,136,0.49,11.44394094707765,dry,1,1,night,1,1,casual,0,0
21,61.0028793452454,me,75,0.95,50.638326862335106,neutral,0,0,day,1,0,ghoster,0,0
11,30.202982460835727,me,34,0.25,33.16352760370437,neutral,6,0,day,0,1,dry_texter,0,1
12,50.54095710658972,me,170,0.28,115.26973601913762,neutral,2,1,night,0,1,ghoster,0,1
1,29.918209723047653,them,3,0.82,96.95754785424232,dry,8,0,day,1,0,casual,0,1
32,67.65981668954701,them,3,0.47,119.01403130989158,enthusiastic,6,1,night,0,0,dry_texter,0,1
40,58.357526580959785,me,145,0.58,19.229970681900195,enthusiastic,7,0,day,1,1,dry_texter,0,1
45,4.575494334620793,them,17,0.29,7.5148814990383945,neutral,5,0,day,1,0,dry_texter,0,1
45,2.0117063202991217,me,39,0.83,45.21854702064071,dry,2,1,day,1,1,casual,1,0
28,22.160665918786762,me,121,0.85,114.51042438055835,enthusiastic,7,0,night,1,1,interested,1,0
50,35.38031637860788,me,191,0.62,7.165546879223286,enthusiastic,6,0,night,1,1,ghoster,0,1
42,8.416505744870602,me,186,0.76,19.992305473626836,dry,8,1,day,0,0,casual,1,1
24,2.4282280710529225,me,49,0.63,28.610167390444676,dry,5,1,night,0,0,casual,1,0
44,47.07552825049696,me,124,0.06,5.791996638445088,enthusiastic,10,0,day,0,0,dry_texter,1,1
15,19.008273508588545,me,159,0.81,32.23902473998612,enthusiastic,1,1,night,1,1,casual,0,1
47,36.181401690694614,me,34,0.2,3.018275117547922,dry,7,0,day,1,0,interested,0,0
7,27.118740804217616,me,109,0.28,30.291447987035337,dry,5,0,night,0,0,interested,1,1
3,50.44121609338026,me,118,0.94,95.20124972313423,enthusiastic,1,0,night,1,0,interested,0,1
38,36.48806186694394,them,35,0.33,62.33053795277234,enthusiastic,2,1,night,0,1,interested,1,0
38,16.35000775554243,them,71,0.99,103.83458867338575,neutral,6,0,night,1,0,casual,1,1
10,5.756718753605484,them,167,0.24,51.524503330332074,neutral,0,0,day,1,0,ghoster,0,1
19,25.095999173416484,me,26,0.27,29.853373801665498,enthusiastic,1,1,day,0,1,casual,1,1
31,36.170995819012205,me,106,0.02,5.3357521206160925,dry,0,0,day,0,1,ghoster,0,1
37,17.720243883140967,them,150,0.24,87.34688612537194,dry,6,1,day,0,1,casual,1,1
49,17.580316942214704,me,131,0.05,18.47230791707562,neutral,1,1,day,1,0,casual,1,1
49,20.376390359303283,them,80,0.65,39.81992072392644,enthusiastic,5,0,night,1,0,ghoster,1,1
27,61.775562065696185,me,197,0.4,60.9218964982882,dry,8,1,night,0,0,ghoster,0,1
24,27.834907858358118,me,64,0.01,86.78291125061784,neutral,4,1,night,1,1,casual,1,1
15,18.33332804338753,them,109,0.78,70.55010990689254,neutral,8,0,day,1,1,interested,1,0
39,47.264028338564835,them,25,0.89,24.150368497135503,neutral,5,0,night,0,0,casual,1,0
49,43.16346763770866,me,64,0.54,17.155687899030344,neutral,1,0,night,0,1,ghoster,0,1
16,28.52855496299624,them,29,0.72,11.202755370301622,neutral,9,0,day,0,0,dry_texter,0,0
4,19.42656231037001,them,128,0.38,65.75086051260163,dry,8,1,day,1,0,casual,1,1
2,26.204082931733637,me,137,0.61,15.65381376737965,dry,3,1,night,0,1,dry_texter,1,1
50,29.06535203687902,me,84,0.26,95.7709239333039,neutral,3,1,night,0,0,casual,1,0
2,12.636547164949132,me,76,0.99,50.02133574152787,neutral,9,0,night,1,0,interested,1,0
19,53.66475615872885,me,191,0.59,30.98432641420206,enthusiastic,8,1,night,0,0,ghoster,1,1
26,15.882706385002102,me,160,0.54,65.98209372140136,enthusiastic,4,0,night,1,1,ghoster,1,1
13,33.99515257316627,them,61,0.18,49.17436412868331,dry,3,1,day,0,1,interested,1,1
50,31.6945443516705,them,42,0.62,65.61621824535754,neutral,9,1,day,1,0,casual,1,1
49,35.866936264312955,them,52,0.41,18.307881647698938,enthusiastic,5,1,night,1,0,casual,1,1
46,67.68875281205278,them,162,0.29,29.594325158434398,enthusiastic,10,1,day,0,0,dry_texter,1,1
44,41.34091910608049,me,186,0.81,56.61315617936719,enthusiastic,2,1,day,0,1,ghoster,0,1
42,16.45106197676175,them,109,0.4,25.591584325214832,enthusiastic,4,1,day,1,0,interested,1,0
4,22.176980024176565,them,20,0.12,79.79360406102172,enthusiastic,0,0,day,0,0,interested,1,1
1,35.08401451599192,me,120,0.79,82.54110486556925,enthusiastic,2,0,night,0,1,dry_texter,0,1
14,13.196832580777528,them,4,0.67,30.38617812073837,neutral,8,0,night,1,0,casual,0,0
15,20.65388037187516,them,33,0.04,55.890792905181755,neutral,4,1,night,0,1,interested,1,1
17,16.83466603895017,them,92,0.56,2.955548133316798,enthusiastic,5,1,day,1,0,dry_texter,1,1
36,18.497539823328083,them,191,0.59,29.88228085812379,enthusiastic,6,0,night,1,0,ghoster,0,0
17,44.13082384722048,them,179,0.15,98.66329011317266,enthusiastic,0,0,night,0,1,dry_texter,0,1
7,18.96957114472427,me,27,0.4,71.6453399492939,neutral,6,0,day,1,0,dry_texter,0,1
14,62.38425338594631,me,146,0.14,96.22525582691709,dry,0,0,night,1,1,dry_texter,0,1
11,60.85063383408762,them,90,0.57,13.29629086199642,enthusiastic,3,0,day,0,0,interested,1,0
3,31.607283593374703,them,69,0.92,99.28761130560686,dry,9,1,day,0,0,ghoster,0,1
3,8.89311301435682,them,165,0.07,61.40413044177323,neutral,5,0,night,0,0,ghoster,0,1
3,56.04071142555111,me,87,0.29,110.74450685286563,neutral,3,1,night,1,1,dry_texter,0,1
41,61.11433105333232,them,152,0.71,71.70430159552285,enthusiastic,1,0,night,1,1,interested,1,1
9,26.665851770532885,them,99,0.87,32.65186609546715,neutral,0,0,day,1,1,interested,0,1
9,44.61596061443215,them,171,0.45,64.02443219861871,dry,4,1,day,1,0,ghoster,0,1
50,21.9678732843897,them,189,0.92,30.066437985750998,dry,5,1,day,1,0,casual,0,1
48,18.645572325144443,them,37,0.48,31.243205294579095,enthusiastic,4,1,day,0,0,interested,1,0
8,28.790870852575924,them,156,0.25,94.8895058626113,neutral,7,1,night,1,1,ghoster,1,1
9,49.72833314885379,me,39,0.59,111.69368847523077,neutral,1,0,night,1,1,dry_texter,1,1
15,26.241286954633342,them,141,0.36,103.41312404211475,enthusiastic,9,1,night,0,0,ghoster,0,0
18,38.733783424268346,them,120,0.79,18.908613110828668,dry,7,0,night,0,1,interested,0,1
8,68.47591789012355,them,30,0.9,56.361488685637575,neutral,5,0,night,0,0,casual,1,0
24,69.26028916687596,me,118,0.96,109.56266589055183,dry,3,1,day,1,1,interested,0,0
2,23.713962751412968,me,165,0.77,60.600695052251524,neutral,2,1,night,1,1,dry_texter,1,1
25,7.955251276536287,me,17,0.93,44.95912820608536,neutral,3,0,night,1,1,interested,1,0
33,42.84366490699426,them,114,0.23,75.7106473171366,enthusiastic,6,1,day,0,1,casual,0,1
40,40.359799666893274,me,41,0.96,95.27153859058733,enthusiastic,10,1,night,0,1,casual,0,0
42,65.817164359465,them,89,0.85,58.75408289029827,dry,9,1,day,1,1,ghoster,0,0
13,43.96857194076101,them,51,0.44,9.54096395073391,dry,10,1,night,1,1,dry_texter,0,1
36,0.13817153971580076,them,73,0.03,30.20880356268703,neutral,10,0,day,1,1,casual,0,1
29,65.6534291296915,them,41,0.72,119.17454727052804,dry,8,1,day,0,1,casual,0,1
49,9.289401570914976,me,7,0.79,73.81962059532945,neutral,3,1,day,1,1,dry_texter,0,0
10,23.14637787140631,me,103,0.92,25.248377081832444,enthusiastic,0,1,day,1,1,casual,0,1
10,38.72904294575442,them,193,0.71,29.72124860195412,dry,7,1,day,1,1,interested,1,1
44,62.30364819245362,me,40,0.76,24.40134730714983,dry,6,1,night,1,1,interested,0,1
50,22.88991502518095,me,75,0.25,68.12294823800465,enthusiastic,1,1,night,1,0,ghoster,1,1
11,49.149349299994604,me,167,0.08,44.331721983858934,dry,6,0,day,1,1,ghoster,0,0
15,37.153376037242836,them,119,0.75,63.31898346698373,enthusiastic,10,0,night,0,0,dry_texter,1,0
21,55.87978057057948,me,131,0.15,75.82800749245511,neutral,1,0,day,0,1,dry_texter,0,1
15,67.1768506227202,me,70,0.52,5.277291196690845,neutral,10,0,day,1,1,ghoster,0,1
20,38.51639531540923,them,147,0.0,60.19537269503841,dry,4,0,night,1,0,dry_texter,0,1
41,20.850273373688715,me,37,0.85,37.57751865753971,dry,9,0,day,1,1,dry_texter,1,1
30,47.0217729686026,me,101,0.84,76.79371552947994,enthusiastic,0,0,night,0,0,casual,1,1
14,48.144992956565346,me,194,0.12,115.74415051265532,enthusiastic,9,1,night,0,1,dry_texter,0,1
44,10.5188284772846,me,154,0.74,35.79140132806392,neutral,8,1,day,0,0,interested,1,0
46,46.06227244230289,them,91,0.8,44.992286376756006,enthusiastic,2,0,night,1,0,dry_texter,0,1
26,31.924559150896556,them,159,0.74,35.18281356786469,dry,3,0,day,0,0,interested,1,1
37,66.96350180429641,me,39,0.77,6.180147417621262,neutral,3,1,day,1,1,casual,0,1
37,8.725523195265541,me,8,0.48,69.38074387405932,dry,7,0,night,1,0,ghoster,0,1
32,28.198149520699133,me,176,0.19,18.858039517125302,enthusiastic,0,1,night,0,0,casual,1,1
27,39.18893307864692,me,48,0.26,68.51402361283544,enthusiastic,4,1,night,1,1,casual,0,0
23,41.912897124215974,them,113,0.32,54.94856865049584,dry,3,0,night,1,0,ghoster,0,1
45,13.948729502841424,me,153,0.21,65.62820912001143,dry,4,1,night,0,0,casual,1,1
37,28.724644881660463,me,45,0.47,119.61264885517758,dry,3,1,night,0,1,interested,1,1
45,26.78935559115658,me,147,0.8,60.226076722977034,enthusiastic,1,0,night,0,1,casual,1,0
9,8.979786566177541,me,61,0.85,81.53385467455608,dry,8,1,day,0,1,interested,1,1
1,13.257689013632948,them,189,0.09,71.10504172268185,enthusiastic,7,0,night,0,0,casual,0,0
16,5.3888646017615995,me,33,0.16,92.18103118645423,dry,8,1,night,1,0,ghoster,0,1
15,33.89235579795423,them,17,0.9,24.487996362002423,enthusiastic,1,1,night,0,1,dry_texter,1,1
46,69.22018780326799,me,197,1.0,109.59857040076677,dry,10,0,night,0,1,interested,1,1
42,25.601629815150613,them,91,0.87,79.54050886107729,enthusiastic,0,1,day,1,0,dry_texter,0,0
30,70.77262536767323,me,37,0.2,79.33678113964542,neutral,9,0,day,1,0,ghoster,0,1
34,24.304537532734102,them,190,0.36,45.66813147012304,enthusiastic,2,1,day,0,0,interested,1,1
18,53.589743882806026,them,60,0.27,67.37054246392174,dry,4,0,day,0,0,dry_texter,0,1
7,46.711512537152856,me,34,0.53,117.85541190713136,enthusiastic,10,0,night,1,0,casual,1,1
15,49.043708581099295,me,104,0.05,64.0056376718067,neutral,5,0,day,0,0,dry_texter,1,1
49,36.517511129880866,me,73,0.85,79.36219063591525,neutral,5,1,day,1,1,casual,0,1
7,30.558877323810194,them,30,0.82,111.9392776252165,dry,1,0,day,1,0,interested,0,1
32,39.351912209301865,me,92,0.82,20.085495125595436,dry,4,1,night,1,1,casual,1,1
31,15.148803689972507,them,32,0.25,70.0259582567157,neutral,2,0,night,1,1,interested,1,1
50,35.2858161213169,them,51,0.04,114.99654515835672,enthusiastic,1,1,night,0,1,dry_texter,1,1
20,27.957055314871702,me,64,0.52,69.97839422129871,dry,6,0,day,0,1,dry_texter,0,0
45,14.133655551318371,me,198,0.55,117.51340783736015,neutral,8,0,day,1,1,dry_texter,0,1
49,2.3612886315350723,me,100,0.5,96.5058826153133,enthusiastic,10,0,night,0,0,dry_texter,0,0
31,53.10358002743744,them,34,0.45,87.22052747678012,enthusiastic,2,1,night,0,0,ghoster,0,1
50,61.563273186588006,me,20,0.37,34.98217795680628,dry,5,0,night,0,1,dry_texter,0,1
31,60.02154509085539,them,143,0.28,107.03008495719567,dry,9,0,day,1,0,interested,0,1
34,71.374797478918,them,118,0.59,91.41091791731476,enthusiastic,9,0,day,1,0,interested,1,0
36,16.10174371694105,them,180,0.41,42.84055029552456,enthusiastic,6,0,day,0,0,interested,1,0
23,64.72274500662621,them,197,0.43,101.51184329389687,enthusiastic,9,1,day,1,1,ghoster,0,1
10,55.74890802621237,them,194,0.73,60.09355918112699,enthusiastic,9,1,day,1,0,interested,1,1
36,69.06484513770155,me,45,0.66,48.542170438234805,enthusiastic,1,1,night,0,0,ghoster,0,0
44,8.433304568398704,them,128,0.67,71.12257608450899,neutral,5,0,day,1,1,casual,0,0
10,12.674973825237632,them,7,0.93,96.14737647016538,enthusiastic,3,0,day,1,0,dry_texter,0,0
20,25.348998645136376,them,185,0.37,106.08089692989387,enthusiastic,2,0,day,1,0,casual,0,1
13,45.627715365957386,them,131,0.82,83.26857932025597,enthusiastic,1,0,night,0,1,dry_texter,1,1
22,5.391206716666586,me,154,0.03,36.98863095773689,dry,8,1,night,0,1,dry_texter,1,1
22,8.3130125165542,them,94,0.04,7.391086322548414,neutral,3,0,day,0,0,interested,1,0
43,70.79728128499158,me,195,0.66,36.28268957940703,dry,4,0,night,1,0,dry_texter,0,1
14,29.979006357927613,them,184,0.95,47.27231291485007,neutral,6,0,day,1,1,ghoster,0,1
20,27.930050893428113,me,70,0.42,51.47561916841977,neutral,1,1,day,1,1,casual,0,1
5,51.97599873917155,me,2,0.29,76.15661842747026,enthusiastic,2,1,night,1,0,dry_texter,0,1
45,38.35726071372958,me,126,0.64,22.72584994128419,dry,2,0,day,0,1,dry_texter,0,1
11,6.525170507530252,me,191,0.24,75.59622519831406,enthusiastic,4,1,day,0,0,dry_texter,1,1
23,54.189003650671275,me,28,0.38,115.38286686643579,dry,1,1,day,0,0,casual,0,1
44,25.623190312753696,them,36,0.64,14.211914656139697,enthusiastic,9,1,day,1,1,interested,0,0
21,13.026139632854283,me,140,0.83,63.84354142611321,dry,6,0,day,0,1,casual,1,1
6,19.479166038578185,them,176,0.3,7.903914755773713,neutral,1,0,day,0,0,interested,1,0
23,60.946660033672515,me,182,0.2,50.352679997852405,enthusiastic,4,1,night,1,1,dry_texter,0,1
31,38.90151831839558,me,1,0.08,64.8151630374474,enthusiastic,1,1,day,1,1,casual,0,1
24,3.5973833216807964,them,159,0.78,88.40556433520909,neutral,7,0,night,0,1,ghoster,0,1
30,65.7557830536727,me,3,0.45,5.136905156203374,enthusiastic,1,0,day,0,0,casual,0,0
35,24.02180965272546,them,72,0.46,30.154095513493736,neutral,0,0,day,1,1,casual,0,1
29,13.556898380316666,them,58,0.51,64.96074395593993,enthusiastic,7,0,day,1,0,ghoster,0,0
19,18.043707708337422,me,7,0.38,87.47408553125892,neutral,6,1,day,1,1,dry_texter,1,1
10,56.01070008589763,me,43,0.77,3.8612507007644132,dry,10,1,night,1,1,dry_texter,1,1
19,50.93526128249272,them,117,0.16,60.56933136478542,neutral,2,0,night,1,1,casual,0,1
11,60.97498489974362,them,197,0.88,62.37816095396655,dry,8,0,day,1,1,casual,0,1
18,44.33230316384464,them,154,0.09,8.724161065637206,dry,6,0,day,1,1,dry_texter,0,1
29,0.12278616120503116,them,11,0.21,66.09681584845973,dry,0,1,day,1,1,casual,1,1
4,39.684806718393794,me,156,0.43,83.94018960513039,neutral,6,0,night,0,1,casual,1,0
27,1.6216526764389387,me,110,0.25,81.3381203490323,dry,7,0,day,0,0,ghoster,1,1
2,48.72849821674314,them,160,0.35,21.062676527529,enthusiastic,0,0,day,0,0,dry_texter,0,0
25,34.86339106475511,them,47,0.94,96.81281702392833,neutral,3,1,night,1,0,dry_texter,1,1
16,30.804176417998256,me,35,0.97,64.94384798647323,dry,1,1,night,1,1,dry_texter,0,1
5,11.68674121507799,me,134,0.73,1.6545715627736373,neutral,0,0,night,1,1,casual,0,1
9,60.898826207190076,me,18,0.42,100.10020949259197,enthusiastic,2,0,day,1,0,interested,0,1
42,25.392774448399212,me,138,0.82,110.4284944897972,dry,10,0,night,0,0,interested,1,1
44,30.965092391330064,me,161,0.41,93.21331457099592,dry,3,0,night,1,0,casual,0,1
8,49.07856356711483,me,189,0.46,12.623624207004022,dry,2,0,night,0,1,dry_texter,0,1
12,21.075143773974062,me,142,0.13,59.04897283625591,enthusiastic,8,1,day,0,1,interested,1,0
4,57.019981540434706,me,171,0.48,23.33637642086252,neutral,5,1,night,1,1,ghoster,0,1
5,55.885903615636806,them,14,0.97,62.48330439275594,neutral,0,0,day,1,0,casual,0,1
32,4.853143315529534,them,30,0.37,1.468568188871429,dry,8,0,night,1,0,interested,1,0
49,59.43994151118085,me,140,0.28,100.24080736359352,dry,2,0,night,1,0,dry_texter,0,1
2,10.094132183785721,them,83,0.41,7.8180289698796335,dry,0,0,night,0,0,ghoster,0,1
22,49.2527611467535,me,111,0.27,93.42112728725398,dry,4,1,night,1,0,dry_texter,0,1
30,34.09359248912609,me,63,0.18,28.271234602739764,dry,0,0,night,0,1,dry_texter,1,1
9,27.272820187871865,them,177,0.13,75.61030777254304,dry,8,1,day,0,0,casual,0,1
17,13.920000292360864,me,87,0.51,51.69749345541598,dry,2,1,day,1,0,casual,1,1
17,64.30247822935858,me,10,0.29,37.586298088663334,enthusiastic,9,1,night,1,0,interested,0,1
40,0.6331633948223425,them,9,0.79,106.10952284413929,neutral,2,0,night,0,0,ghoster,0,0
15,55.80093706132726,them,56,0.29,116.77264102577045,dry,5,0,night,1,0,interested,0,1
21,30.453652786560813,them,174,0.5,87.750609700159,dry,6,0,day,0,0,dry_texter,0,0
21,44.31010186012914,them,155,0.39,50.70862840053182,enthusiastic,1,0,night,0,1,interested,1,1
29,28.31513586108063,them,8,0.65,76.83519077403729,neutral,3,0,day,0,1,dry_texter,0,1
16,8.25246034522454,them,1,0.72,13.338189058480346,dry,8,0,night,0,0,ghoster,1,1
49,18.8530722469572,them,50,0.53,78.41038243257609,dry,6,0,day,0,0,casual,1,0
50,7.030043328957937,them,126,0.31,72.82461497290599,enthusiastic,2,0,day,0,0,interested,1,0
25,18.680815612213443,them,69,0.11,43.65571477662948,neutral,8,0,day,0,1,casual,1,0
20,10.36839177054734,them,113,0.53,65.8329615831811,neutral,0,0,day,0,0,ghoster,0,1
38,27.668640840240357,them,85,0.22,115.50220552271844,neutral,7,1,night,0,1,casual,0,1
50,52.07118974570206,them,106,0.34,28.172233486276685,enthusiastic,2,0,day,0,0,ghoster,0,0
33,5.1815491052574725,them,54,0.93,61.9632278389222,dry,0,0,day,1,1,dry_texter,0,1
48,20.47713351281861,them,116,0.67,91.60749453098333,dry,2,1,night,1,1,dry_texter,1,1
5,47.930940804618686,me,3,0.2,58.69645948453081,dry,10,1,night,0,0,interested,1,0
19,71.07011252728586,me,110,0.07,100.74991839930294,dry,4,1,night,0,0,interested,0,1
11,69.24817380914124,me,46,0.88,84.75747477063284,dry,5,1,night,1,1,casual,0,1
40,26.571132300298423,them,52,0.46,64.57981392872153,dry,1,0,day,0,1,dry_texter,1,1
41,65.98153292616479,them,183,0.8,7.76831077885662,neutral,10,1,day,0,0,interested,1,0
24,55.12870084407646,them,130,0.3,56.89341026145529,enthusiastic,10,1,day,1,0,casual,1,1
24,44.231611986659864,them,25,0.53,79.84948337158386,neutral,6,0,day,0,0,interested,1,0
11,40.07476264603135,me,94,0.35,2.841842587262585,enthusiastic,3,0,day,1,1,casual,1,1
3,46.00165735641698,them,108,0.22,9.249208888247036,neutral,5,1,day,1,1,interested,0,1
7,71.46164243288234,them,15,0.4,114.06323217006418,enthusiastic,0,1,night,0,1,dry_texter,1,1
48,70.94826180381727,them,130,0.97,47.74512728962754,neutral,1,0,night,0,0,dry_texter,1,1
4,20.78086615257617,them,192,0.6,32.05571144775157,dry,9,0,night,1,0,casual,1,0
22,62.86473030335026,them,159,0.38,10.633042323076122,enthusiastic,10,0,night,1,1,interested,1,1
6,1.0408203993372034,them,9,0.32,49.22121226163635,dry,6,1,day,0,1,ghoster,0,1
2,48.122788857582755,me,125,0.19,27.078988385634876,dry,6,0,day,0,0,interested,1,1
6,28.873462621720908,them,51,0.72,64.5333456082727,dry,1,0,day,0,1,casual,0,1
1,11.700342374713962,me,86,0.96,80.66074990001539,enthusiastic,6,0,night,0,1,casual,1,0
32,3.1936001222568873,them,165,0.57,24.082379832358694,enthusiastic,4,1,day,0,1,interested,1,0
34,51.02543605365811,me,158,0.99,33.879562695427424,dry,5,1,night,0,0,casual,0,1
3,20.30712390045862,me,110,0.57,48.71535780664511,neutral,5,1,day,0,1,ghoster,0,1
37,30.049704154318164,them,97,0.74,32.9247175310823,enthusiastic,5,0,night,1,1,casual,0,1
27,58.03794423510061,them,179,0.34,68.78183694036251,enthusiastic,7,1,day,1,0,casual,1,1
12,34.313570125048614,me,2,0.44,10.766054754522907,enthusiastic,10,1,night,1,0,dry_texter,0,1
34,14.88410139258198,me,55,0.89,27.025070546947827,dry,6,0,night,0,1,casual,1,0
8,13.266244875815012,them,173,0.27,76.46477047283825,dry,9,0,night,0,0,ghoster,0,1
1,70.1138642059144,me,198,0.12,44.63343292161106,enthusiastic,10,1,day,1,1,dry_texter,0,1
49,31.80359003601763,them,90,0.11,48.07794075087498,enthusiastic,8,1,night,1,0,ghoster,0,1
10,35.79653556700733,me,52,0.01,32.85203581626306,enthusiastic,0,1,night,0,1,interested,1,0
48,31.480623399416732,me,191,0.2,50.13886867587683,enthusiastic,10,0,day,1,1,dry_texter,0,1
23,55.495714364055004,them,179,0.53,63.994123132991895,enthusiastic,4,0,night,1,0,casual,0,1
35,42.30910285185968,them,68,0.15,16.26269313319078,neutral,7,0,night,0,0,dry_texter,0,1
41,3.884341997800944,me,168,0.91,34.05322848897631,neutral,7,0,night,1,1,interested,1,1
49,40.901173437397944,them,95,0.33,101.53060736054387,enthusiastic,8,0,night,0,1,dry_texter,0,1
35,21.47284363779795,them,66,0.7,68.53493903713884,dry,1,1,day,0,0,interested,1,1
22,30.295292209776555,them,180,0.45,55.345728680024756,neutral,9,1,day,1,0,dry_texter,0,1
10,15.044230327706822,me,87,0.58,26.062119848949344,neutral,8,1,night,1,1,ghoster,0,1
11,32.24756342348799,me,67,0.51,100.16845976067964,neutral,2,1,day,1,0,dry_texter,0,1
29,55.341620174716226,them,58,0.5,109.6001982292615,dry,8,0,day,0,0,dry_texter,0,1
25,23.822610107322905,me,55,0.67,112.42979631486718,enthusiastic,4,0,day,0,0,ghoster,1,1
21,68.5029719657199,me,90,0.9,20.207704006703235,enthusiastic,9,0,night,1,0,casual,1,1
45,68.84832990496163,them,63,0.85,70.57035324181942,dry,8,0,night,1,0,casual,0,1
7,0.68727311082462,me,192,0.54,77.84722290657739,enthusiastic,3,1,day,0,1,interested,1,0
2,60.29315105953501,them,164,0.22,99.14974882238145,dry,0,1,night,0,0,dry_texter,0,1
30,44.20837283193009,me,106,0.55,102.8155941123563,enthusiastic,0,1,night,1,0,ghoster,0,0
49,68.48378719928206,them,102,0.14,9.3392545367143,dry,3,1,night,0,0,interested,1,1
48,20.8380766287984,them,4,0.27,84.89226197364304,dry,1,1,night,0,0,casual,0,1
22,6.414770051803911,me,50,0.29,74.35058834537324,neutral,1,0,day,0,0,interested,0,1
38,42.670807647736005,them,199,0.51,27.32495225188437,enthusiastic,2,1,night,0,1,casual,0,0
20,45.30476556161729,me,114,0.46,20.619928125492308,enthusiastic,6,1,day,0,1,ghoster,0,1
42,65.76098066142706,me,118,0.23,44.31043005542145,enthusiastic,8,1,day,0,1,dry_texter,1,1
31,32.897517005043014,me,156,0.84,58.07574663032142,neutral,4,1,day,0,1,ghoster,0,0
42,44.66196457741913,them,199,0.57,1.5116728228171055,enthusiastic,4,0,day,1,0,ghoster,0,1
15,32.53947314870994,me,64,0.59,99.19154202856501,dry,4,0,night,1,0,interested,0,1
25,17.061505786051445,me,140,0.02,63.164216626409264,neutral,8,1,night,1,0,ghoster,0,1
13,43.054713075306466,them,23,0.45,46.15992322714898,enthusiastic,2,1,night,1,0,ghoster,0,1
20,66.08682044331174,them,40,0.98,72.41647642383374,enthusiastic,6,0,day,1,1,interested,0,1
16,61.70025284516768,me,110,0.55,39.2778538586233,dry,4,0,day,1,0,casual,0,1
33,15.694217874749395,me,174,0.55,96.15511808461113,enthusiastic,8,0,night,0,1,dry_texter,1,1
13,2.211136207228888,me,200,0.96,27.08698705333948,enthusiastic,4,1,night,1,1,interested,1,0
46,8.455146092128846,them,7,0.25,102.3957281455124,dry,4,0,day,1,0,dry_texter,0,1
32,14.575024474971936,them,81,0.15,51.521500288939706,dry,10,0,day,1,0,interested,1,1
20,36.92232368087527,them,112,0.87,48.28861817053847,neutral,10,1,night,1,1,dry_texter,0,1
38,68.42810946073706,me,16,0.82,25.85640190203781,enthusiastic,7,1,night,0,1,interested,1,1
36,48.07995918663986,me,18,0.71,76.04417283964531,neutral,7,1,night,1,1,dry_texter,0,1
6,16.270219502624613,me,128,0.37,117.37164819957671,neutral,6,0,night,0,1,ghoster,0,1
24,7.971974335535722,me,94,0.29,106.38079201757083,neutral,1,0,day,1,1,ghoster,0,1
47,50.564471851326545,them,50,0.17,90.0968699193586,enthusiastic,2,1,day,0,1,interested,1,1
34,24.88968185011432,them,69,0.6,114.04951523931013,enthusiastic,1,1,day,1,0,ghoster,0,1
13,51.53165602994679,me,26,0.32,22.2060466313604,dry,6,0,day,0,1,ghoster,0,1
21,13.33269192451969,me,91,0.44,34.24640302112228,dry,1,0,day,0,1,interested,1,1
34,22.26957525393183,them,121,0.85,36.78410623839121,neutral,0,0,day,1,0,casual,1,0
48,36.489802709879115,me,66,0.0,46.9446494430828,enthusiastic,9,1,day,1,1,casual,0,1
4,47.11174643158469,me,86,0.37,96.1138378650007,neutral,2,1,night,0,0,ghoster,0,1
17,44.569033871554,them,132,0.67,74.02375742409771,enthusiastic,10,0,day,1,1,ghoster,0,1
45,2.4143589959849585,them,40,0.97,119.42446118177816,dry,8,0,night,1,0,casual,0,1
28,17.813504956554215,me,143,0.17,107.5746267379207,enthusiastic,5,0,day,0,1,dry_texter,1,1
6,64.60370677045566,them,55,0.12,31.994235925042442,neutral,1,1,day,1,1,interested,0,1
2,13.168820805909007,them,52,0.64,41.67765429894047,enthusiastic,10,0,day,0,0,casual,0,0
12,22.232270148660135,me,156,0.55,83.95680562962899,enthusiastic,5,1,day,1,0,casual,1,1
8,53.99588516153542,me,142,0.93,49.794279405815345,enthusiastic,1,0,day,1,1,ghoster,0,1
22,36.78914704044588,me,186,0.91,112.97683114138817,neutral,6,0,night,1,0,interested,0,1
31,7.428590729796836,them,199,0.82,99.21307532563534,dry,6,1,day,1,0,dry_texter,1,0
46,30.21641806649511,me,1,0.2,93.16924454743581,neutral,9,1,night,1,1,ghoster,0,1
9,11.693119369045721,me,98,0.64,63.67839013445219,dry,1,1,day,0,0,ghoster,1,1
33,34.46543739138181,them,144,0.13,29.839486693633027,enthusiastic,3,0,night,0,0,ghoster,0,0
10,13.505939680740507,me,32,0.36,24.434006883466868,neutral,7,1,night,1,0,dry_texter,1,0
10,50.570659536298606,them,113,0.53,62.60152056087901,enthusiastic,8,0,night,1,0,ghoster,0,1
36,22.651631413767237,them,121,0.45,56.749057984714256,neutral,1,1,day,1,1,interested,1,1
20,49.361259276012795,me,69,0.9,35.03485441444577,neutral,2,0,day,1,0,dry_texter,1,1
3,29.515153811936205,me,41,0.01,42.03806006644603,enthusiastic,4,1,night,0,0,dry_texter,0,1
22,16.015364486095475,them,41,0.31,106.88538182542025,enthusiastic,10,1,day,0,1,dry_texter,1,1
31,42.79014004026366,them,45,0.6,77.64250109432314,neutral,6,0,night,0,1,casual,0,1
15,34.375422609895786,me,98,0.98,69.5920875498911,dry,2,0,night,1,1,ghoster,0,1
20,29.04292218198176,me,155,0.58,87.73797638035798,dry,8,0,day,0,1,casual,0,0
5,62.448030819953615,them,197,0.21,39.90545991661648,dry,3,1,day,1,1,casual,0,1
22,25.226571957958342,me,117,0.21,41.88178840626351,neutral,6,0,day,0,0,dry_texter,0,1
13,17.71729092556085,me,184,0.58,18.805635700756522,dry,8,1,day,0,0,interested,1,1
39,27.193950709294075,me,141,0.53,74.38266751639435,enthusiastic,0,1,night,0,0,interested,1,1
30,70.34772737894369,me,129,0.7,38.617576196196225,neutral,0,1,day,1,1,casual,0,1
4,61.336013761873275,me,60,0.73,114.79106816138335,enthusiastic,6,0,night,0,0,dry_texter,0,1
28,35.10826063040792,them,55,0.94,28.036892950250195,dry,2,0,night,0,1,ghoster,0,1
5,43.55448897099601,me,72,0.8,47.363059486416084,dry,2,0,night,0,1,dry_texter,1,1
13,8.37909886013754,them,47,0.31,71.34027820422845,dry,3,0,day,1,0,casual,1,1
4,15.45243041158685,me,123,0.23,108.98640429612533,neutral,2,0,day,0,1,interested,1,0
36,9.801004174919438,me,126,0.54,2.4529857145968252,enthusiastic,6,0,day,1,1,dry_texter,0,0
23,7.4334481518930735,them,99,0.84,94.5304257572814,neutral,6,1,night,1,0,interested,1,0
25,68.21483456061472,me,190,0.61,47.29249114859591,neutral,6,0,day,0,0,interested,0,1
19,44.26166283250831,them,153,0.88,74.51370655958682,enthusiastic,10,0,night,0,0,casual,1,1
5,5.772533177459331,them,170,0.31,112.85310447520851,neutral,0,0,day,1,0,dry_texter,1,0
19,65.84350747254115,them,187,0.55,8.55551371194844,neutral,0,0,day,0,0,casual,1,1
29,60.191637646269875,me,54,0.73,29.76116232550505,dry,3,1,night,0,0,dry_texter,0,1
21,35.26668961343958,me,8,0.31,6.432403775701834,enthusiastic,0,1,day,1,1,ghoster,0,1
8,27.1230912832019,me,154,0.24,110.23335462477088,dry,8,1,day,1,1,dry_texter,0,1
33,45.78992786120382,them,128,0.88,59.41142736664236,enthusiastic,6,0,day,0,0,interested,1,0
29,12.580896187112216,me,93,0.93,78.26700050633603,neutral,2,1,day,1,1,dry_texter,0,1
42,71.1693566318761,me,77,0.41,104.019379860291,neutral,0,1,night,1,0,dry_texter,0,1
34,34.53538384573385,me,191,0.9,50.498071428824204,neutral,5,0,day,1,0,dry_texter,0,0
19,42.1908197586558,them,127,0.64,107.5698333715198,neutral,3,0,night,0,1,interested,1,0
6,57.50502808842633,them,191,0.14,97.4296615819573,dry,1,1,day,0,1,interested,1,1
31,42.14105881672727,them,87,0.37,81.06878982572898,enthusiastic,7,1,day,1,1,casual,1,1
3,71.88791190284297,them,153,0.52,117.13758152166385,dry,1,1,night,1,1,dry_texter,0,1
10,26.862188348197478,me,137,0.79,76.13977575677892,enthusiastic,7,0,day,0,0,ghoster,0,1
44,32.10707327503578,them,54,0.26,23.558903401910634,enthusiastic,7,1,day,1,0,ghoster,0,1
26,27.112140805870915,me,150,0.55,65.59628879058386,neutral,5,0,night,1,0,ghoster,0,1
26,47.47333233384835,them,144,0.84,34.929762771712,dry,10,1,day,1,0,casual,1,1
18,59.99970786410341,me,82,0.66,14.225863086242269,dry,5,1,day,0,1,casual,0,1
19,66.07133280106369,them,137,0.76,94.34238593912077,neutral,8,1,day,0,0,casual,1,1
16,11.280807949132043,me,173,0.63,79.29091856198902,dry,4,0,night,1,1,interested,0,1
43,15.767010877370467,them,96,0.75,88.27174565565913,neutral,1,0,day,0,0,ghoster,0,1
25,61.212479193480846,them,64,0.47,29.24402211725855,dry,8,1,night,1,1,dry_texter,0,1
48,19.185263847246492,me,154,0.15,60.93283409275543,enthusiastic,6,0,night,0,0,dry_texter,0,1
44,28.471441897449246,them,136,0.0,34.43119783504729,dry,5,0,night,0,0,interested,0,1
39,10.679707933763556,me,92,0.08,43.02825678329673,neutral,2,0,day,1,1,dry_texter,1,0
23,57.81685941814197,me,110,0.72,96.88539354621645,neutral,1,1,day,1,0,dry_texter,1,1
25,11.037049459599586,them,84,0.83,93.77642065428562,dry,3,0,day,1,1,interested,1,1
31,39.302030273068056,them,84,0.15,18.005748451001296,neutral,6,0,day,1,1,casual,0,1
5,21.96329791908724,them,74,0.44,48.72693493370457,dry,8,0,day,0,0,casual,1,1
35,69.45853123913325,them,112,0.11,97.52739447894696,neutral,5,1,day,0,1,casual,1,1
2,51.401375973586646,me,179,0.11,58.21433894990985,enthusiastic,1,1,day,0,1,ghoster,1,1
12,8.943980467958832,them,8,0.96,119.60818241761687,neutral,1,1,day,1,0,ghoster,1,1
9,17.798457701024155,them,177,0.58,94.47575097928096,enthusiastic,10,0,night,0,1,interested,1,0
14,21.617402320774538,them,164,0.8,50.022143194193156,enthusiastic,10,1,day,1,0,ghoster,1,1
6,57.774119372677895,them,73,0.86,24.636977520694423,dry,0,1,night,0,0,casual,0,1
16,33.149011693843484,them,28,0.34,28.279754560608584,enthusiastic,10,0,day,1,1,casual,1,0
50,66.10336815940109,them,185,0.14,54.54755458136106,enthusiastic,5,1,day,1,1,ghoster,0,1
14,50.549168312634976,me,66,0.68,44.676719614152674,neutral,9,1,day,0,0,ghoster,1,1
5,50.4186124338898,me,60,0.95,52.95195630283694,enthusiastic,5,1,day,0,1,dry_texter,1,1
41,30.08768856149195,me,70,0.64,28.922436548726754,dry,10,1,night,1,0,interested,1,1
48,16.216555764049126,them,27,0.32,55.84530282124047,dry,10,1,night,1,0,dry_texter,0,0
9,22.625570509903714,me,42,0.53,73.42197440171542,neutral,5,0,day,0,1,interested,0,0
39,31.91518713396266,them,73,0.37,47.73172542732966,neutral,7,1,day,0,0,interested,0,1
49,10.264479345590724,me,72,0.35,71.74374119089634,neutral,7,1,day,1,0,casual,0,0
50,29.202224853545587,me,1,0.78,5.0008511516253575,neutral,6,0,night,0,1,dry_texter,1,0
26,66.86847287976964,them,129,0.3,2.9816257807471125,dry,7,0,day,1,0,interested,0,0
12,12.116107837728226,me,115,0.34,25.606157390711587,neutral,8,0,day,0,1,ghoster,0,1
10,5.407236346666257,me,95,0.64,58.559068384143984,dry,7,0,day,1,1,interested,0,1
38,15.933124303675593,me,180,0.25,41.150994748558674,dry,8,1,day,1,1,ghoster,1,1
27,35.16706997323351,them,86,0.22,63.72318035465061,dry,4,1,day,0,0,dry_texter,1,1
12,43.87100216253146,me,114,0.46,101.44881720664594,enthusiastic,9,0,day,0,1,ghoster,1,1
18,25.81101646990053,me,134,0.25,87.80394945032087,neutral,9,1,night,0,1,interested,1,1
11,39.20502598902799,them,182,0.37,50.30750282111777,dry,1,1,night,1,0,dry_texter,0,1
47,28.164369690726488,me,189,0.74,116.88421030133681,neutral,10,1,night,0,1,casual,0,1
8,15.276458957126028,them,10,0.24,73.33672282895152,enthusiastic,4,1,day,1,1,ghoster,1,1
46,12.393216580654208,them,81,0.02,33.60298943922432,enthusiastic,8,1,night,1,1,casual,1,1
4,18.607169699739778,them,77,0.35,42.97861002089222,dry,4,0,day,1,1,casual,0,1
5,29.010949673605268,them,150,0.25,107.01163484985202,dry,2,1,day,1,1,ghoster,0,1
35,10.304699645530269,me,199,0.77,5.24496140054956,neutral,9,0,day,1,0,dry_texter,0,1
43,59.516261576046986,me,13,0.99,7.04709917801944,neutral,3,0,day,1,1,casual,0,1
25,37.738789513624496,them,119,0.08,83.05851051269391,neutral,8,0,day,1,1,casual,0,1
5,54.784576317214764,me,86,0.12,25.616724526373726,dry,4,1,day,1,1,casual,0,1
40,71.4606457484915,them,1,0.09,62.648998265160806,dry,4,0,day,0,0,dry_texter,0,1
24,67.36266038099997,them,50,0.91,48.32137575297462,neutral,8,0,day,1,0,dry_texter,0,1
48,55.069037788907586,me,118,0.53,41.6689923868528,dry,2,1,night,0,0,dry_texter,0,1
46,34.7050765434944,them,10,0.52,6.278105071410944,enthusiastic,1,0,day,0,0,dry_texter,0,0
19,41.054218555906125,me,174,0.12,93.34862673688188,neutral,9,1,day,0,1,interested,1,1
35,21.122633671217176,them,43,0.04,52.240228367981445,enthusiastic,5,1,day,1,0,interested,1,0
19,11.07090396952487,me,1,0.93,98.79093458449917,dry,5,1,night,1,0,casual,1,0
45,47.80654301935025,them,29,0.12,41.905221575096775,neutral,0,0,night,0,0,ghoster,0,1
12,66.39156544600075,me,19,0.64,100.50723251259254,enthusiastic,4,0,day,1,0,interested,0,1
18,4.698632732804601,me,89,0.2,80.24058867249954,enthusiastic,8,0,day,0,0,interested,1,0
1,57.479188374522224,them,19,0.7,21.8766729316125,dry,6,1,day,1,0,casual,1,1
7,32.56760860773086,me,197,0.24,11.747715670948024,neutral,8,0,day,1,1,dry_texter,0,1
28,41.496183194067605,me,106,0.37,34.549362297971264,neutral,7,1,day,1,1,dry_texter,0,1
11,14.082913291757924,me,113,0.37,14.73941097712504,neutral,5,0,night,0,1,interested,1,1
38,46.15414614503921,them,153,0.01,51.73019819271724,enthusiastic,7,0,day,0,1,interested,0,1
18,65.20133743427505,me,86,0.28,17.30711111409636,neutral,2,1,day,1,1,ghoster,0,1
7,58.13999506669153,them,139,0.82,77.45586657815025,dry,2,0,day,1,0,interested,0,1
22,10.390703920505414,me,76,0.73,87.72998866659529,enthusiastic,5,1,day,1,0,casual,1,1
3,14.02313239050084,them,26,0.88,53.878449817107736,dry,9,1,night,1,1,ghoster,0,1
49,14.522037257485788,me,17,0.08,118.44809520710398,enthusiastic,1,1,day,0,1,interested,0,1
24,49.13301019027546,me,197,0.5,103.2583836103627,dry,7,0,day,1,1,ghoster,0,1
8,56.95598304439741,them,29,0.7,6.207976331739504,enthusiastic,6,1,night,0,0,interested,1,0
1,63.711333867161336,them,107,0.97,41.18820691654038,dry,3,0,day,0,1,dry_texter,0,1
29,24.760725531982956,me,153,0.25,74.5209825392285,dry,6,1,day,0,0,dry_texter,0,1
15,65.20537314030359,me,19,0.06,6.113947618672585,dry,5,1,day,0,0,interested,1,1
31,27.47962096180808,me,85,0.04,64.06956803520785,dry,5,0,day,0,0,interested,0,1
23,1.7382406197868505,them,190,0.36,93.1943702425797,dry,9,0,night,0,0,casual,1,0
26,29.147278725400795,them,78,0.58,116.6092385729064,enthusiastic,10,0,night,1,0,dry_texter,0,0
14,55.46031146887292,me,46,0.01,62.339897607238306,dry,10,0,day,1,0,casual,0,0
39,55.990273755211604,me,127,0.79,80.2265485401488,dry,3,1,night,0,0,ghoster,0,0
33,53.074027561683174,them,2,0.56,14.810478818257394,dry,7,0,night,0,0,casual,1,1
18,14.608335376476798,me,132,0.23,102.12958401558839,neutral,7,0,night,1,1,interested,1,1
38,70.34228319959735,me,92,0.77,62.19300893928801,dry,9,0,night,0,1,dry_texter,0,1
34,52.67028260397248,me,115,0.39,110.28117524877527,dry,10,1,day,1,1,casual,0,1
11,48.275623002039524,them,130,0.57,47.81690191376348,neutral,3,1,day,0,0,interested,1,0
2,14.743458659609402,them,113,0.92,105.41025367724475,neutral,4,0,day,0,1,interested,1,0
17,38.824470010731844,me,50,0.69,22.044696835160778,neutral,2,0,night,1,1,interested,1,1
37,51.399930991337925,me,159,0.65,73.01590231409891,dry,7,1,night,0,0,dry_texter,0,1
26,63.1118265439394,them,100,0.91,57.0705380322973,dry,8,0,day,0,1,casual,0,1
23,14.642673066011174,me,77,0.27,14.522818057164347,enthusiastic,0,1,night,1,1,ghoster,1,1
39,1.533332582941398,them,31,0.3,100.88343423426258,dry,6,0,day,1,1,interested,1,1
12,66.81931769994604,me,56,0.77,87.64326003050813,neutral,10,1,day,0,1,dry_texter,0,1
30,51.91034678048413,them,55,0.95,13.174160803305968,enthusiastic,7,1,day,1,0,ghoster,0,1
45,22.685478127984226,them,192,0.09,97.72907998461072,enthusiastic,9,1,day,1,1,casual,1,1
20,4.705511846341343,them,158,0.66,18.10870673120987,neutral,4,1,day,0,0,casual,1,1
3,67.05219827874143,them,146,0.12,118.38578362880405,dry,9,0,day,0,1,interested,0,1
17,37.60973854022549,me,135,0.8,62.30565850148943,dry,4,0,day,1,1,casual,1,1
11,27.787301600039967,me,22,0.2,112.81847085232245,enthusiastic,7,0,day,1,0,casual,0,0
22,2.648175641935869,them,93,0.98,54.649414680364984,enthusiastic,5,0,day,1,1,dry_texter,0,1
47,48.05120007056091,me,33,0.94,65.10203606133445,neutral,8,1,day,0,0,ghoster,1,1
20,66.59610156214572,me,9,0.82,98.79137571855006,enthusiastic,1,1,day,0,0,ghoster,1,1
32,43.57918582593503,me,131,0.33,30.221456690291816,enthusiastic,8,0,day,0,1,interested,1,0
14,25.09160712367924,them,30,0.31,15.256877071448997,dry,1,0,night,0,0,dry_texter,0,1
9,49.902433770891264,me,66,0.29,82.12545799259661,dry,6,1,night,0,0,casual,0,1
2,43.850951446229324,them,35,0.33,57.30364178690195,dry,2,0,night,1,1,casual,0,1
29,71.84600809598112,me,175,0.12,92.41244654966285,dry,0,1,night,1,1,ghoster,0,1
1,28.64392577237048,me,157,0.25,69.7958619304248,enthusiastic,4,1,night,1,0,casual,1,1
29,1.1150011466012124,them,3,0.92,35.98223694193883,neutral,8,0,night,0,0,ghoster,0,0
47,9.234381605147409,them,186,0.24,72.87870551900593,dry,6,0,day,1,1,dry_texter,0,1
39,18.552465336863516,them,191,0.12,10.997230507308391,neutral,0,0,day,0,0,casual,0,1
47,53.24767966107707,me,179,0.64,92.22936984499408,enthusiastic,2,0,day,1,1,ghoster,0,1
2,42.90291528901332,me,92,0.56,11.237034743598997,dry,6,0,night,0,1,ghoster,0,1
11,47.34341821296222,me,161,0.31,83.39442594191442,neutral,0,1,night,1,1,dry_texter,1,1
31,46.45773588100722,me,192,0.41,118.62353656014282,dry,1,1,day,1,0,ghoster,0,1
23,41.15519579950408,me,141,0.89,61.212469062361556,neutral,9,1,day,1,0,dry_texter,0,1
12,4.679286983350409,them,39,0.94,56.61795251754591,dry,3,0,day,0,1,casual,0,0
14,2.7098090626295814,them,68,0.36,56.2281402837168,enthusiastic,4,1,day,1,0,casual,1,1
28,60.32758604577886,them,8,0.92,95.51214064033816,neutral,0,1,day,1,0,dry_texter,1,1
10,13.655881326769691,them,140,0.22,111.09066461083906,dry,1,1,day,0,1,dry_texter,0,0
14,26.263679498309923,me,103,0.61,4.980218816071027,neutral,8,0,night,1,0,interested,1,1
37,29.112732728078186,me,194,0.6,15.924329756869124,enthusiastic,5,0,night,0,1,interested,1,0
33,52.74053401736886,them,183,0.45,2.01245340134325,dry,7,1,day,0,1,casual,0,0
50,16.87731200162091,them,176,0.12,70.29667691800672,neutral,7,1,night,0,1,interested,0,1
31,16.81590168782128,me,49,0.74,72.35108532499783,dry,3,1,night,0,0,casual,1,1
1,68.99670645770955,me,188,0.4,53.332857215244466,neutral,0,1,night,1,0,dry_texter,0,1
38,22.960429360367094,me,119,0.32,72.05485397692468,neutral,5,1,day,0,0,interested,1,0
41,33.957468678559465,me,30,0.29,23.136744425504148,neutral,9,0,night,0,1,ghoster,0,1
31,47.04295065848151,them,32,0.37,44.58081859074459,enthusiastic,4,0,day,1,0,interested,0,1
27,20.926580961423394,me,8,0.51,41.31537562209951,enthusiastic,0,1,night,0,0,interested,1,0
49,17.41235891011347,me,34,0.92,37.616538936682886,dry,4,0,day,0,1,interested,1,0
45,59.050182665745524,me,82,0.13,112.4094975204189,dry,9,1,day,0,1,casual,1,1
27,71.11258480104335,them,14,0.65,46.79964126589423,neutral,10,1,day,1,1,ghoster,0,0
49,36.30892234795739,them,39,0.15,113.6369175170214,neutral,0,0,day,0,1,dry_texter,0,1
38,0.7469309806724445,them,187,0.63,79.00763910326343,neutral,7,1,night,1,1,ghoster,0,1
8,4.054976940537391,them,24,0.67,98.05402945322543,dry,10,1,day,1,1,interested,1,0
18,36.4945791708127,me,181,0.31,52.14693842463474,enthusiastic,2,0,day,0,0,ghoster,0,1
47,10.577718693416015,them,143,0.43,89.64913745993181,enthusiastic,6,0,day,1,1,dry_texter,0,1
15,17.561223567444998,them,118,0.14,74.72675376285646,dry,1,1,night,0,1,interested,1,1
28,26.622199493871776,me,162,0.42,45.01015359204642,neutral,0,0,day,1,0,ghoster,0,1
37,36.305602481783374,me,42,0.75,35.02365294474133,enthusiastic,9,1,day,1,0,dry_texter,0,1
1,35.66384822120847,them,186,0.01,8.584732475377034,dry,1,0,night,1,1,casual,0,0
2,42.745389943505934,them,163,0.63,86.16675733342396,neutral,8,1,day,1,1,dry_texter,0,1
1,55.20031551892838,me,140,0.7,116.83437151214851,neutral,4,1,day,0,0,casual,1,1
26,71.25683827453344,me,151,0.61,53.44328766151966,neutral,7,1,day,0,1,interested,1,1
39,33.76409111995792,me,40,0.81,81.5380117320572,neutral,10,1,day,0,0,interested,1,0
35,15.708940673451842,me,163,0.17,73.68075090459855,enthusiastic,3,0,night,0,1,interested,1,1
28,6.116327737691493,them,70,0.27,3.337367280626598,neutral,10,1,night,1,1,casual,1,1
1,48.50956168745251,them,78,0.19,52.24061658788081,dry,6,1,night,1,0,dry_texter,0,1
29,54.82044101991442,them,166,0.21,20.13464559270913,enthusiastic,9,1,day,1,0,casual,0,1
7,38.457823119102514,me,192,0.91,110.24112747600412,neutral,4,1,night,1,0,casual,1,1
32,22.17933647435899,them,188,0.96,58.33567486735841,dry,2,1,night,0,0,dry_texter,1,1
6,3.653926953623266,them,90,0.95,67.76657825945449,enthusiastic,0,1,day,1,1,interested,1,0
31,47.82950241733958,me,104,0.91,83.36165568995624,dry,9,1,day,1,0,casual,0,1
50,57.4022262830551,me,117,0.41,116.30540998002752,dry,10,0,night,1,1,dry_texter,0,1
31,48.05791989624531,them,155,0.16,95.5430600019852,dry,2,1,day,0,1,interested,1,1
4,31.99468893860323,them,3,0.83,38.580469150202845,neutral,7,0,day,0,0,ghoster,0,1
49,35.65786910140348,them,138,0.17,17.73283213697504,enthusiastic,7,0,day,0,0,interested,1,0
18,52.93522232246303,me,186,0.44,60.29056315993258,enthusiastic,7,1,day,0,0,casual,1,1
36,27.382235137968088,them,118,0.39,93.81762454577263,dry,2,1,night,0,1,casual,0,1
6,25.518071393656278,me,124,0.98,17.89901153414718,neutral,8,0,day,0,1,dry_texter,0,1
26,27.763583906962438,them,146,0.2,98.30748197668471,dry,1,1,night,0,0,casual,0,1
10,37.97230778354788,them,68,0.03,117.0877838203987,neutral,1,1,day,1,1,interested,0,1
16,38.121613758810234,them,25,0.44,55.72400512506315,neutral,0,0,day,1,0,ghoster,0,1
30,7.052956681096946,them,126,0.56,60.33105440879457,dry,4,0,night,0,1,casual,1,0
5,2.9204240947049147,me,192,0.66,30.340777978902857,neutral,2,1,day,0,1,casual,1,1
29,22.651409943982262,me,57,0.89,62.92065274050623,neutral,8,1,night,0,1,interested,1,1
38,36.7968313528262,me,176,0.4,19.444761235142533,neutral,9,0,night,1,0,interested,0,0
23,21.637386006086867,them,14,0.17,52.930028565229435,neutral,7,1,day,1,1,dry_texter,1,1
21,36.32161088458093,me,38,0.58,105.84436674278993,dry,0,1,day,0,0,dry_texter,0,1
16,8.404860581869203,me,190,0.19,109.34747934579994,neutral,5,0,day,0,0,interested,1,1
2,14.538944529642952,me,134,0.6,21.476309049414247,enthusiastic,2,0,day,1,1,casual,1,1
27,9.477995177303868,me,101,0.64,32.87645775449685,enthusiastic,8,0,day,0,0,ghoster,0,0
17,32.75895215117074,them,23,0.38,61.247451083994626,neutral,10,1,night,0,0,dry_texter,0,0
22,52.722903703780446,me,179,0.54,18.21134664511643,enthusiastic,10,0,night,0,0,ghoster,0,1
25,0.89474427109747,me,10,0.56,63.64603402429515,dry,0,1,day,1,1,interested,1,0
11,13.805393094254091,me,85,0.75,45.063726987206685,neutral,10,0,night,1,0,ghoster,0,0
34,68.84964314741968,me,171,0.22,6.8466165162866295,enthusiastic,2,0,day,1,0,interested,1,1
45,2.051380976739771,them,171,0.03,32.95041796770046,neutral,3,1,night,0,1,interested,1,0
20,65.5244610020236,me,180,0.88,59.82051675186083,neutral,10,0,night,1,1,casual,0,0
6,36.39865231298096,me,84,0.21,33.512098438526735,enthusiastic,7,0,night,0,1,dry_texter,0,1
8,68.01254938473228,me,110,0.3,55.89485561710805,enthusiastic,4,1,night,0,1,ghoster,1,1
8,15.046564667948791,me,65,0.7,12.813262728586986,dry,6,0,night,0,1,casual,1,0
30,22.293952083313265,me,56,0.76,109.93803072042076,neutral,1,0,night,1,0,ghoster,0,1
4,12.916020905749885,them,150,0.67,30.54596169223144,neutral,5,1,night,1,1,ghoster,1,1
10,50.0090663017739,them,91,0.65,118.22296989384878,enthusiastic,9,1,day,0,0,dry_texter,0,0
13,55.819933283991716,them,26,0.76,73.0486987008422,enthusiastic,7,1,day,0,0,ghoster,0,1
35,54.829238593327446,me,58,0.32,48.883955357811836,enthusiastic,0,1,day,0,0,ghoster,0,1
12,67.9390162231779,them,145,0.55,96.59729651730514,neutral,0,0,day,0,1,interested,1,0
16,28.35432394757138,them,178,0.54,82.33073066225175,dry,7,1,night,1,0,interested,0,1
11,12.155791406603464,them,115,0.46,41.19595452657658,enthusiastic,1,0,day,1,0,casual,1,0
24,7.934428033898792,them,23,0.08,3.8724022873808455,dry,0,0,day,1,0,ghoster,0,1
1,8.002013203231414,me,178,0.21,83.24447010274326,neutral,8,1,night,1,0,ghoster,0,1
3,68.40193072575073,me,198,0.35,119.75015696224528,neutral,0,0,night,0,0,casual,0,1
46,10.001374320866786,me,197,0.17,74.43764128932781,enthusiastic,6,1,day,0,0,ghoster,0,0
38,71.74818964806178,them,28,0.9,53.397485579258046,dry,8,0,night,0,0,dry_texter,0,0
26,5.146227956713949,me,91,0.22,63.9029476059773,dry,7,0,night,1,0,ghoster,1,1
48,15.120506317353922,me,42,0.64,119.7147726355776,neutral,0,0,night,0,1,ghoster,0,1
13,32.93672525713505,me,109,0.42,22.720759420149044,dry,8,1,day,0,1,casual,1,0
20,33.864457223929435,me,108,0.55,27.661749893907285,dry,3,0,day,1,1,interested,0,0
26,47.495128770262674,them,123,0.78,100.07661371000255,dry,4,1,night,1,0,interested,1,0
15,69.67459974175115,me,109,0.66,116.66246447637708,dry,9,1,day,0,1,ghoster,0,1
21,62.31067009117146,them,23,0.94,45.95289545700306,enthusiastic,4,0,night,0,1,dry_texter,0,0
39,0.9696457253798796,me,18,0.37,100.066598514432,dry,0,1,day,1,1,ghoster,0,1
3,8.940364530836163,me,155,0.4,47.39180718078629,enthusiastic,9,1,day,1,0,interested,1,0
46,21.382372244638727,them,50,0.42,35.45061505470723,neutral,7,1,day,1,1,casual,0,1
3,16.91975307525395,me,63,0.47,36.05697974023418,dry,3,1,day,0,1,ghoster,0,1
25,70.39164303427903,me,106,0.75,19.64490171411738,neutral,9,1,night,0,0,ghoster,0,1
11,9.982669378214784,me,12,0.88,90.55681029421594,neutral,7,0,night,1,1,casual,0,0
49,71.40592940472436,them,137,0.57,45.56565052404967,neutral,10,0,night,0,1,casual,0,1
4,53.476742883956284,me,130,0.96,73.5578765498521,neutral,4,1,day,0,1,interested,0,0
41,2.446985365595731,them,108,0.07,94.2968148584741,enthusiastic,8,1,night,0,0,casual,1,0
8,39.21058368833832,them,111,0.28,82.1067269653317,dry,1,0,day,1,0,interested,0,1
47,10.858824406935828,me,121,0.69,24.65035069657773,dry,3,0,day,1,0,dry_texter,0,0
4,29.75920925005762,me,122,0.67,57.15723019091384,neutral,5,0,day,0,0,casual,1,1
16,46.473810228012084,me,133,0.78,62.34881469944454,neutral,9,1,day,1,0,casual,1,0
4,26.415585292573837,them,110,0.06,79.45823597261455,neutral,2,1,night,1,1,ghoster,1,1
10,44.89088235420975,me,49,0.15,13.815347774652874,neutral,3,0,night,1,0,dry_texter,0,1
31,32.78651318576371,me,65,0.93,12.42252455620167,neutral,9,1,day,0,0,dry_texter,1,0
24,43.89786650190158,them,31,0.44,70.02687534060857,enthusiastic,10,1,night,0,1,interested,1,0
16,8.225608587779387,me,101,0.69,69.6350966975015,dry,8,0,night,0,1,interested,1,1
24,35.57561616518041,me,88,0.81,31.832855180863667,enthusiastic,8,0,day,0,1,ghoster,0,1
25,26.109707806549515,them,192,0.08,93.38299419953779,enthusiastic,1,1,day,1,0,dry_texter,1,1
38,37.714782569786166,them,114,0.3,67.86276106351744,neutral,6,0,day,0,1,dry_texter,0,1
9,26.740577213434506,me,44,0.1,55.88525695922501,enthusiastic,10,1,day,0,0,interested,1,1
22,37.66959896959358,them,17,0.88,45.27281450885847,dry,10,1,night,1,1,casual,0,1
1,26.711890633614757,them,194,0.11,13.918006515527896,neutral,5,1,night,1,1,ghoster,0,1
34,66.05347574898653,me,4,1.0,68.79928968565414,dry,0,1,day,0,1,interested,1,1
26,0.1561288527605722,me,134,0.0,113.82984742870327,enthusiastic,1,0,night,0,1,casual,1,1
15,56.2239762551517,me,182,0.82,52.62338050629633,dry,5,0,night,0,1,casual,1,0
27,53.265409743091645,them,171,0.69,106.50707115608694,enthusiastic,9,0,day,0,1,casual,0,0
7,57.852908687735194,them,107,0.15,106.06549768993897,dry,4,0,day,0,1,interested,0,0
13,30.80484403465981,me,80,0.33,49.60913103081888,dry,10,0,day,1,0,ghoster,0,1
26,51.189677494398445,them,51,0.61,52.014410372277766,enthusiastic,1,1,day,1,0,dry_texter,0,0
32,11.004502663684727,me,18,0.41,20.378269388316056,enthusiastic,7,0,day,0,1,dry_texter,0,1
25,35.4799872937661,me,37,0.68,49.46442944530283,neutral,6,0,day,0,1,dry_texter,1,1
6,38.121334623125136,them,178,0.78,44.89645728404301,neutral,6,1,night,1,0,interested,1,1
49,14.22669369383686,them,86,0.37,38.07164251763851,dry,3,1,night,1,1,interested,1,1
7,62.969188633636406,them,4,0.14,21.218887429912574,dry,2,0,night,0,0,interested,1,1
15,29.526487117677707,me,64,0.7,66.71885876460351,enthusiastic,9,1,day,1,0,casual,0,1
30,70.50174550375321,them,13,0.59,62.658142958342516,dry,3,0,night,1,1,casual,0,0
23,17.870551176882763,me,28,0.36,80.73795974523472,enthusiastic,5,0,night,1,0,casual,1,1
9,41.23759714952149,me,98,0.34,98.18416931727447,enthusiastic,5,1,day,1,1,casual,1,1
22,64.25416808762353,me,86,0.12,107.7480392011109,dry,4,0,night,0,0,dry_texter,0,1
28,1.1046306196737827,them,178,0.06,78.56882961227365,dry,5,1,day,1,1,ghoster,0,1
36,69.65563790416131,them,179,0.42,103.23065238688605,dry,2,1,night,0,0,dry_texter,1,1
11,28.644560010059095,me,75,0.27,25.206997092017527,neutral,1,1,night,0,0,ghoster,0,1
28,19.506316830262058,me,24,0.82,56.312919775901484,dry,1,0,night,1,0,dry_texter,0,1
25,15.42305194278732,them,36,0.09,29.42894554399308,neutral,5,1,day,1,0,ghoster,0,1
40,64.36181235740864,me,85,0.41,12.579384761143155,enthusiastic,7,1,night,1,0,dry_texter,0,1
8,19.83519141323208,me,15,0.53,111.0554736022512,neutral,10,1,night,0,1,casual,1,0
17,31.427448704614648,me,60,0.42,119.23970866484736,neutral,4,1,day,1,1,interested,0,0
37,37.778875806278265,them,131,0.09,90.03558176384159,dry,3,1,day,0,0,interested,1,1
20,41.52723206554272,them,107,0.73,30.556952687281473,enthusiastic,2,0,day,0,1,interested,1,0
43,2.3947159342257356,them,32,0.75,96.73198140544089,enthusiastic,9,0,night,1,1,interested,1,0
13,34.1080561160906,them,19,0.24,57.231559055788935,dry,5,0,day,0,0,dry_texter,1,1
15,53.673887894184,them,121,0.74,54.65091558247343,enthusiastic,7,1,night,1,0,dry_texter,0,1
29,32.34392280272793,me,72,0.57,19.00645268210739,dry,8,0,night,0,0,dry_texter,1,0
24,4.800421418871854,them,190,0.17,64.94725479926385,enthusiastic,0,1,night,1,1,interested,1,1
7,58.700767594357025,me,73,0.45,95.52777956154337,enthusiastic,5,0,day,0,0,interested,1,1
32,71.98189148225391,them,9,0.45,57.143473558104695,neutral,2,0,night,1,1,interested,0,1
24,6.571366322865036,them,123,0.24,20.434643175271926,dry,5,0,day,0,1,interested,0,1
22,58.1034483114506,them,69,0.12,17.619073238916876,dry,3,0,night,1,0,casual,0,1
38,2.0517071820740833,them,81,0.45,75.88592811776232,enthusiastic,1,0,night,1,0,dry_texter,1,1
31,20.330762200448063,them,135,0.63,8.162485498201823,neutral,2,1,night,0,0,dry_texter,0,1
4,49.09721171118479,me,13,0.59,38.41490175269524,dry,7,0,night,1,0,casual,0,1
27,65.29314484282487,them,45,0.92,80.93498185489354,enthusiastic,0,0,night,1,0,ghoster,0,1
31,11.141983130246018,me,93,0.13,15.199982366112925,enthusiastic,2,0,day,0,1,ghoster,1,1
30,48.761550635545305,them,107,0.26,84.46364075094476,dry,1,1,night,0,0,dry_texter,1,1
8,69.45402452662093,me,72,0.78,58.23651996217828,dry,0,0,day,0,0,casual,1,1
38,32.832899991152686,them,73,0.17,113.39810662320313,dry,7,0,day,1,1,interested,0,1
29,25.80840604821063,them,137,0.45,77.01983308299197,neutral,9,0,day,1,0,interested,0,0
9,67.12179281429133,me,41,0.15,104.1069728530322,neutral,0,1,day,0,0,dry_texter,1,1
20,21.272171513534126,me,53,1.0,53.874777543309264,neutral,4,1,day,1,1,interested,1,0
32,8.072007237404886,me,70,0.75,100.15078307644843,neutral,4,0,night,0,0,interested,0,0
31,2.943044895445345,me,91,0.76,29.7982566998448,dry,5,0,night,0,0,ghoster,0,1
46,16.841058653106174,them,83,0.26,1.5635417302120846,neutral,3,0,day,0,0,casual,0,0
8,25.08150437094369,them,195,0.53,12.357908124117133,enthusiastic,7,1,night,1,1,interested,1,1
22,1.8907935906308415,them,141,0.05,102.28656948585478,enthusiastic,5,0,day,0,0,interested,1,1
4,41.75323805821445,them,33,0.92,90.45362711557439,enthusiastic,5,0,day,0,0,ghoster,0,1
15,66.81701041718478,them,88,0.89,2.5883025024039608,dry,9,1,night,1,1,interested,0,1
25,19.70628519032026,them,55,0.96,54.7096678085717,neutral,6,1,day,1,0,interested,1,0
12,51.1972499403424,them,54,0.36,8.946630362639624,enthusiastic,0,0,night,1,0,casual,0,1
27,65.58856020860297,me,129,0.72,34.310416363648784,neutral,7,0,day,0,1,ghoster,0,1
25,12.241914873223891,them,116,1.0,99.45366310579894,neutral,5,0,day,1,1,ghoster,0,1
36,70.68721685726184,me,159,0.91,11.853962497326268,neutral,3,0,night,1,1,interested,1,1
28,23.107750982731126,them,99,0.02,100.62920721887144,dry,3,1,day,1,1,dry_texter,0,0
24,0.6517161549627843,them,37,0.36,48.52402662354879,enthusiastic,8,0,day,0,1,dry_texter,1,1
38,5.46576556308036,them,37,0.42,31.38506309694459,dry,9,1,night,1,0,casual,1,1
38,44.83962719380119,them,34,0.86,30.610508620566982,enthusiastic,4,0,day,1,0,ghoster,0,1
27,0.10493287171980992,me,88,0.25,84.4777412936529,neutral,5,0,day,0,0,dry_texter,0,1
4,57.72021401369158,them,160,0.11,67.42434263085023,dry,0,0,night,1,1,dry_texter,1,1
42,8.317105507109826,them,106,0.26,42.63687886278678,neutral,0,0,day,1,1,ghoster,0,1
37,11.656402180758263,me,110,0.18,74.84463360955002,enthusiastic,6,0,night,0,1,dry_texter,1,1
50,57.595788087604305,me,135,0.29,39.47946037365556,enthusiastic,4,0,day,0,1,dry_texter,0,1
35,32.47418636259741,them,139,0.51,108.92887266533826,enthusiastic,8,1,night,1,1,dry_texter,1,1
38,28.30263833517222,them,15,0.81,103.45557509019363,dry,10,1,day,0,1,dry_texter,0,1
7,9.556077609016146,me,174,0.9,79.42512728422099,neutral,10,1,day,0,1,interested,0,1
8,59.37906722473637,them,155,0.87,32.97656252429259,neutral,9,0,day,1,0,interested,0,0
34,43.06706973208006,them,154,0.67,22.353801223438293,neutral,10,0,day,1,1,interested,0,0
37,54.38946671834472,me,163,0.71,107.23604125566774,enthusiastic,2,1,night,1,1,dry_texter,0,1
36,64.3065975792951,me,184,0.1,102.12850053961456,dry,10,1,night,1,1,dry_texter,0,1
13,32.771224241771876,them,197,0.95,95.16649266783534,dry,6,0,day,0,0,ghoster,0,0
40,55.24088606143359,me,142,0.64,71.27506005820355,dry,2,1,night,0,0,casual,1,1
39,19.40035215266832,them,83,0.57,7.513017866411069,dry,6,0,day,0,0,ghoster,1,1
28,1.9759692454962918,them,156,0.48,46.49345212688209,enthusiastic,4,1,night,1,1,dry_texter,1,1
50,66.95647230359396,me,78,0.28,118.0980418527773,enthusiastic,5,1,night,0,1,dry_texter,1,1
46,5.394533900523757,them,49,0.58,87.61673075982677,enthusiastic,6,1,day,0,0,interested,1,0
33,30.786599644441132,me,104,0.94,107.05182766247525,dry,1,0,day,1,0,interested,1,0
29,23.739431899996852,them,99,0.13,25.801706659341562,neutral,0,0,night,1,1,dry_texter,0,1
48,41.79424093000939,me,113,0.12,110.96509375541604,neutral,4,0,day,0,0,ghoster,0,1
36,18.608972001801256,them,22,0.45,12.369898364582848,enthusiastic,10,1,day,1,0,casual,0,1
50,8.299510012041612,them,80,0.82,111.67447266973724,dry,9,0,day,0,1,dry_texter,1,1
41,38.947251793114305,me,12,0.87,52.60420731642203,enthusiastic,9,0,night,0,0,ghoster,1,1
8,56.339495613961525,them,118,0.76,92.81220821564959,neutral,5,0,day,1,0,dry_texter,0,1
8,69.62351947764537,me,83,0.62,113.60804516696133,enthusiastic,7,0,night,0,1,interested,1,0
37,29.59833536019453,me,141,0.06,117.91928081505255,dry,0,0,day,1,1,casual,0,1
41,16.26637114626368,them,31,0.89,54.21855761249268,enthusiastic,6,0,day,0,0,casual,1,0
32,11.289194334616472,them,36,0.62,43.61309557643158,neutral,1,1,day,0,0,ghoster,1,0
6,7.941580141452103,them,10,0.05,87.20162424950388,enthusiastic,7,1,night,0,1,casual,1,0
24,1.5136668159292173,me,18,0.27,52.58544316710911,dry,9,0,night,1,0,dry_texter,0,1
40,71.18368250739408,me,11,0.74,76.8684105758238,enthusiastic,5,1,day,1,0,casual,1,0
29,41.942445995947224,them,102,0.56,62.25606178323124,dry,4,1,night,0,1,dry_texter,0,1
39,13.184427719392888,them,79,0.25,80.56337541436929,dry,7,1,day,0,0,casual,0,1
4,28.391493325416317,me,66,0.18,53.87518464448096,enthusiastic,1,0,night,0,1,dry_texter,0,1
34,55.54202446984699,me,82,0.36,57.75729515984574,dry,0,1,day,0,1,casual,0,1
44,11.686899938759115,them,19,0.91,69.33669909931602,enthusiastic,10,1,day,0,0,dry_texter,1,1
20,49.409704629235634,them,46,0.33,50.11969867048527,dry,10,1,day,1,1,interested,0,0
41,55.58342741454658,them,62,0.63,80.52020313292371,dry,1,1,night,0,0,dry_texter,0,1
15,29.360647156838407,them,99,0.81,19.617433394020267,neutral,10,0,night,1,0,ghoster,0,1
40,62.92641379133384,them,78,0.58,59.12638350436841,neutral,7,0,day,1,1,interested,0,1
11,0.1632125813032852,me,82,0.52,11.865442389592372,neutral,10,1,night,0,0,dry_texter,1,0
2,61.09866377806382,me,68,0.2,106.50363487812452,dry,2,1,day,1,0,casual,0,1
38,60.461478024697264,them,180,0.51,92.70317417497972,neutral,10,0,night,0,1,dry_texter,0,0
45,15.626086304068663,me,146,0.27,9.047491717229368,neutral,2,0,day,0,0,ghoster,0,1
5,69.48601449960125,them,169,0.88,73.64953801724461,enthusiastic,9,1,night,0,1,casual,1,1
32,31.137959156410563,them,131,0.32,94.3299282974496,neutral,2,1,night,0,0,interested,1,0
18,65.66936075507066,them,140,0.7,26.51289603321442,enthusiastic,7,0,night,1,0,interested,1,1
45,38.71253304046758,them,135,0.36,92.72445677220512,dry,9,0,day,1,1,ghoster,0,1
5,15.84163847559806,them,54,0.68,99.60126282166358,neutral,7,0,night,1,0,interested,1,1
31,53.36399575529814,me,175,0.18,95.64967891268144,enthusiastic,10,1,day,0,1,casual,1,1
8,67.45964839435626,me,148,0.71,56.75460493397054,dry,2,1,night,0,0,casual,0,1
26,67.55562766597127,me,105,0.63,96.04887889489066,neutral,0,1,night,0,1,dry_texter,1,1
38,25.30354532674485,them,47,0.28,61.931463920174544,dry,6,1,night,0,0,ghoster,0,1
17,62.27228135705602,me,161,0.58,105.03120571124799,neutral,3,0,night,0,1,interested,0,1
35,37.70102054893018,them,18,0.99,69.93756361834033,enthusiastic,1,0,day,1,0,ghoster,0,0
43,21.329905095221548,me,117,0.89,110.6777989939734,dry,1,1,night,1,0,dry_texter,1,1
33,9.577426230971996,me,5,0.01,88.96135180109516,enthusiastic,10,0,night,1,0,casual,1,1
14,34.42473618206701,me,115,0.71,97.76480115972319,enthusiastic,10,1,day,0,1,ghoster,0,1
8,20.163513278059014,me,136,0.61,12.170564799387755,enthusiastic,10,0,day,1,0,casual,1,0
35,10.339470748668944,them,59,0.23,23.764624069336442,enthusiastic,3,0,night,0,0,dry_texter,1,1
11,8.822038884577374,me,178,0.09,18.38907225656169,enthusiastic,5,1,day,1,1,casual,1,1
47,39.92503534812118,them,63,0.87,60.38427006366146,dry,3,0,day,0,1,casual,0,1
21,31.03482687453741,me,187,0.36,95.83937484467887,enthusiastic,7,1,day,1,0,interested,0,0
7,0.7223831118368684,them,162,0.28,107.5522692872412,enthusiastic,3,1,night,1,0,ghoster,1,1
41,71.71272075046531,me,129,0.22,79.6571746559909,dry,1,1,day,1,0,casual,0,1
46,70.89082444359212,them,193,0.28,35.68942655847659,enthusiastic,9,1,day,1,0,dry_texter,0,1
2,10.559735082385263,me,154,0.95,28.7593399429222,neutral,6,1,day,1,0,interested,1,0
29,0.017898819318324932,me,21,0.07,89.36053662809785,enthusiastic,1,1,night,1,0,ghoster,1,1
33,63.10134355821383,them,51,0.48,50.00930448695874,dry,2,1,night,1,0,dry_texter,0,0
45,0.9984536431501958,them,104,0.34,75.2088248020197,neutral,6,0,day,1,1,interested,1,1
41,27.82546023015629,them,166,0.59,101.21412226823894,enthusiastic,1,0,night,1,1,ghoster,0,1
8,51.16806173058277,them,121,0.45,75.2350294299506,neutral,0,1,day,1,0,casual,0,1
38,35.04728738236183,me,86,0.83,55.23283679242357,enthusiastic,7,0,night,0,1,ghoster,0,1
33,8.188797020030979,them,114,0.77,93.91323503214404,dry,10,0,night,1,0,ghoster,0,1
3,43.814012582876806,them,147,0.26,98.32339123342113,enthusiastic,1,1,night,0,1,casual,1,1
50,14.029764829977571,me,102,0.81,34.4428670231114,enthusiastic,0,0,night,1,0,ghoster,0,1
14,53.62141511188559,them,89,0.2,90.9837675189532,dry,5,0,night,0,0,casual,0,1
39,2.140165869234594,me,111,0.51,104.97259476805881,enthusiastic,6,1,night,0,0,dry_texter,1,1
43,67.83781079181612,me,132,0.66,108.79980106412356,enthusiastic,7,0,day,0,0,ghoster,0,1
37,40.482962603422436,them,98,0.02,82.55068878720456,neutral,1,1,night,1,0,dry_texter,0,1
21,26.921613118503153,them,25,0.14,5.519381438366546,dry,7,0,night,1,0,interested,0,1
17,59.43371620277483,them,200,0.75,83.1270324862211,dry,1,1,day,0,0,dry_texter,0,1
34,30.887456080818396,them,145,0.08,78.16228728920048,neutral,8,1,night,1,0,ghoster,1,1
35,42.79718968363566,them,77,0.85,78.4529331593455,enthusiastic,8,0,night,1,1,dry_texter,0,1
31,29.804687431045615,them,34,0.79,90.6040668536197,neutral,9,0,night,1,1,ghoster,0,1
34,27.68424679006001,me,198,0.71,84.39520981208456,neutral,7,0,day,1,1,ghoster,0,1
33,4.862812900122797,them,27,0.45,40.10623733686693,neutral,9,1,day,0,0,interested,0,0
22,58.5372550755233,them,129,0.9,19.401638388196165,enthusiastic,2,0,night,0,0,casual,1,1
45,43.23402717929123,me,164,0.34,65.45594022079028,enthusiastic,1,1,day,0,1,ghoster,0,1
18,34.00885051192569,them,183,0.79,58.18960884192722,enthusiastic,10,1,day,0,0,interested,1,0
20,1.319965637850073,me,19,0.89,68.51817504896475,enthusiastic,7,1,day,1,0,interested,1,0
9,18.02323045148769,me,94,0.35,46.61927419329387,dry,10,1,night,1,0,casual,1,0
19,7.413145777450858,them,79,0.98,67.41240046569393,enthusiastic,9,0,day,0,1,dry_texter,1,0
18,29.502012093705577,them,78,0.7,38.664528258257796,enthusiastic,7,0,night,1,1,interested,1,0
34,9.790544378095445,me,55,0.01,111.43636991107981,dry,4,1,day,1,0,dry_texter,0,1
10,35.55126931889714,them,188,0.81,61.016240282728035,neutral,2,0,day,1,0,ghoster,0,1
38,31.719227052445905,them,87,0.05,35.019032231187055,dry,10,1,night,0,0,interested,1,0
35,48.401429604701114,them,96,0.56,75.09154915773377,dry,4,1,night,0,0,dry_texter,0,1
46,32.478951459542664,them,69,0.95,40.88399724049025,dry,8,1,day,0,0,interested,1,0
37,22.901241056422798,them,129,0.57,45.589054319692025,enthusiastic,4,1,day,0,0,interested,1,0
47,34.86229531168355,them,132,0.93,82.52172776555922,neutral,9,0,day,0,1,dry_texter,0,1
14,17.886105772004896,me,125,0.35,108.46894070670075,neutral,5,0,day,0,1,interested,0,1
1,10.77897698711856,them,141,0.08,93.09882806493096,neutral,9,0,night,1,0,casual,0,1
43,50.5459554525754,me,121,0.48,55.61470902696898,dry,3,1,day,0,0,casual,0,1
50,18.335365104564588,them,156,0.79,84.22722342311079,dry,1,0,night,0,0,interested,1,1
21,68.99615110894712,them,150,0.8,70.14497019406902,dry,9,0,day,0,0,casual,0,1
38,54.67034663934496,them,153,0.26,74.05735368841889,dry,0,0,night,1,0,interested,0,1
28,13.970384983684085,me,75,0.67,86.99093408209285,dry,1,1,day,0,0,casual,1,1
8,4.030605772265796,them,190,0.77,35.10203823211744,enthusiastic,8,1,day,1,0,casual,1,1
38,55.09350361123189,me,47,0.86,55.35439920483774,enthusiastic,6,0,day,1,1,casual,0,1
25,18.33103317394078,them,135,0.12,29.29486484555924,neutral,8,1,day,1,0,interested,1,0
13,48.21614165636275,me,13,0.89,83.44875260386387,enthusiastic,1,0,day,0,1,dry_texter,0,1
50,44.819332673141176,me,5,0.58,72.9615775892979,neutral,5,1,night,0,0,casual,0,1
26,9.764497755629346,them,47,1.0,32.888154617801604,enthusiastic,3,1,day,1,0,dry_texter,1,1
15,69.71815874648169,them,155,0.7,11.925191035147181,dry,0,1,night,1,1,ghoster,0,1
38,48.53523762912724,them,17,0.38,39.01720264397246,neutral,3,0,day,1,1,dry_texter,0,1
49,40.48232749449921,me,74,0.03,7.034922032503511,dry,4,0,day,0,0,ghoster,0,1
14,21.382146981732248,them,84,0.2,104.14317252917209,neutral,1,1,night,1,1,ghoster,1,1
29,32.217701437128994,them,41,0.39,112.10404833896868,neutral,10,1,day,1,1,interested,1,1
45,22.808191783250116,me,189,0.56,81.94177930698412,neutral,2,1,day,1,1,ghoster,0,1
6,19.07678871473538,them,4,0.02,7.938340715934307,neutral,2,1,day,0,0,casual,0,0
5,57.70091267419065,me,173,0.4,110.70659449845917,dry,1,0,night,1,0,interested,0,1
2,42.8733687868647,them,42,0.91,54.262718469935216,dry,10,1,day,1,0,interested,0,0
45,0.9965121989844681,me,142,0.58,117.13835451232696,dry,1,0,night,0,1,interested,1,0
24,9.161295768957764,them,167,0.03,119.25699097075882,enthusiastic,9,1,day,1,1,dry_texter,1,1
17,33.06980878703072,them,33,0.74,53.08337709361356,neutral,9,1,night,1,1,ghoster,0,1
9,1.1852712579351552,me,115,0.49,29.48813204416886,neutral,5,1,day,0,1,casual,1,1
26,23.047501440507734,them,121,0.9,36.9865625154643,enthusiastic,4,1,day,0,1,interested,1,0
42,58.04976356754952,them,190,0.52,69.74136189948379,dry,1,0,day,0,1,interested,0,1
39,42.2413225412868,them,24,0.87,53.509561974657935,enthusiastic,3,1,night,0,1,interested,1,0
11,58.11887854246633,me,169,0.8,96.54697154571595,neutral,0,1,night,1,1,casual,0,1
24,67.8778580601853,me,198,0.74,72.29098254196647,neutral,5,0,day,0,1,interested,1,1
50,23.613623591078248,me,76,0.31,18.705588835050538,enthusiastic,10,1,day,1,0,interested,1,0
36,65.20325351992255,them,77,0.46,15.103604951151608,neutral,6,1,day,1,0,casual,0,1
22,51.54470440045825,them,51,0.28,97.39322119206543,neutral,2,1,day,0,1,casual,0,1
1,29.65601585505107,me,80,0.58,33.40078586391686,neutral,1,1,day,0,1,interested,1,0
45,54.383534837575745,me,107,0.57,20.476516559360945,neutral,2,1,day,0,0,interested,1,0
39,44.34403013739018,me,100,0.17,96.45006465625431,enthusiastic,0,1,night,1,1,dry_texter,0,1
27,48.40324039265907,them,134,0.12,25.576932877389645,enthusiastic,5,0,night,1,0,interested,1,0
6,23.283112516244255,me,150,0.79,106.7464782612859,dry,7,1,night,0,0,casual,1,1
32,71.59642364408629,them,37,0.35,117.8646508783938,enthusiastic,6,1,day,0,1,dry_texter,1,1
11,22.37568287768578,them,112,0.64,32.82153598439506,enthusiastic,4,1,night,1,0,interested,1,0
4,27.904129820076662,them,105,0.91,76.23407644916573,enthusiastic,2,1,day,0,1,casual,0,0
44,27.421624291120438,me,30,0.11,79.79084072881115,dry,1,0,day,1,0,casual,0,1
30,53.38211653653015,me,125,0.14,42.904546665581876,neutral,4,1,night,0,0,interested,0,0
36,1.0887423079315601,me,36,0.19,42.36937513193341,dry,6,0,night,0,0,casual,1,1
21,33.37067957655948,me,164,0.54,87.04113295810804,dry,7,0,day,0,1,casual,1,1
21,58.586395974210824,me,116,0.08,59.26362449970714,neutral,1,0,night,1,0,dry_texter,0,1
8,35.50653379455404,me,47,0.78,108.78508623463226,neutral,6,0,day,1,0,ghoster,0,1
37,42.18288659662319,them,59,0.86,74.769457553969,neutral,5,0,night,0,0,ghoster,0,1
6,18.387936466255415,them,115,0.53,56.7114114310458,dry,0,0,night,1,0,ghoster,0,1
46,7.276613421631179,me,175,0.56,7.016927375936333,enthusiastic,3,1,night,1,0,casual,1,1
29,25.359960215310767,me,68,0.51,90.9143161255214,dry,9,0,day,1,1,dry_texter,0,1
42,29.916594118308765,me,1,0.15,67.1390059092884,dry,0,0,night,1,1,ghoster,0,1
30,58.83220573984422,them,128,0.01,108.49240005396113,neutral,10,1,night,0,1,ghoster,0,1
47,0.4910044255064765,them,75,0.28,13.976395175423786,dry,4,1,day,1,1,interested,1,0
28,42.26273011384913,me,187,0.71,65.5396991583219,enthusiastic,2,0,night,1,1,dry_texter,0,1
24,46.465120460349155,them,56,0.82,59.10622410934627,dry,5,1,night,1,0,interested,1,1
41,53.99878413374248,them,130,0.47,68.7789613647038,enthusiastic,4,1,day,1,1,dry_texter,0,1
23,54.54854749789164,them,17,0.21,68.84350214653442,enthusiastic,4,1,day,1,0,ghoster,0,1
21,47.90935162490808,them,57,0.73,47.46024053632885,enthusiastic,2,1,day,1,0,ghoster,0,1
38,63.4461884129348,them,169,0.95,118.74403263274631,enthusiastic,3,0,day,0,0,dry_texter,0,1
37,20.459602623006624,me,100,0.53,37.54819319645104,dry,1,0,day,1,1,ghoster,0,1
35,60.6892508444051,me,95,0.49,111.16936146518013,enthusiastic,8,0,night,1,1,interested,0,1
43,68.40029980693409,them,189,0.04,17.14927694286741,neutral,9,0,night,1,0,casual,1,1
45,2.8840317410719836,them,150,0.81,81.34023661674004,dry,5,1,night,0,0,dry_texter,1,1
45,70.04546572822149,me,48,0.43,94.5546621284993,enthusiastic,6,1,day,0,1,casual,1,1
3,65.40887251610422,them,10,0.13,34.508792628075305,neutral,9,0,day,1,1,ghoster,0,1
16,30.645383855345266,them,13,0.42,90.93555647196051,dry,5,1,day,0,0,dry_texter,0,1
33,11.862101226162777,me,109,0.41,24.240277160904114,dry,10,0,night,0,1,dry_texter,1,1
49,69.68246674824216,them,143,0.55,45.472628647913986,enthusiastic,10,1,day,1,1,dry_texter,0,1
30,51.900083215228,them,58,0.95,8.689894930048936,dry,4,1,day,0,1,casual,0,0
39,11.817628147453139,them,163,0.75,65.68591015784607,dry,10,1,day,1,0,casual,1,1
32,46.40020360397356,me,113,0.89,82.45687940167367,enthusiastic,10,1,day,0,0,interested,1,0
25,65.84328723415078,them,97,0.72,23.33620230141783,dry,5,1,night,0,0,casual,0,1
32,21.871120496032443,me,41,0.86,102.28789924000375,neutral,9,0,day,1,0,ghoster,0,1
39,15.818981822620243,them,195,0.99,44.01232581448118,enthusiastic,1,0,night,1,1,dry_texter,1,1
36,24.800319707135827,them,26,0.87,67.95402273107258,enthusiastic,8,1,day,1,0,ghoster,0,1
3,22.595574055885667,them,118,0.52,26.94258056127994,neutral,4,0,day,1,1,interested,1,0
41,65.99698408442669,them,154,0.77,24.894953793976182,enthusiastic,1,0,night,0,0,dry_texter,1,1
19,13.136658726740912,me,65,0.46,26.56177364597916,dry,9,1,night,1,1,interested,1,1
43,33.7216083903966,them,194,0.36,6.446817016270302,neutral,10,0,day,1,0,ghoster,0,1
23,9.09833113182593,me,37,0.84,79.33242290459822,dry,2,1,night,1,1,interested,1,0
20,20.943035219706367,me,180,0.2,42.93567557095367,enthusiastic,5,0,night,1,1,dry_texter,1,1
6,24.524288525606796,them,105,0.85,109.55413135364148,neutral,2,0,day,1,1,ghoster,0,1
3,36.41670618350984,me,134,0.17,65.98061346242748,dry,10,1,day,1,1,interested,1,0
14,51.34907846115293,me,116,0.74,8.83791976243133,neutral,3,1,day,1,1,ghoster,0,1
35,52.81818313448015,me,152,0.57,36.509814490870305,neutral,10,1,night,0,0,interested,1,0
15,66.17148971691661,me,21,0.98,64.30633205963753,dry,9,0,night,1,0,dry_texter,0,1
16,45.04239861587263,me,60,0.78,83.955334109229,enthusiastic,4,1,day,1,0,ghoster,0,1
11,27.379474897933623,me,200,0.99,96.85834520229858,enthusiastic,7,1,night,0,0,interested,1,1
1,20.76645015051642,me,53,0.58,30.79947103087862,enthusiastic,0,1,night,0,1,interested,1,1
15,36.290786533297194,them,93,0.01,59.33464856527215,dry,9,1,night,1,0,casual,0,1
15,68.36511564975497,them,53,0.7,2.547108393852522,dry,5,1,night,1,0,ghoster,0,1
14,62.26863778954558,them,156,0.9,52.6405269886798,dry,1,0,night,1,1,dry_texter,0,1
1,60.9180576489585,me,85,0.74,4.363154226944997,dry,9,1,night,0,1,ghoster,1,1
31,60.07277974407808,them,111,0.98,8.973641056444691,neutral,0,0,night,1,0,ghoster,0,1
26,65.60334439995458,them,109,0.14,41.07429630863599,neutral,8,1,day,0,0,interested,0,0
24,5.157347300300818,me,124,0.4,47.94060023798234,enthusiastic,8,1,night,0,0,interested,1,0
4,18.905617410861314,them,198,0.86,58.54158885457266,enthusiastic,2,0,day,0,0,interested,1,0
37,64.54098810622106,them,170,0.61,47.19243776362772,dry,8,1,night,0,0,interested,0,0
24,28.320795162390628,them,40,0.85,44.18004388498661,dry,5,1,day,1,1,casual,0,1
15,45.00752236464905,me,107,0.9,112.503475335983,dry,9,0,day,1,0,dry_texter,1,1
10,0.39094211211341534,them,31,0.77,93.22827471592973,neutral,9,1,day,1,1,dry_texter,1,1
26,45.597724412717184,them,138,0.34,63.12825588697974,neutral,9,0,day,0,1,casual,0,1
22,70.80165565909755,me,157,0.41,58.15702145017642,dry,8,1,day,1,1,dry_texter,0,1
40,23.988485049205277,me,57,0.94,12.552542974360058,enthusiastic,0,1,day,0,0,interested,1,0
13,25.822170464721456,them,114,0.47,94.72706455102085,enthusiastic,10,0,day,1,0,dry_texter,0,0
49,70.01486194808037,me,149,0.21,36.74133278431781,enthusiastic,0,0,day,0,0,dry_texter,0,1
11,18.53235235335147,them,140,0.94,115.3435916629547,enthusiastic,7,1,day,1,1,dry_texter,1,0
39,47.01833219240605,me,81,0.75,74.89870108194529,dry,0,1,day,1,1,ghoster,0,1
20,30.94429925358656,me,51,0.11,7.458337330902245,enthusiastic,7,1,night,1,0,ghoster,0,1
35,45.05387332534437,me,199,0.62,7.250877691405506,dry,3,0,night,1,1,dry_texter,0,0
29,30.770487362125365,them,106,0.41,67.3721328472238,dry,5,1,day,1,1,ghoster,0,1
42,21.58261711792993,me,173,0.77,68.86134101239314,neutral,5,0,day,1,0,ghoster,0,1
24,5.7958985520226545,me,153,0.99,61.80041418089472,enthusiastic,6,1,day,0,1,ghoster,1,1
15,10.985392796727208,me,196,0.22,4.569305622002053,neutral,10,1,night,1,1,ghoster,1,1
9,54.73714768982722,me,15,0.95,21.91972200782469,neutral,3,1,day,1,0,ghoster,0,1
24,56.830735245605425,me,180,0.05,1.932441869715801,neutral,1,1,night,0,1,interested,0,1
42,41.96469294202605,me,44,0.54,43.225922748594854,neutral,9,1,day,1,0,dry_texter,1,1
50,56.504654244332215,me,127,0.71,89.73064524698232,dry,7,1,day,0,0,casual,0,1
32,10.82415930394481,them,9,0.27,67.72323203371742,enthusiastic,6,0,day,1,0,interested,1,1
41,41.180600668294964,me,183,0.47,105.62045169393713,neutral,9,1,night,0,0,casual,1,0
17,7.9780349880013475,them,63,0.79,32.90223171859678,dry,6,0,night,0,1,casual,1,0
39,9.70147386811826,them,7,0.98,67.20938340904345,enthusiastic,6,1,night,0,0,ghoster,0,1
36,47.27758757453784,me,3,0.27,7.066880306304692,dry,9,1,day,0,0,interested,1,1
42,50.6231851592395,them,149,0.66,51.60353043849997,neutral,5,1,day,1,1,ghoster,0,1
34,60.995319121389585,me,9,0.49,25.769676373945554,neutral,7,1,day,1,0,dry_texter,0,1
26,54.36614323198421,them,61,0.95,75.57456763130169,dry,2,1,day,1,1,ghoster,0,0
44,34.60559121184847,them,139,0.74,95.00884661400795,neutral,4,1,night,1,0,casual,0,1
49,11.450313846975199,them,170,0.16,42.1839101875521,neutral,5,0,day,1,0,ghoster,1,1
1,32.40717273835354,them,47,0.69,28.805899858238085,enthusiastic,10,0,night,0,1,ghoster,1,1
9,23.31303259180043,me,193,0.82,101.43798239970444,enthusiastic,10,1,day,0,0,casual,1,0
29,65.2353842139602,them,11,0.49,83.32664105340965,dry,9,0,day,1,1,casual,0,1
33,49.60360683461252,me,141,0.73,105.32553372424007,enthusiastic,2,0,night,1,1,ghoster,0,1
32,18.91088925264883,me,43,0.54,23.5403717622302,dry,4,1,night,0,0,ghoster,1,0
26,42.79629483717944,me,92,0.54,104.8967841232585,neutral,4,0,night,1,1,interested,0,1
12,2.6140354512307855,them,165,0.19,81.5986063951789,neutral,5,0,day,1,0,interested,1,1
10,4.1059873908188855,them,110,0.31,117.05767922908252,dry,5,0,night,0,0,interested,1,0
14,69.8139076785498,me,124,0.17,57.35791783691129,neutral,1,1,day,0,0,casual,1,1
8,26.875178053984705,me,28,0.56,44.03585585680921,enthusiastic,0,1,night,0,0,dry_texter,0,1
16,39.51194541902614,them,111,0.82,15.585014156571063,enthusiastic,0,1,day,1,0,casual,1,0
1,41.554719127239075,them,91,0.29,19.311697585969053,dry,3,0,day,1,1,interested,0,1
41,25.43579932661801,them,84,0.55,19.092536249903926,dry,1,0,day,1,0,dry_texter,0,1
36,41.231623538724065,them,177,0.16,111.83690427093008,enthusiastic,1,1,night,1,1,ghoster,0,1
34,18.92645555647551,me,162,0.86,58.06261131246241,enthusiastic,2,0,night,1,1,interested,1,0
45,56.8416915428285,me,14,0.4,119.28832579659945,neutral,10,0,night,0,0,ghoster,0,1
37,20.356315555357963,them,14,0.65,18.115604147043737,dry,4,0,day,0,0,casual,1,0
6,62.383382132465954,me,197,0.87,84.85673046537559,neutral,9,1,day,0,1,interested,1,1
17,21.17075244207399,them,51,0.03,21.44401562738678,dry,1,1,night,1,1,ghoster,0,1
6,26.92715007072824,them,53,0.97,116.99306147202914,neutral,10,0,day,0,1,dry_texter,1,1
42,8.146777169629587,me,122,0.91,23.09281028991316,enthusiastic,7,0,night,0,1,interested,1,0
11,55.78049922064973,them,11,0.37,2.0717298831339894,enthusiastic,5,1,day,1,0,interested,0,0
34,9.111595109877992,them,46,0.5,1.0785267166691632,enthusiastic,0,1,night,0,0,dry_texter,0,0
29,5.749056188136956,me,168,0.67,117.13089428689699,enthusiastic,9,0,night,0,0,dry_texter,1,0
29,32.17598709142959,them,44,0.87,24.858603047179635,enthusiastic,9,0,night,1,0,interested,0,0
36,40.8445188545086,me,173,0.93,94.53889410079151,neutral,6,1,day,0,0,ghoster,0,1
12,17.51806035880504,them,169,0.61,31.40007526365471,enthusiastic,8,1,day,1,0,casual,1,0
13,71.11708985080719,me,10,0.09,83.37757193876418,dry,9,0,night,1,1,casual,0,1
22,23.81964953767997,me,200,0.54,96.9511657128823,enthusiastic,9,0,night,0,1,interested,1,1
26,19.066131401908088,me,200,0.53,75.82726921572505,enthusiastic,1,1,day,1,1,ghoster,1,1
33,55.03497923208188,them,180,0.11,64.50721793964652,dry,0,0,day,0,1,casual,1,1
24,22.57399153967298,them,56,0.56,38.14252658266177,dry,5,1,day,1,1,dry_texter,1,1
32,65.69490698040428,them,83,0.59,89.81800246813584,dry,4,0,day,1,1,casual,0,1
38,60.687610734266016,them,36,0.57,83.2249723840805,neutral,1,0,day,1,0,casual,1,1
33,6.6859373772379564,me,159,0.68,37.93797882810532,dry,1,1,day,0,0,casual,0,0
26,57.88614355933621,me,61,0.99,76.09121665060871,neutral,9,0,night,1,0,casual,0,1
31,34.386427281849876,me,2,0.11,41.45177526521533,dry,8,1,day,0,0,ghoster,0,1
30,2.3919600618764187,them,82,0.12,93.71355158220912,enthusiastic,6,0,day,0,0,ghoster,1,0
25,23.98678128479063,them,183,0.54,67.89914580493779,enthusiastic,8,1,night,0,0,ghoster,0,1
5,40.07876926608201,them,193,0.94,105.08938949758353,enthusiastic,10,1,day,1,1,casual,0,1
41,44.77356325509026,them,122,0.32,77.43424117068461,enthusiastic,7,1,night,1,0,dry_texter,0,1
39,4.724409202660065,me,20,0.4,69.40514501130315,dry,6,0,night,0,0,casual,0,1
8,70.38227039761655,me,118,0.95,71.07407255936367,enthusiastic,1,0,day,1,0,dry_texter,0,0
43,25.38140109842864,them,100,0.71,37.97298462984866,neutral,10,1,night,0,0,casual,1,0
8,1.6714175868641474,them,167,0.69,98.68744192273178,dry,8,1,day,0,0,ghoster,1,1
32,63.58049973577099,them,110,0.61,62.84156331102188,dry,10,1,night,0,0,dry_texter,0,1
30,17.75084071946101,them,76,0.63,56.616485391313766,enthusiastic,9,1,night,1,0,ghoster,0,1
50,66.4769270556195,them,195,0.27,51.538891108053164,dry,0,1,day,0,0,interested,1,0
21,64.0796389217776,me,190,0.76,35.28454152237562,neutral,10,1,day,1,0,dry_texter,0,1
48,5.28199751895961,me,47,0.98,108.20926001468303,enthusiastic,1,1,day,1,0,ghoster,1,1
50,66.91526648276579,me,30,0.26,41.84391062385747,enthusiastic,9,0,night,0,1,dry_texter,1,0
9,15.729044849425499,me,67,0.49,45.80174244889388,enthusiastic,10,1,night,1,0,ghoster,0,1
32,27.831452199363227,me,135,0.81,42.28707341236901,dry,8,0,day,1,1,ghoster,0,1
29,59.72704304406448,me,18,0.97,10.368500880978116,enthusiastic,6,0,night,1,0,ghoster,0,1
34,50.08444637364257,them,119,0.37,117.7853799706486,dry,1,0,night,1,0,dry_texter,0,1
35,15.098170429350406,me,29,0.89,39.823341104451714,dry,8,1,day,1,1,ghoster,1,1
25,71.70771379656705,them,162,0.04,39.99468191212619,dry,9,0,night,1,1,ghoster,1,1
20,28.74803115908654,me,65,0.01,1.9972186640296277,neutral,8,0,day,0,0,interested,0,1
20,53.37796437840191,me,67,0.09,26.71367978562773,enthusiastic,2,0,day,0,1,casual,0,0
47,71.96501030232729,them,7,0.73,111.41816491802577,dry,8,0,day,0,0,casual,1,1
9,11.697042369745779,me,63,0.56,13.296741095208153,dry,8,1,day,0,1,ghoster,0,1
30,9.285619805460144,them,176,0.71,99.41605601939106,neutral,0,1,day,1,1,ghoster,0,1
10,43.77415182000547,them,165,0.58,115.01613336424258,enthusiastic,1,1,day,0,1,casual,1,1
25,39.67737323568592,them,199,0.42,48.224356148936124,enthusiastic,8,0,night,1,0,casual,0,1
48,7.023057575575393,me,104,0.55,119.32279276866795,neutral,2,1,night,1,0,dry_texter,1,1
33,57.30974557651038,me,93,0.44,94.45288903237719,dry,2,0,night,0,1,interested,0,0
17,50.06665609344382,them,189,0.06,99.04560390333592,neutral,4,1,night,1,1,dry_texter,0,0
38,57.81576266915465,them,114,0.66,40.12552835914651,dry,9,0,day,0,1,casual,0,0
44,26.68762839384951,me,67,0.72,85.67510693206093,enthusiastic,3,1,night,0,0,ghoster,0,1
18,59.11282220537679,me,88,0.68,40.99671479587026,enthusiastic,8,0,day,0,1,interested,0,1
30,4.259845789140129,them,104,0.57,70.28398947784821,enthusiastic,1,1,day,1,1,casual,1,1
25,48.869073283889215,them,168,0.34,85.53345715755637,neutral,0,1,night,0,0,casual,1,1
16,31.265147073718975,them,10,0.76,62.852887539820024,enthusiastic,4,0,night,0,1,interested,1,1
4,40.89443097968597,me,19,0.6,78.03108226033217,dry,10,0,day,0,1,casual,1,1
24,1.9256450337286513,me,107,0.64,101.6792526077926,dry,4,1,night,1,1,casual,1,1
26,18.95234148337684,me,125,0.42,108.72567164394256,enthusiastic,7,1,night,0,1,dry_texter,1,1
50,39.487123268847135,them,117,0.18,78.69802850389597,neutral,10,1,day,1,1,ghoster,0,1
28,20.73436740165846,me,15,0.85,80.08034916262261,dry,9,1,night,1,1,interested,1,0
34,58.49332658057439,them,123,0.39,30.058820824424565,enthusiastic,6,1,day,1,0,ghoster,0,1
40,48.18582857124118,them,116,0.24,7.0592695588961805,enthusiastic,1,1,night,0,1,interested,0,1
17,18.26354251214503,me,169,0.79,37.75773240991923,dry,8,0,night,0,1,interested,1,1
15,65.96651482613602,me,177,0.2,32.490314768939236,dry,1,0,night,0,0,casual,0,1
16,45.52952010856829,me,6,0.82,18.780390887082536,neutral,1,1,day,1,0,casual,1,1
4,44.23118516409461,them,101,0.69,86.7327723171845,dry,2,0,day,0,0,ghoster,0,1
24,63.98512770773116,me,164,0.85,66.34360259207273,neutral,2,1,night,1,0,interested,1,1
17,64.32474573763542,me,101,0.79,86.92496592398311,enthusiastic,4,0,day,0,0,casual,1,0
25,28.593407708412514,them,106,0.18,58.72271608523135,dry,5,0,night,1,1,ghoster,0,1
48,17.149051490139893,me,74,0.58,4.018236049945874,enthusiastic,10,1,day,1,1,casual,1,1
9,45.59463975150887,them,194,0.72,32.3159812047289,neutral,4,1,night,0,1,dry_texter,1,0
31,68.75429885401049,me,88,0.12,71.36900669082218,enthusiastic,9,0,day,1,1,dry_texter,0,1
24,57.64221251518403,me,130,0.33,6.6339721817381125,enthusiastic,4,0,night,1,1,casual,0,1
49,6.274629782803395,them,1,0.68,59.4535696807429,dry,10,1,day,0,1,ghoster,0,1
23,49.72207121131297,them,160,0.93,19.775194989685346,neutral,5,1,day,1,1,dry_texter,0,1
25,18.601192566392132,them,137,0.44,2.812319699244514,dry,3,0,night,0,1,interested,1,1
22,29.80376797700196,them,58,0.51,85.97002213970839,dry,0,1,night,1,0,ghoster,0,1
18,70.23271378317422,them,147,0.62,4.258370519862938,neutral,0,0,night,1,1,casual,0,1
47,60.59268616018062,me,78,0.62,11.232887040776067,neutral,1,0,night,1,0,interested,0,1
33,47.19744374401171,me,5,0.14,110.68015372048097,dry,2,1,night,1,1,ghoster,0,1
40,49.4397513732186,them,87,0.42,6.592724073528157,dry,5,1,day,1,1,ghoster,0,1
40,40.89677794995555,them,179,0.6,43.558511174069956,enthusiastic,8,0,night,0,0,casual,1,0
35,23.17863224598506,me,129,1.0,62.23947854000367,dry,4,0,night,1,0,ghoster,0,1
45,17.27629435226018,them,55,0.09,19.58312216330798,enthusiastic,10,0,day,0,0,ghoster,0,1
5,17.70134833806361,them,175,0.14,86.82109752901069,enthusiastic,4,1,day,0,0,casual,1,1
36,54.906110518310946,me,171,0.64,7.502705499051634,neutral,5,1,night,0,1,dry_texter,0,1
15,0.3159246966583016,them,136,0.51,99.14293497149956,neutral,8,0,day,1,1,dry_texter,0,1
30,39.39724794158353,me,38,0.78,57.72839519768852,neutral,3,1,night,1,0,ghoster,0,1
24,2.80419395173349,them,138,0.71,31.506365320322935,neutral,3,1,night,1,0,interested,1,0
2,7.695138306172263,me,98,0.4,46.07344646405278,neutral,10,0,night,0,0,interested,1,0
35,36.80243123608621,me,56,0.13,97.61612692032,dry,7,1,day,1,0,dry_texter,0,1
29,40.48554476841269,me,165,0.13,55.80604302998201,neutral,1,0,night,0,1,dry_texter,0,1
1,41.72998259619509,me,8,0.89,114.10625953624312,dry,9,1,day,0,0,dry_texter,1,1
16,25.907305718843347,them,177,0.85,74.40003485928216,neutral,5,0,night,0,0,dry_texter,0,1
45,45.80496989706584,me,188,0.88,64.86609869205991,enthusiastic,4,1,night,0,0,dry_texter,1,1
21,42.303959628985425,me,144,0.54,13.618456637347037,dry,2,0,night,1,0,ghoster,0,1
27,43.09840182511165,them,184,0.91,69.23943215532773,enthusiastic,1,1,day,1,0,ghoster,1,1
38,64.92616409983296,them,197,0.23,47.23595499449429,neutral,3,0,night,1,1,casual,0,1
41,40.31440583318309,them,186,0.13,9.087011849659598,neutral,10,1,day,0,0,ghoster,0,1
32,32.65023036637796,them,145,0.21,51.754233340098224,neutral,10,1,day,0,0,dry_texter,1,0
41,60.09421023190603,me,177,0.35,64.79571304624659,neutral,9,1,night,1,1,casual,0,1
27,25.93543580609096,them,11,0.07,33.843701947804426,dry,3,1,day,0,1,interested,1,1
43,29.497821923532996,me,116,0.37,13.70446076104043,neutral,2,1,night,1,1,dry_texter,0,1
23,55.18233051774417,me,110,0.06,24.12202379499082,dry,5,0,day,1,0,casual,0,1
23,45.34821133052158,them,97,0.17,25.813759607934063,dry,1,0,day,1,1,ghoster,0,1
17,41.36139168877291,me,167,0.02,116.51335155886073,dry,5,0,day,1,1,casual,0,0
10,68.05424232903489,me,48,0.34,33.94096193882068,neutral,1,0,day,0,1,dry_texter,0,1
21,5.541031659263364,me,169,0.95,76.91528679631675,enthusiastic,6,1,day,0,0,casual,1,0
30,30.09210999803946,me,40,0.22,3.342887153266532,neutral,9,1,day,1,1,ghoster,0,1
1,44.653103693098814,me,58,0.88,15.281820270745717,enthusiastic,1,0,day,1,1,dry_texter,0,1
37,32.21765776269935,me,49,0.68,99.64672419586397,neutral,5,0,night,0,0,interested,0,1
13,40.723257037845904,them,76,0.88,68.72832923115034,enthusiastic,6,1,night,1,1,ghoster,0,1
26,55.64057385983446,them,183,0.46,52.665801495898435,neutral,5,0,night,0,1,interested,1,0
16,67.72179981748218,them,63,0.36,5.615175129694133,enthusiastic,5,1,night,1,0,dry_texter,1,1
45,31.501470063279434,them,50,0.85,22.322567925676285,dry,3,1,night,1,0,dry_texter,0,1
31,40.083406385152365,me,182,0.18,84.87964682046093,enthusiastic,8,0,day,0,1,casual,1,1
27,23.35334526633369,me,66,0.23,27.777483931935024,neutral,9,0,day,0,0,interested,1,0
42,36.66296979315501,them,125,0.46,70.71951290819608,neutral,2,1,day,1,1,ghoster,0,1
44,49.036939527179435,me,88,0.76,111.86506270862783,dry,2,0,day,1,1,ghoster,0,1
40,38.71476456967075,me,114,0.94,93.33868504501311,neutral,9,1,night,1,0,casual,0,1
11,36.258421369133345,me,22,0.02,7.838165289274986,enthusiastic,2,1,night,1,0,dry_texter,1,1
12,66.18347888992285,me,143,0.84,7.011527388848229,neutral,2,0,day,0,1,ghoster,0,1
27,14.841130646082345,them,145,0.16,17.84836420770412,dry,0,1,day,1,1,casual,1,1
45,2.2764301069096824,me,5,0.36,79.10473240335348,enthusiastic,7,0,night,1,1,ghoster,1,1
30,48.38225939226186,me,79,0.72,68.09975198833428,enthusiastic,8,0,day,1,0,interested,0,0
29,17.854201565540517,them,121,0.39,55.542638070207836,neutral,8,0,day,0,1,dry_texter,0,0
49,18.85615303678712,them,71,0.44,15.38949463825389,dry,0,0,day,0,1,dry_texter,0,1
34,37.09519745902201,me,50,0.82,39.86340008069118,enthusiastic,1,1,night,0,1,ghoster,0,0
24,56.32825533550421,me,100,0.7,114.88521065980824,neutral,10,0,night,0,1,interested,0,0
16,26.62452663637869,me,87,0.4,73.9017441765215,dry,9,0,day,1,0,interested,0,0
31,15.928720216720933,me,23,0.4,80.25880911413107,neutral,3,0,day,1,0,interested,1,1
22,68.78039036331097,them,14,0.28,23.46165723734223,dry,1,1,night,0,0,ghoster,0,1
1,17.260466179337705,them,133,0.02,26.97955531053222,enthusiastic,10,0,day,1,1,interested,1,0
22,41.20494574829493,them,57,0.6,22.751528101544565,dry,3,1,night,0,1,dry_texter,1,1
30,9.076538959602965,me,10,0.77,13.0989089542804,enthusiastic,5,0,night,1,1,casual,1,0
39,4.615800596198778,me,66,0.68,63.22307334668819,enthusiastic,5,0,night,0,1,dry_texter,0,0
26,1.6306709872566278,me,61,0.83,94.17483616933754,dry,3,0,day,0,0,casual,0,0
6,34.906316930988304,them,38,0.88,118.52773614268065,neutral,9,1,day,0,0,casual,1,0
14,60.69862541034971,them,158,0.6,49.259215722474025,enthusiastic,2,1,night,1,1,casual,1,1
19,53.82123300845377,them,100,0.62,33.1671670372281,dry,8,0,day,0,0,casual,1,1
1,36.56005840468631,me,11,0.22,63.75246280416829,dry,0,0,night,0,0,casual,1,1
10,38.08297192769948,me,131,0.37,50.23315861426545,enthusiastic,6,1,day,0,0,ghoster,0,1
10,48.79044685998414,me,24,0.16,2.0289588249170736,neutral,1,1,day,1,1,casual,0,1
2,51.289969745792526,me,115,0.13,31.571155973825135,dry,9,1,day,0,0,ghoster,0,0
49,30.21674408248699,me,116,0.66,49.015861121341715,enthusiastic,6,0,day,1,1,casual,1,1
39,50.95678556622971,me,186,0.28,73.93275250669086,neutral,8,1,night,0,1,casual,1,1
4,55.1756606527445,them,130,0.05,59.69595575284441,dry,0,1,day,1,0,ghoster,0,1
50,45.52161217750305,me,143,0.87,93.62505642819623,dry,9,1,day,0,0,ghoster,0,1
18,36.21584446118487,me,67,0.62,101.54396860782359,neutral,3,1,day,1,0,dry_texter,0,1
49,4.1052787576058325,me,12,0.14,16.22570747636876,enthusiastic,10,1,day,0,1,casual,1,0
14,30.89452457538697,them,82,0.19,64.92677845264942,enthusiastic,8,1,day,0,0,ghoster,0,1
17,37.479110639519185,them,55,0.59,42.71705747093347,enthusiastic,3,0,night,1,0,casual,0,1
40,54.075248017317904,me,161,0.19,53.4150244960545,neutral,5,1,day,0,0,dry_texter,1,1
41,38.835712576847705,me,27,0.59,23.64881168624995,enthusiastic,3,1,day,1,0,casual,0,1
28,42.13938962287973,me,57,0.74,64.58193638394164,neutral,6,0,night,1,1,casual,0,1
14,5.015069675789171,me,171,0.14,68.06973590328293,enthusiastic,4,1,night,1,0,dry_texter,1,1
41,23.71444212291778,them,192,0.12,16.890133973804367,neutral,10,0,day,0,0,ghoster,0,1
30,49.07434774249318,them,132,0.96,81.91573097869426,neutral,9,0,day,1,0,dry_texter,0,1
5,54.36622456502289,them,57,0.93,74.0271385647977,neutral,5,1,day,0,0,interested,1,1
18,13.664306473532484,them,88,0.48,9.072321027383195,neutral,5,1,night,0,0,casual,1,0
32,30.559793613217604,me,5,0.47,50.49308414853883,dry,10,1,day,0,1,casual,0,0
29,26.28460674243184,me,22,0.53,52.98041178767954,neutral,3,1,night,1,0,casual,1,0
22,69.1209416279965,me,29,0.44,115.12374141682982,dry,5,0,day,1,1,interested,0,1
42,38.65724704214029,them,177,0.79,110.3557111937395,dry,2,0,day,1,0,casual,0,1
37,59.59638780846448,me,9,0.37,117.53599154982115,enthusiastic,0,0,night,1,1,interested,0,1
19,47.47780516014989,them,144,0.36,66.97093144966719,neutral,8,0,day,1,0,ghoster,0,1
47,29.96439974386287,them,107,0.99,52.851799963476786,dry,10,0,day,0,1,casual,0,1
23,28.93188667823734,me,142,0.67,38.922932182378446,neutral,7,0,day,1,0,dry_texter,0,1
50,67.42030037378156,me,166,0.05,27.286334154861912,neutral,5,1,night,1,1,ghoster,0,1
31,43.88196908019424,them,5,0.4,18.92240529345218,dry,5,1,day,0,0,dry_texter,1,1
50,60.49871686634241,them,9,0.13,42.80157564308865,neutral,0,0,day,0,1,dry_texter,0,1
19,13.392134527748162,them,167,0.55,76.7590962266294,dry,3,0,day,1,0,ghoster,0,1
26,50.09774849420214,me,184,0.73,115.06781826172359,dry,0,1,night,1,1,casual,0,0
41,15.280664598213853,them,77,0.42,83.63227326514343,enthusiastic,3,1,day,1,1,ghoster,0,1
40,26.174315810604643,them,111,0.14,85.57475113708131,neutral,2,0,night,0,1,interested,0,1
42,57.96509477095199,me,50,0.67,25.020859118908565,enthusiastic,8,1,day,1,1,dry_texter,0,1
44,28.944177941768697,me,116,0.46,62.39222128829566,dry,6,0,day,0,1,dry_texter,0,1
28,9.38569281247604,them,146,0.67,28.52479335279172,neutral,3,0,day,1,0,ghoster,0,1
29,10.089066515153405,them,104,0.69,86.28155482260713,enthusiastic,10,0,day,1,0,ghoster,0,1
1,4.9296840615374595,them,34,0.69,118.36100220824271,neutral,9,0,night,0,0,ghoster,0,0
30,7.98166396293687,me,187,0.06,119.7313013228748,dry,9,0,night,0,1,interested,1,0
38,36.41290748123248,me,127,0.35,50.33603629785805,dry,8,1,night,0,1,casual,0,1
9,37.19157879156121,them,87,0.45,61.14354720322359,dry,8,1,day,0,0,interested,0,0
48,53.968577881962425,them,69,0.02,112.01231041289311,enthusiastic,3,1,day,0,1,interested,1,1
38,42.30570256357443,them,21,0.73,80.86414662705367,dry,10,1,night,1,1,dry_texter,0,1
42,23.619028961911543,them,102,0.51,42.04168819368342,neutral,5,1,day,1,0,casual,1,1
5,25.944503389252024,me,81,0.36,94.37850409795922,neutral,9,1,day,0,1,casual,0,1
44,21.251879875318263,them,71,0.72,78.95063864778231,dry,6,1,day,1,0,ghoster,0,1
34,26.302955499049915,them,175,0.79,30.81468010071795,enthusiastic,8,0,day,0,0,casual,1,1
49,12.149354952316898,them,111,0.72,82.65892646150803,enthusiastic,8,0,night,0,0,interested,1,1
23,43.478883009962395,me,35,0.63,107.67547463346503,dry,4,1,day,0,1,casual,1,0
41,51.29379829531002,them,177,0.56,28.24308640529612,neutral,10,0,night,1,1,casual,0,0
17,2.8918337618128893,me,165,0.02,118.46751958516113,enthusiastic,2,0,day,1,0,dry_texter,1,1
17,28.61443355766469,me,155,0.26,67.41327435778452,enthusiastic,2,0,day,1,0,interested,1,1
36,3.8469932018363586,them,89,0.57,60.97743928975814,dry,7,1,day,1,0,casual,0,1
13,50.89681894467943,me,13,0.54,12.330215081465399,enthusiastic,1,0,day,1,0,dry_texter,0,1
19,68.03214059630393,them,149,0.2,96.62917714741675,dry,0,0,day,1,0,ghoster,0,1
19,10.83789314499277,me,15,0.71,109.14676076589762,enthusiastic,10,1,night,0,1,ghoster,1,0
33,52.52332678417652,them,148,0.96,117.80859438219328,enthusiastic,4,1,night,1,0,casual,0,0
29,44.88985054307132,me,6,0.09,74.75624975767661,enthusiastic,2,1,day,0,0,casual,1,1
47,61.67737202639795,them,93,0.8,76.528740938273,dry,3,0,night,0,0,interested,1,0
37,62.49417641032472,them,134,0.74,106.97934857031855,enthusiastic,0,0,day,0,0,ghoster,0,1
50,53.04543940956926,me,124,0.36,93.66011642470322,dry,0,0,day,1,1,casual,0,1
35,60.285726625538906,them,90,0.53,44.747040997301575,dry,0,0,day,1,0,casual,0,1
19,6.738865035147818,me,39,0.25,68.03747513802234,enthusiastic,10,1,night,1,1,interested,1,1
26,6.51361808518492,me,48,0.63,48.02017614418733,neutral,7,1,day,0,0,dry_texter,0,1
13,47.526161732153156,me,172,0.45,79.30480059784811,neutral,3,0,night,0,1,dry_texter,0,1
50,50.894476380476796,them,109,0.72,41.72804426115517,enthusiastic,6,0,night,0,0,ghoster,0,1
47,13.822503714004785,me,160,0.46,31.336996647883513,neutral,6,0,night,1,0,dry_texter,0,0
6,17.316563467422412,them,169,0.21,31.652157315912074,enthusiastic,5,1,day,1,1,casual,1,1
22,34.108910274713914,me,137,0.03,14.636459955238912,enthusiastic,5,0,night,1,1,dry_texter,0,1
37,24.22283093571992,them,169,0.96,56.283803474166135,neutral,8,0,day,0,0,ghoster,0,1
49,33.071982642992566,them,182,0.75,28.118361832743872,neutral,7,1,night,0,0,interested,0,1
7,22.188135748869747,them,176,0.98,75.35747702032224,enthusiastic,4,1,day,1,0,casual,0,0
30,55.71195774513628,me,97,0.93,94.6931658295221,neutral,7,0,night,0,0,casual,0,0
30,55.983333961923215,me,14,0.15,61.24553767498539,enthusiastic,3,1,day,0,0,casual,0,0
7,39.464290973161354,me,195,0.17,2.6472145719056495,dry,0,0,day,0,0,ghoster,0,1
19,67.70439487183562,them,50,0.09,66.87938285991697,dry,10,0,day,0,1,casual,0,1
6,56.90861990049868,me,36,0.72,119.96970051229702,neutral,3,1,night,0,0,ghoster,0,1
40,36.52498341623437,me,155,0.3,84.82416704137366,enthusiastic,3,1,day,1,0,dry_texter,0,0
22,32.32219735269144,them,143,0.88,24.15345891072103,enthusiastic,2,1,day,1,0,interested,1,0
21,55.73742607297334,me,77,0.84,36.248099283521555,dry,2,1,day,1,1,casual,0,1
14,48.936388029517076,me,56,0.29,118.05808736013421,dry,5,1,night,0,0,interested,0,0
49,52.99769294719775,them,85,0.1,64.41566777385682,dry,5,1,day,0,1,dry_texter,0,0
37,54.036809462454215,them,57,0.28,101.19704837524296,enthusiastic,6,0,day,0,1,ghoster,1,1
49,17.770790821495765,me,129,0.88,84.16634920429816,enthusiastic,3,1,day,1,1,ghoster,0,1
50,28.668767269843965,them,190,0.93,70.27682980348294,neutral,9,1,day,0,0,interested,0,1
11,56.526635840986664,me,68,0.17,50.80090486156115,dry,6,1,day,0,1,interested,1,0
22,2.8159540416660844,me,47,0.45,25.83177229192317,enthusiastic,4,0,night,0,0,interested,1,0
12,49.196175631174484,me,184,0.32,108.96106687401014,neutral,4,1,night,1,1,dry_texter,0,1
42,60.85850394318456,them,183,0.82,115.93233765829788,dry,0,1,night,1,0,dry_texter,0,1
27,49.54545359002422,them,144,0.17,110.4460245855613,enthusiastic,4,0,night,0,1,interested,1,1
22,52.88342213581279,them,44,0.06,42.059075963789795,dry,3,1,day,1,0,casual,0,1
9,7.377157477220583,them,17,0.53,85.7856765509167,enthusiastic,0,1,day,1,0,ghoster,1,0
33,0.08971732678124589,them,163,0.52,77.59692079584448,dry,5,1,day,0,1,ghoster,0,1
38,5.780299031140953,them,4,0.01,30.19076556971741,enthusiastic,10,0,day,0,0,casual,0,1
10,41.84988034812468,them,46,0.17,74.8706960632294,neutral,0,1,night,1,1,ghoster,0,1
34,1.7882945997344022,me,132,0.58,83.80547286799606,dry,8,1,day,0,0,ghoster,1,1
39,7.640033031077333,them,166,0.32,57.27477696465345,neutral,9,1,day,1,1,ghoster,0,1
19,8.279450573687521,them,137,0.29,3.8928453888323244,enthusiastic,10,0,day,0,1,interested,1,1
1,49.10843304205369,them,34,0.81,4.547749674045966,dry,0,1,day,1,0,ghoster,0,1
32,50.35240158649238,me,19,0.97,80.4143099187265,neutral,3,1,day,1,0,dry_texter,0,1
30,29.239043387877317,them,68,0.05,54.471198980372506,dry,1,0,day,1,0,ghoster,0,1
17,60.72473680342686,them,199,0.7,5.946296284764839,dry,5,0,day,0,1,ghoster,0,1
3,16.431133495354977,them,200,0.66,34.23143002019692,dry,6,1,night,0,0,dry_texter,1,0
38,15.91253843454088,me,184,0.48,68.26546408759086,enthusiastic,7,1,day,1,1,dry_texter,1,1
41,60.217670625002356,them,125,0.13,104.9660122632243,dry,9,1,night,1,1,interested,0,1
38,44.6482528886704,them,86,0.06,56.832285288148945,neutral,5,0,day,1,1,interested,0,1
30,11.516156058149594,me,165,0.59,59.65848512893616,enthusiastic,8,1,night,1,0,casual,1,0
24,24.70314386373572,me,170,0.7,115.53007630418558,enthusiastic,3,1,day,1,0,dry_texter,0,1
10,7.88920488279969,them,99,0.47,42.360495213442356,dry,4,0,day,1,0,dry_texter,1,1
31,66.45991589631575,them,166,0.16,74.40401519483743,enthusiastic,10,1,night,1,0,casual,1,1
42,56.30288080187403,me,183,0.29,82.97455822021624,dry,0,1,night,1,1,interested,1,1
32,4.964554345219754,me,100,0.26,8.991866253575752,enthusiastic,5,1,night,0,1,interested,1,0
41,33.37320940444643,me,119,0.28,56.99064871216265,enthusiastic,2,0,night,1,1,casual,0,0
2,59.30640293297776,me,132,0.06,13.178046222230396,neutral,7,0,night,0,0,casual,0,1
16,69.62690659595837,them,149,0.89,45.52248211508158,enthusiastic,6,1,day,0,0,dry_texter,1,0
11,55.460144453635564,me,46,1.0,17.643505780635337,dry,1,0,night,1,1,casual,0,1
37,29.422789657219965,me,173,0.46,25.290703512412808,dry,7,1,day,0,0,dry_texter,0,1
45,62.6724288374518,me,61,0.93,24.765489673881067,enthusiastic,5,0,day,0,1,interested,1,1
26,9.744389913691892,me,171,0.26,76.19104336200785,dry,3,0,day,0,0,ghoster,0,1
1,71.81780299118151,me,33,0.33,32.19947685597176,dry,1,0,day,1,0,dry_texter,0,1
15,40.38502489666546,me,119,0.81,78.19444571770491,neutral,4,0,night,0,1,ghoster,0,1
35,34.053807849337225,me,132,0.99,112.61440202024647,enthusiastic,5,0,night,0,0,interested,0,1
29,11.251296996978441,me,142,0.82,29.132713147605422,enthusiastic,2,0,day,0,0,casual,1,1
45,4.946970491499008,them,63,0.59,116.79924554495939,enthusiastic,9,1,night,0,0,casual,1,1
26,47.30567203216349,them,92,0.73,106.07079488397304,enthusiastic,1,0,day,1,1,ghoster,0,1
20,51.26178132424842,them,46,0.35,63.85998258282788,neutral,7,1,night,1,0,interested,1,1
35,1.7858155507145685,me,113,0.07,80.15781885713756,dry,1,1,day,0,0,dry_texter,1,1
25,4.664512464616362,me,127,0.62,53.70353042074311,dry,8,0,night,0,0,interested,1,1
26,31.084645341426633,them,138,0.46,105.84983453884327,neutral,6,1,day,0,1,interested,1,0
47,10.580305310523567,me,168,0.59,35.622639057975164,enthusiastic,3,0,night,0,1,ghoster,0,1
44,27.664488217190836,them,166,0.44,66.79456936603874,neutral,10,1,night,0,1,dry_texter,0,1
37,13.67731857735886,me,72,0.59,68.6731575182971,neutral,4,0,night,1,1,ghoster,0,0
33,70.13454741724784,them,35,0.08,16.553598294947182,dry,8,1,night,1,1,dry_texter,0,1
42,44.496393593468035,me,130,0.54,95.01906176997022,neutral,6,1,night,1,0,interested,0,0
3,52.82103401674117,them,99,0.7,96.78000028951607,dry,4,0,day,0,1,ghoster,0,1
50,37.989684186862604,them,135,0.5,71.94667634994306,enthusiastic,1,1,day,0,0,interested,1,0
31,17.390969619666,them,25,0.64,82.99413455990025,neutral,2,1,day,1,0,interested,1,1
12,15.278823442994593,me,86,0.27,66.71534898245993,enthusiastic,6,1,night,1,1,dry_texter,1,1
21,37.66664151483624,them,73,0.93,62.18246953028946,dry,6,1,night,1,1,ghoster,0,1
19,8.580326939514963,them,110,0.81,55.47919051742282,dry,6,0,night,0,1,dry_texter,0,1
16,47.497395090447526,them,55,0.72,66.74124137870216,enthusiastic,5,1,night,0,0,dry_texter,1,1
37,41.16003704254739,them,113,0.58,82.59880192678736,dry,0,0,day,1,1,dry_texter,0,1
34,47.6425543290967,them,146,0.06,17.400278890515043,dry,8,1,day,0,1,casual,0,1
21,29.216646232035988,them,174,0.1,63.73264688740008,enthusiastic,4,1,day,0,0,dry_texter,1,1
36,38.78121209024248,them,8,0.53,114.43729231840639,dry,7,1,night,0,0,dry_texter,1,0
43,4.909029712229422,them,8,0.37,23.496694598726815,enthusiastic,9,0,night,0,1,dry_texter,1,1
35,12.515748335316815,them,5,0.71,82.37425263821156,neutral,6,1,day,0,0,interested,0,0
49,33.582005509634556,me,31,0.93,111.81964608717415,enthusiastic,0,0,day,0,1,dry_texter,0,1
41,38.560307844797556,me,62,0.8,77.48931297651272,enthusiastic,3,0,night,1,0,ghoster,0,1
43,66.56481366886621,me,105,0.91,22.608869899242283,dry,4,1,day,0,1,casual,0,1
12,35.56059695714706,me,26,0.01,41.407245949823384,enthusiastic,7,0,night,0,1,dry_texter,0,1
38,14.520794258707628,me,49,0.63,58.85037689784802,neutral,9,0,day,0,0,interested,1,0
44,12.217304056046776,them,185,0.64,10.790479887110825,neutral,6,0,day,1,0,casual,1,0
19,23.201254512845658,me,159,0.92,18.518269335114827,dry,4,0,night,1,0,dry_texter,1,1
4,71.11985417451498,them,93,0.2,15.174505069831516,dry,8,1,day,0,1,casual,1,1
31,70.36220730485637,them,148,0.75,46.2898156807856,enthusiastic,2,0,day,1,1,dry_texter,1,1
1,3.0165781129555613,them,60,0.41,103.29099500911995,neutral,4,1,day,0,1,dry_texter,1,1
31,54.04593957975899,me,78,0.7,50.48663529064579,dry,1,0,night,0,1,interested,1,0
1,56.66551233513584,me,54,0.43,106.01467607170107,neutral,2,0,day,1,1,ghoster,0,1
13,49.27327824667271,them,89,0.48,1.1743845224739546,dry,9,0,day,0,0,dry_texter,1,1
31,35.42138995520506,them,134,0.21,35.2907892776712,enthusiastic,8,1,day,1,0,ghoster,0,1
24,41.43785767236037,me,89,0.52,87.03577721480188,dry,1,0,night,0,1,casual,1,1
14,58.02728535100881,me,40,0.82,93.24591439914008,dry,1,0,day,1,1,dry_texter,0,1
44,9.924087710003798,them,187,0.65,31.725402697501078,enthusiastic,1,1,day,0,0,ghoster,0,1
29,6.097440604927134,them,158,0.19,53.9034532159185,neutral,8,0,day,1,0,casual,0,1
7,15.122411163734135,them,160,0.02,86.0857902336112,neutral,4,0,night,0,1,interested,1,1
26,15.216413893619915,them,165,0.93,87.39785147587233,enthusiastic,6,0,day,1,0,interested,1,0
34,53.86822934539028,them,107,0.64,98.33650989955702,dry,0,0,day,0,1,interested,1,1
46,58.98069940357109,me,151,0.19,104.45111808350433,dry,9,0,night,1,1,casual,0,0
1,20.961752992103325,me,101,0.49,15.147526299517665,neutral,10,0,night,0,0,dry_texter,0,1
6,56.5800579630585,me,198,0.78,91.89063952614654,enthusiastic,4,1,day,0,0,casual,0,1
19,1.8456611620029628,them,123,0.72,18.602498388630192,enthusiastic,1,0,night,1,0,interested,1,0
8,55.74355773444502,them,115,0.99,58.3087566024641,neutral,2,0,day,1,1,casual,1,1
24,59.032477514331774,them,25,0.92,100.45128107410272,enthusiastic,9,0,day,0,0,interested,1,1
18,36.311108494564245,them,158,0.83,86.65941599598176,dry,0,1,night,1,0,ghoster,0,1
13,0.8399265685767334,me,155,0.68,76.46029027059548,dry,6,0,night,0,0,casual,1,0
42,22.28845872763392,them,179,0.82,60.77169042452547,enthusiastic,0,0,night,0,0,ghoster,0,1
27,64.0709392975915,me,175,0.79,33.63373884903681,enthusiastic,4,0,night,1,1,casual,0,1
22,40.29921083749009,me,13,0.17,111.1888690994925,enthusiastic,2,0,night,1,1,interested,0,1
45,32.81089596728506,them,136,0.61,69.43586400209395,enthusiastic,10,1,day,0,1,interested,1,1
9,63.011968014028376,me,184,0.95,43.1780331068047,neutral,7,0,night,0,1,ghoster,0,0
48,4.124044826105506,me,129,0.05,91.292924009984,dry,8,0,day,1,1,casual,1,1
34,71.46556872002496,them,54,0.27,10.430841992399886,dry,8,0,night,0,1,interested,1,1
26,62.10610810983916,me,152,0.02,113.42660193442312,enthusiastic,0,0,night,0,0,casual,1,1
31,0.8044091633474348,me,187,0.63,68.8228860506732,neutral,6,0,day,0,0,interested,1,0
40,2.9044086837639744,them,14,0.99,84.53706380714814,neutral,3,0,night,0,0,ghoster,0,1
25,49.53654070283451,them,144,0.07,42.57799688669,enthusiastic,8,0,day,0,1,dry_texter,0,1
18,22.39628235463792,them,77,0.59,20.532205123990657,enthusiastic,0,1,night,0,1,interested,0,0
29,52.51920330425243,them,63,0.54,69.31580301721183,enthusiastic,10,0,day,0,0,casual,0,1
45,19.508867778890263,them,192,0.82,115.25859181741578,neutral,10,1,day,1,1,casual,1,1
6,54.110929605419074,me,120,0.74,78.69610505977823,enthusiastic,1,1,night,1,0,dry_texter,0,0
23,41.41353649386067,them,55,0.04,25.774031798119807,dry,7,0,night,1,0,dry_texter,0,1
13,71.38027320617678,me,103,0.98,74.54946849952852,neutral,6,0,night,1,1,casual,0,1
4,36.65733312241433,me,19,0.74,35.44298611841666,dry,9,0,night,1,1,dry_texter,0,0
14,56.19062437342718,them,164,0.96,80.11495695122386,neutral,7,0,day,1,1,ghoster,0,1
50,54.148693906619165,me,188,0.4,91.0536753581414,enthusiastic,8,0,night,0,0,ghoster,0,1
15,1.3907349014804797,them,33,0.65,21.408679850551273,enthusiastic,3,1,day,0,1,casual,0,1
8,9.604534618183418,them,148,0.59,24.01325941727925,dry,5,0,day,1,0,interested,1,0
5,43.70537330352018,me,4,0.69,105.05230320321272,dry,7,1,day,0,0,dry_texter,1,1
24,70.94906333606832,them,47,0.18,87.76600816450875,enthusiastic,1,1,night,1,0,dry_texter,0,1
46,35.10661661568534,them,146,0.71,90.7343724001561,enthusiastic,6,0,night,0,0,interested,1,0
9,10.868081803889462,me,128,0.26,88.9825743244561,dry,2,0,night,0,1,casual,1,1
24,49.77161079844433,them,113,0.95,12.065103197253883,dry,10,0,night,1,1,dry_texter,0,1
49,55.40649398252811,me,99,0.13,119.23194985032957,neutral,8,1,night,1,1,ghoster,0,1
5,70.86780576382911,me,42,0.05,57.80935771962143,enthusiastic,3,1,day,1,0,ghoster,0,0
49,24.897390307412792,me,136,0.3,31.835693295519857,dry,9,0,night,1,1,dry_texter,0,1
39,27.14494063066269,me,187,0.02,78.45950422371028,enthusiastic,4,1,day,1,0,interested,0,1
33,21.709721898764506,them,157,0.05,5.435342732615845,enthusiastic,8,1,night,1,0,interested,1,0
7,21.0321002819516,them,109,0.38,96.51534620813369,neutral,9,1,day,1,1,dry_texter,0,1
43,47.064339751380075,me,166,0.67,112.58749928357332,neutral,6,0,day,0,1,dry_texter,0,1
39,61.714961980951266,them,139,0.08,79.83207862130482,dry,7,1,day,0,0,ghoster,0,1
21,27.141887398273717,me,33,0.71,70.9711112749469,dry,8,0,day,1,1,ghoster,0,1
22,23.88870579977559,me,20,0.16,16.791047625636942,neutral,4,1,night,1,0,casual,1,1
48,47.56987095320615,me,74,0.84,77.08983540187603,enthusiastic,10,0,night,0,0,ghoster,0,1
2,44.42298040973451,me,123,0.41,12.206217477412435,enthusiastic,8,1,day,1,0,interested,0,0
28,13.605910358306634,them,5,0.77,68.40644265676268,neutral,4,1,day,1,0,interested,1,0
46,49.040573577542055,me,141,0.41,22.975307835285538,enthusiastic,9,1,day,0,1,interested,1,1
47,30.217220852588422,them,107,0.66,21.276348110278967,neutral,10,0,night,0,1,dry_texter,0,0
46,58.496342376883106,me,46,0.53,108.89570863129015,enthusiastic,0,1,day,0,0,casual,0,1
35,30.330497788723434,them,177,0.79,58.15518852811697,enthusiastic,4,1,day,1,1,dry_texter,0,1
13,63.09901264007372,them,62,0.75,54.85781309782843,enthusiastic,2,0,day,0,1,dry_texter,0,0
15,68.85396807662418,me,172,0.22,97.6313765045392,neutral,1,1,night,1,0,dry_texter,0,1
49,27.064390491664632,me,52,0.5,75.96279724400631,dry,4,1,night,0,1,ghoster,0,1
29,20.335690557723424,them,185,0.83,48.59850270416924,neutral,3,1,night,0,0,ghoster,0,1
49,63.44392777753767,them,106,0.36,24.823509798728683,neutral,1,1,day,0,0,casual,1,1
12,25.140414380462836,me,89,0.74,7.848388017394813,neutral,0,0,day,1,1,dry_texter,0,1
17,31.65407428710607,me,68,0.64,65.10327032335665,enthusiastic,5,0,day,1,0,interested,0,0
44,24.0370274724239,them,153,0.89,99.07862707433497,enthusiastic,6,0,day,1,0,interested,1,1
14,37.19484239611475,them,108,0.97,104.51544930481386,enthusiastic,2,0,night,1,1,ghoster,0,1
7,69.54323026240837,me,180,0.87,80.37308166520923,dry,2,0,day,1,0,casual,0,1
3,35.07695113967108,them,44,0.2,104.87551790627418,enthusiastic,7,1,night,1,0,ghoster,0,0
22,24.853192685668162,them,91,0.09,106.51984544817465,neutral,6,0,night,0,0,casual,0,1
27,0.18400622900303176,them,174,0.44,46.26295921595484,neutral,7,1,day,1,0,dry_texter,1,1
10,33.61089476348385,them,102,0.75,61.82757003754994,neutral,1,0,day,0,1,casual,1,0
46,35.16246168795911,me,175,0.04,21.14432048269523,dry,8,1,day,1,0,casual,0,1
46,9.140171570557055,them,139,0.81,48.05780228499528,neutral,6,0,night,1,0,interested,0,0
32,32.768646383005475,them,113,0.29,31.789163401250462,neutral,0,1,night,0,1,interested,1,1
15,8.480971382506102,them,32,0.97,10.509409938754875,dry,5,1,day,0,0,casual,1,0
24,49.62675664743256,me,146,0.38,91.25795727111843,dry,10,1,night,0,0,dry_texter,1,1
1,31.62032550457695,them,186,0.84,108.0455854158241,dry,9,1,day,0,0,ghoster,0,1
25,53.72643229258358,me,66,0.94,99.36161123669079,enthusiastic,3,1,day,0,0,casual,0,0
8,28.017631045388843,them,191,0.99,103.78001806944977,enthusiastic,5,0,day,0,1,casual,1,0
34,0.3331252791236583,me,185,0.66,3.8089669101224257,dry,3,1,night,0,1,interested,1,0
15,48.35508655516301,them,174,0.47,17.103567922439407,dry,3,1,day,0,0,casual,1,1
46,58.32503950443532,me,58,0.36,20.20032228037796,dry,3,1,night,1,0,dry_texter,0,0
16,57.55483115330981,them,174,0.61,1.4830165841780336,neutral,4,1,night,1,1,ghoster,0,1
30,71.3029994814657,me,44,0.87,83.89935827334276,enthusiastic,5,1,night,0,0,ghoster,1,1
16,58.11531655877264,them,93,0.12,85.18245846546739,neutral,3,1,night,0,0,dry_texter,0,1
50,63.446833941943176,them,146,0.89,71.33484550361779,enthusiastic,7,0,night,1,0,interested,1,1
13,14.812496766076924,me,85,0.39,28.640999476178862,neutral,10,0,night,0,1,casual,0,0
33,23.89877689448523,them,170,0.78,102.10393204394268,neutral,3,1,day,0,1,casual,1,0
26,28.815204695883693,me,114,0.83,53.30159858697877,neutral,0,0,night,0,0,dry_texter,0,1
35,49.1620432445518,me,87,0.83,1.3430667439235986,enthusiastic,1,1,night,1,0,interested,0,1
28,25.460701882948058,them,76,0.5,15.295181218709963,neutral,9,1,day,1,0,casual,1,0
2,42.14923502728407,me,64,0.84,109.20147606814541,neutral,0,0,day,0,1,interested,0,0
12,32.38406139138001,them,43,0.58,10.340666114245893,enthusiastic,1,0,day,1,0,ghoster,0,1
16,4.733578410090288,them,100,0.56,35.0197521850955,dry,5,0,day,1,1,ghoster,0,1
41,19.165888514926138,me,20,0.67,119.506881312934,dry,1,0,night,1,0,ghoster,0,1
7,30.915667925194885,me,35,0.58,59.444679165236785,enthusiastic,10,0,night,0,0,dry_texter,0,1
45,17.77575216162125,them,71,0.71,76.61103844977129,neutral,9,1,day,0,0,casual,1,0
43,52.29705513428987,them,120,0.51,33.77039166643129,enthusiastic,3,1,day,1,0,ghoster,0,0
31,33.42429449349148,me,34,0.18,8.020269108207088,neutral,7,0,night,0,0,dry_texter,0,1
7,44.775659997135435,me,32,0.88,24.681435636304332,enthusiastic,0,0,night,1,0,interested,0,1
12,18.875222411140243,me,110,0.28,73.25671551307988,neutral,6,0,night,1,1,casual,0,0
40,36.587057745557885,me,19,0.79,48.51059920558276,dry,5,0,night,1,0,interested,0,1
7,62.707769600591675,me,123,0.9,82.92114622137568,enthusiastic,2,1,day,0,0,interested,1,1
31,41.49192349869807,them,92,0.71,7.38740629960332,neutral,8,1,day,0,1,interested,1,1
28,66.5992452063733,me,33,0.73,19.485756147352994,dry,8,1,night,1,0,interested,0,1
31,24.67448091514449,them,186,0.24,99.48621068372668,neutral,3,0,day,1,1,dry_texter,0,1
32,57.11524594855868,them,65,0.73,15.909157275894797,neutral,6,0,day,1,1,dry_texter,0,1
44,53.093643194676844,them,138,0.25,16.480712765257927,dry,3,0,night,1,0,dry_texter,0,1
40,0.18441075360918813,them,99,0.84,3.081227586273664,dry,7,0,night,0,1,casual,0,1
49,13.21104232020164,me,41,0.88,59.726997078173575,neutral,7,0,day,1,1,ghoster,1,1
48,56.944060833497275,them,81,0.39,45.06742812318415,neutral,7,1,day,1,1,dry_texter,0,1
12,19.110565908089274,me,62,0.64,1.3331258855640509,neutral,4,1,day,1,1,ghoster,0,1
20,7.070958816873156,them,150,0.72,41.82279727153488,dry,1,0,day,1,1,ghoster,0,1
38,21.895342171607698,them,81,0.47,58.9333218107028,enthusiastic,1,0,day,1,1,interested,1,1
34,54.863096691511906,them,151,0.45,79.8862835467175,dry,6,1,night,1,1,dry_texter,0,1
39,38.33431250147608,me,129,0.58,34.03934986763844,neutral,3,0,day,0,0,dry_texter,0,0
11,35.822954969510526,me,158,0.12,8.003368505576374,dry,7,0,night,0,1,ghoster,0,1
39,41.86849372279998,me,123,0.73,59.070992658515344,neutral,8,1,day,1,0,dry_texter,1,1
48,56.277589980507734,me,65,0.13,81.62898836575559,neutral,10,1,night,0,1,casual,1,1
17,49.15354950173093,me,136,0.0,73.75289035169443,neutral,3,1,night,0,1,interested,0,1
16,57.375825953521336,me,162,0.85,23.923861880155002,enthusiastic,7,1,night,0,1,ghoster,1,1
31,34.659127824501965,them,83,0.21,1.5493490526059233,neutral,9,0,day,0,0,casual,0,1
40,41.38762324178187,them,115,0.84,28.410923721761687,neutral,2,0,night,1,0,interested,0,0
7,44.36547366573688,them,162,0.99,65.65122699274211,dry,9,1,night,0,1,casual,0,1
14,52.17907296938876,me,52,0.14,34.52452138054958,neutral,10,1,day,0,1,interested,1,1
24,7.08178800862011,me,64,0.13,16.62759841483792,enthusiastic,7,1,day,0,1,casual,1,1
44,15.55681305422386,me,127,0.46,3.0839891918129405,neutral,9,0,day,0,1,casual,1,0
27,63.772536681209644,me,6,0.18,14.206141117718094,enthusiastic,2,0,day,1,0,dry_texter,0,1
41,26.261029652160595,them,97,0.64,27.46855473790965,dry,1,0,night,1,1,casual,0,0
19,53.69222281835991,me,12,0.09,24.433841476511166,enthusiastic,7,0,day,1,1,casual,0,1
8,33.791301526526695,me,29,0.64,72.43318888273251,enthusiastic,8,1,night,1,0,interested,1,0
21,31.871316794230154,them,120,0.42,7.653207776820793,dry,6,0,night,1,1,casual,0,1
33,54.97486824231452,them,84,0.95,7.927873659917634,neutral,2,1,night,0,1,dry_texter,0,1
40,40.524003814324935,me,131,0.79,83.87554468451944,dry,0,0,night,1,0,ghoster,0,1
10,44.00525892429462,them,189,0.48,68.5148422474351,neutral,2,1,day,1,1,ghoster,0,1
40,20.64770668751789,me,142,0.42,17.541526871501144,neutral,3,1,night,0,1,dry_texter,1,0
6,19.772945794864846,them,38,0.99,33.4990229487019,dry,5,1,night,1,1,dry_texter,0,1
37,63.923558865142105,me,2,0.24,115.85546997621884,enthusiastic,9,1,day,0,0,dry_texter,1,1
24,28.059604236112577,me,102,0.52,17.12810117263748,neutral,0,1,day,1,0,interested,0,1
36,47.5510526778252,them,143,0.42,50.080287711095096,enthusiastic,3,1,night,1,1,ghoster,0,0
10,13.162165490479584,me,102,0.33,57.57433496482942,neutral,1,0,day,1,1,casual,1,1
45,67.50127362297825,them,173,0.85,14.048461234017866,dry,3,0,day,0,0,dry_texter,0,0
27,25.877403526257176,me,134,0.89,28.48236744706418,dry,2,0,day,0,0,interested,1,1
34,19.733866831600743,me,100,0.57,16.72435316962713,enthusiastic,6,0,night,1,0,ghoster,1,1
47,18.292662825366484,them,16,0.59,48.93089858956922,enthusiastic,6,1,night,1,1,ghoster,1,1
9,46.44171327901655,them,171,0.61,99.4906437034831,enthusiastic,2,1,night,0,1,casual,1,1
19,62.034226978585195,them,159,0.03,74.72786770606015,neutral,0,1,day,0,0,ghoster,0,1
23,20.892089169696003,them,159,0.15,107.53736568830148,dry,9,1,night,1,0,ghoster,0,1
9,26.93046647454378,me,56,0.5,18.40672133203984,enthusiastic,4,0,day,1,0,ghoster,0,1
19,61.83604354333591,them,195,0.15,31.043482322385966,neutral,2,0,day,1,1,casual,0,1
43,71.80899352203306,them,195,0.31,24.493023208857682,dry,1,1,night,1,0,dry_texter,0,1
23,34.19398374648737,them,182,0.63,65.97791820751428,enthusiastic,3,0,day,0,1,ghoster,0,1
13,59.56387790493167,them,143,0.71,57.66441815543338,dry,9,1,night,0,1,interested,0,1
6,46.149671532399196,them,60,0.01,51.57564895651284,dry,5,0,day,0,0,casual,0,0
15,2.877537234250341,me,36,0.53,49.85235092265547,dry,4,0,night,0,1,dry_texter,0,1
19,11.16065145942687,them,43,0.24,32.26761314630572,dry,0,0,day,1,1,ghoster,0,1
20,59.261133619720006,them,6,0.96,72.6645336012338,neutral,7,0,day,1,0,casual,0,1
21,52.52645190389564,me,97,0.36,95.94490797560888,dry,5,0,day,0,0,interested,1,1
29,71.58014703029053,me,1,0.09,71.487420890098,enthusiastic,8,1,day,0,0,dry_texter,0,1
40,32.9085122331872,them,17,1.0,107.89670090902115,neutral,10,0,day,0,1,ghoster,0,1
48,8.65264843928274,them,51,0.18,114.12422107389928,enthusiastic,1,0,night,1,0,casual,1,1
17,70.16051919017815,them,15,0.41,76.68164246807659,dry,6,1,night,0,1,interested,1,1
43,25.15456653479805,them,139,0.94,82.18606861363016,dry,1,1,night,0,0,dry_texter,1,1
12,16.446646685228963,me,180,0.56,108.84709305346271,dry,7,0,day,0,0,casual,1,1
39,58.684027612061406,them,129,0.55,46.50683117241789,dry,0,0,day,1,0,interested,0,1
10,57.74325043241883,me,46,0.84,109.28414187367962,dry,7,0,day,0,1,dry_texter,1,1
34,24.39660113920366,me,161,0.31,86.56164952719452,neutral,4,0,night,0,0,interested,0,1
33,70.14167911304529,them,85,0.63,114.46376251782904,enthusiastic,5,1,day,1,0,casual,0,1
43,58.47259082485963,them,122,0.06,32.92302361267327,dry,0,1,day,1,1,interested,1,0
43,51.91894760147979,them,180,0.28,10.545777986106488,dry,7,0,day,0,1,interested,1,1
43,9.904183224609962,them,41,0.56,56.33557525078521,neutral,8,0,night,1,0,dry_texter,1,1
31,25.764833173471064,me,69,0.46,20.766705255184156,dry,8,0,day,0,1,casual,1,1
7,61.387798625702224,me,25,0.94,30.39496182270946,neutral,5,0,day,0,1,ghoster,0,1
47,41.540232740675364,them,8,0.99,74.2761998682491,dry,4,0,night,1,0,interested,0,0
37,39.62437424739758,me,16,0.92,10.818138400107447,neutral,1,0,day,0,0,dry_texter,0,1
3,15.559602755096783,me,108,0.36,51.65344625045598,neutral,1,1,day,1,1,interested,1,0
29,33.648479651825454,me,143,0.03,42.788652768607136,dry,10,1,day,0,0,interested,1,0
30,59.68919884669138,me,75,0.32,78.2546041916084,neutral,6,1,night,1,1,dry_texter,0,1
1,1.248812094205097,them,143,0.41,75.80599884166479,neutral,1,1,night,0,0,dry_texter,1,0
28,24.300799891825864,them,52,0.77,56.27224988106927,enthusiastic,3,1,day,0,0,ghoster,0,0
35,25.50017264672799,me,141,0.02,25.425112762508945,neutral,10,0,night,0,0,interested,1,1
48,45.34606642832057,them,183,0.76,55.203490424164556,enthusiastic,2,1,day,1,0,casual,0,0
29,15.852390390434305,them,44,0.29,25.65963956998951,dry,1,1,day,1,0,ghoster,1,1
8,27.506647934849163,them,135,0.18,114.95585360730901,dry,10,0,night,0,0,dry_texter,0,1
12,37.45597576255753,them,175,0.36,115.08666597171934,enthusiastic,5,1,day,0,0,ghoster,0,1
15,34.58464984774946,them,92,0.64,54.601142828421715,neutral,5,1,day,1,0,interested,1,1
9,19.269109185824206,me,25,0.85,54.89936538613125,enthusiastic,1,0,night,0,0,dry_texter,1,0
39,71.7608000409263,me,110,0.31,97.31520638696001,neutral,6,1,night,1,0,dry_texter,0,1
33,42.591849982664705,me,134,0.44,46.10199707331129,dry,1,0,night,1,1,ghoster,1,1
11,52.972140783093,me,98,0.59,32.76339397355826,enthusiastic,4,1,day,0,0,interested,1,0
12,16.781382227095676,them,102,0.49,4.760445172750843,enthusiastic,10,0,night,0,0,dry_texter,1,0
13,15.607963626383174,them,27,0.31,116.66275594055362,enthusiastic,4,1,day,0,1,interested,1,1
3,62.334289689945344,me,94,0.07,36.70785280919039,enthusiastic,1,0,night,1,0,ghoster,0,1
50,58.60751037525898,me,186,0.94,47.18371579000434,enthusiastic,3,0,day,0,1,casual,1,1
30,33.408194363037815,them,173,0.83,33.717961006845215,neutral,3,1,night,1,1,dry_texter,0,1
35,6.226346491576203,me,181,0.56,33.53369107331472,enthusiastic,6,0,night,1,0,interested,0,0
10,61.227906669266474,me,173,0.68,81.78517357322795,neutral,2,0,night,0,0,ghoster,0,1
18,38.0266973102842,them,159,0.88,65.06106779067267,neutral,2,1,night,1,1,casual,0,1
45,3.8373526407543226,me,44,0.89,48.14572646680417,enthusiastic,2,1,night,0,1,interested,1,0
24,56.940542158402465,them,120,0.66,6.263268963571797,enthusiastic,7,0,day,1,0,casual,1,1
23,64.40045554569215,them,52,0.7,65.94285577183314,dry,8,1,day,1,0,casual,0,1
7,10.428983378263718,them,148,0.37,9.597245502822359,enthusiastic,0,0,night,1,0,dry_texter,1,0
50,66.88358026785912,them,178,0.44,104.61668160973448,neutral,0,0,night,1,1,ghoster,0,1
40,56.816328558998705,me,53,0.61,105.9055475148661,enthusiastic,5,1,day,1,1,ghoster,0,1
27,7.867283114124132,me,159,0.26,95.32177639818983,neutral,8,0,night,1,1,casual,1,1
4,10.686087103890603,me,140,0.13,33.03803610852925,neutral,7,1,day,0,0,interested,1,0
41,65.48496489520868,me,93,0.49,95.65130816988628,enthusiastic,2,1,day,1,1,casual,1,0
1,1.704456941571225,them,103,0.89,86.99029341611035,enthusiastic,8,0,day,0,0,ghoster,0,0
44,30.71460450443032,them,33,0.04,25.637557871155103,neutral,8,1,day,0,0,dry_texter,1,1
4,51.80127410869853,them,88,0.77,111.07524157590164,dry,6,0,day,1,0,interested,0,1
41,9.421407414292414,them,72,0.4,105.35674397253771,enthusiastic,6,1,day,0,1,dry_texter,1,0
28,58.20829932552773,them,39,0.34,73.49835207312613,dry,6,0,day,0,1,dry_texter,1,1
35,36.18948601053804,me,200,0.22,116.5339349399697,neutral,4,0,night,1,1,interested,0,1
32,17.701037299403804,me,119,0.49,97.14160624255175,dry,3,1,night,0,0,ghoster,0,0
7,29.801594254179783,me,10,0.36,85.35530354599192,neutral,9,0,night,1,1,casual,0,1
45,5.399553749160092,them,173,0.77,65.51217594917637,enthusiastic,5,0,day,1,1,ghoster,0,0
49,10.987056344868279,me,35,0.25,5.011874464720601,dry,4,1,day,0,0,dry_texter,1,1
21,44.23550754581892,them,93,0.77,6.188640723538506,enthusiastic,1,0,day,0,0,casual,1,1
3,3.3125430921252264,them,178,0.94,29.85283162132371,enthusiastic,1,0,night,1,0,ghoster,0,1
42,17.789715915613577,me,184,0.18,80.71617416611251,enthusiastic,6,0,day,1,0,casual,0,1
41,30.4552652746983,me,41,0.65,91.69591632146485,enthusiastic,6,0,day,0,0,interested,0,0
35,70.52238794197869,them,34,0.28,36.17825232910565,enthusiastic,0,1,night,1,1,interested,1,0
46,45.94694004275536,me,76,0.89,15.892360395050959,dry,6,1,night,1,0,interested,1,0
43,13.84031441981483,me,73,0.67,117.95376440647219,dry,1,1,night,0,0,dry_texter,1,1
31,21.54264154934675,me,115,0.19,54.764809116889175,enthusiastic,2,0,day,1,1,ghoster,1,1
22,7.811148867884944,me,90,0.06,32.22009827269019,dry,0,1,night,0,1,ghoster,0,0
6,69.63997226811927,me,14,0.38,65.57898552552312,dry,7,1,day,0,0,casual,0,0
16,49.391555232965885,them,36,0.34,21.081233063913334,dry,4,1,night,1,1,interested,1,1
30,31.96500795419317,them,195,0.2,22.565630502742017,enthusiastic,3,0,night,0,1,ghoster,0,1
50,70.56173571931951,them,124,0.65,13.51235840023475,dry,7,0,day,0,0,dry_texter,0,1
22,17.99911481231274,me,51,0.07,18.161951841603937,dry,9,1,day,1,0,dry_texter,1,1
4,69.15019849574841,me,41,0.46,19.246161297345147,neutral,5,1,day,1,1,casual,0,1
29,2.562676516855821,them,195,0.44,65.78720002755416,dry,5,1,day,1,1,interested,1,1
25,24.775954319648406,me,5,0.83,2.5002675800019283,enthusiastic,1,0,day,1,0,casual,0,0
30,34.11188117972715,them,171,0.6,57.830850474662846,enthusiastic,9,1,day,1,0,casual,0,1
25,59.86218847185444,them,159,0.79,61.10556144937726,neutral,4,0,night,1,0,ghoster,0,1
43,60.67365823427062,me,3,0.19,66.44291594799633,enthusiastic,4,1,day,0,1,interested,1,0
5,4.8149319295062,them,150,0.88,23.769097903097975,enthusiastic,9,1,day,1,1,interested,1,0
29,31.68476836321293,me,143,0.19,83.2772497104003,enthusiastic,0,1,night,1,0,casual,0,0
40,62.484457297943756,them,19,0.27,6.657957945183149,neutral,8,0,day,1,1,ghoster,0,1
38,18.121933318434458,me,175,0.05,35.03520483476963,dry,6,1,day,1,0,dry_texter,0,1
31,35.30336573890949,me,46,0.1,61.54269768452594,enthusiastic,7,1,night,0,1,interested,1,1
29,56.715283765902214,me,138,0.3,71.68155245135364,neutral,8,1,day,1,1,casual,1,1
30,21.305526279872318,them,187,0.63,33.89119813691744,enthusiastic,3,1,night,1,0,dry_texter,1,0
37,29.709558444284784,me,34,0.15,57.39323441514396,dry,9,1,day,0,1,ghoster,0,1
16,28.8119733872676,them,88,0.76,100.84540672783909,dry,7,0,day,0,1,interested,0,1
11,25.072152099127443,them,86,0.74,20.68884458851519,enthusiastic,8,0,night,0,1,interested,1,1
35,56.65767308179778,me,19,0.24,63.705970016883334,enthusiastic,9,1,day,0,0,dry_texter,1,1
11,48.805235677015176,them,70,0.85,4.641224326868246,neutral,10,0,day,0,1,dry_texter,0,1
6,70.5026554144893,me,79,0.12,17.637117218203382,neutral,5,1,day,0,0,interested,1,1
11,52.489412651967505,me,11,0.84,7.30222065299757,neutral,1,1,night,1,1,dry_texter,0,1
8,36.07987654155797,me,51,0.54,22.945096463049165,dry,10,1,day,0,1,interested,1,0
28,8.698767778477823,them,51,0.56,60.78793550346125,dry,0,0,day,0,1,casual,0,0
27,27.986448012412,me,35,0.42,75.06491055474066,enthusiastic,4,0,day,0,0,ghoster,0,1
18,56.5442366306395,me,36,0.84,35.19068962087316,enthusiastic,2,1,day,0,1,dry_texter,1,1
23,45.44133828228443,them,187,0.76,49.85805960421735,enthusiastic,6,1,day,1,1,interested,1,0
17,26.710503672414955,them,64,0.61,50.182304748629164,enthusiastic,1,1,day,0,1,ghoster,1,1
18,8.218529993202733,them,43,0.69,41.38133435682875,neutral,0,0,night,1,1,dry_texter,0,0
5,17.660137979811978,them,50,0.9,95.03714146785661,dry,6,0,day,0,1,interested,0,0
48,64.51843023464461,them,48,0.81,98.84461344524426,enthusiastic,10,0,day,1,1,ghoster,0,1
35,7.070073769211765,me,59,0.28,30.10416522735591,neutral,0,0,night,0,0,dry_texter,0,0
4,46.49153722325234,me,20,0.9,91.25641662702478,dry,1,0,day,0,0,casual,1,0
20,42.63075996505575,me,190,0.94,38.75496625654277,enthusiastic,5,1,night,0,1,ghoster,0,1
4,47.40429444850125,them,21,0.27,5.99778323153524,neutral,3,0,night,0,0,casual,0,1
41,14.477371777342924,me,4,0.09,13.38512413762287,enthusiastic,3,1,day,0,0,interested,1,0
48,63.92522975528454,me,143,0.45,101.83872726164144,enthusiastic,8,0,day,0,1,ghoster,0,1
26,61.02246627902286,me,5,0.64,107.04874636351113,neutral,9,1,day,0,1,interested,1,1
17,32.90675891955367,them,91,0.14,55.836262094862604,neutral,2,1,day,1,1,casual,0,1
18,67.92844986252754,them,104,0.12,48.953458012442226,neutral,0,1,day,0,1,casual,1,1
2,35.323277222738966,them,163,0.52,12.186184440158334,enthusiastic,4,0,night,0,1,casual,1,0
17,51.394786105892656,me,16,0.82,18.19403078610886,enthusiastic,1,1,night,1,0,dry_texter,0,1
16,53.68341926678218,them,169,0.15,61.81756402274011,dry,2,1,night,0,0,ghoster,0,1
29,32.41463037865745,them,163,0.27,102.47448096334158,neutral,9,1,day,1,0,interested,0,1
28,69.19388643575775,me,15,0.28,16.433196605398564,dry,3,1,night,0,1,ghoster,0,1
5,22.882440758686332,them,27,0.23,39.78112272277135,neutral,7,1,day,1,0,interested,0,1
13,45.62936031424039,me,178,0.93,77.76144383214087,neutral,9,1,day,0,1,dry_texter,0,1
3,42.72327365215618,me,95,0.06,81.48774086938812,enthusiastic,10,0,day,0,0,casual,1,0
39,44.2166699869462,them,61,0.57,63.25009570743078,enthusiastic,4,1,day,0,0,dry_texter,0,1
37,21.05598183438696,me,136,0.78,17.957263397170568,enthusiastic,8,1,night,0,0,interested,0,0
27,69.12829148576304,them,51,0.71,67.61086943882404,dry,4,0,day,1,1,dry_texter,0,1
20,18.22085359067348,them,85,0.7,107.43724372178919,neutral,4,1,night,1,1,interested,1,1
3,21.383449658212516,them,190,0.0,100.62513834789056,dry,5,1,night,0,0,interested,1,1
14,63.45686883236336,me,178,0.62,13.001683874802385,neutral,1,0,night,0,0,casual,1,1
11,38.44899466692492,me,32,0.64,82.38216906991823,neutral,4,1,night,1,0,ghoster,0,1
47,26.232299029285105,them,163,0.05,3.466436042295915,enthusiastic,1,0,night,0,1,ghoster,0,1
45,5.979164368168189,them,153,0.72,56.78234001836784,dry,2,1,night,1,0,dry_texter,1,1
29,35.60470496111897,them,162,0.48,88.43973470705424,enthusiastic,6,0,night,0,1,casual,0,1
30,14.195799152148965,them,171,0.96,12.673437932555538,enthusiastic,4,0,night,1,0,ghoster,0,0
33,19.559537091874372,them,14,0.37,51.41611631905874,dry,5,1,night,0,0,ghoster,1,1
33,46.084992402077674,them,200,0.59,68.13225928047332,dry,3,1,day,0,0,ghoster,0,1
28,2.4229991164180467,me,120,0.04,81.19771301004234,dry,0,1,day,1,0,ghoster,0,1
12,59.95507402061885,them,163,0.89,89.21570219746418,dry,0,1,night,1,0,casual,1,1
47,43.180982118364184,them,79,0.43,15.174970148343258,neutral,6,0,night,0,0,interested,0,0
1,53.10827123921269,me,170,0.63,52.30880506858157,neutral,7,1,day,1,0,interested,1,0
6,54.23652103263216,me,170,0.77,57.027803119468395,neutral,1,1,day,0,0,casual,0,1
37,52.50051402095739,them,192,0.74,35.711465128875346,enthusiastic,4,0,day,0,1,casual,0,1
50,24.564702028766636,them,109,0.12,35.14215929243303,dry,0,1,night,1,0,dry_texter,0,1
39,42.506242913168386,me,138,0.77,81.31301460688933,dry,4,1,day,1,1,casual,1,1
32,64.75295268203973,them,84,0.3,54.80681995434033,enthusiastic,9,1,day,1,0,dry_texter,0,1
37,69.68426101238343,them,199,0.69,91.43090123012975,neutral,5,1,day,1,1,interested,0,1
50,62.52235623290454,me,74,0.78,21.737062001469017,enthusiastic,4,0,day,1,0,dry_texter,0,1
23,39.961768497857626,them,132,0.17,81.16141865150627,dry,3,1,day,1,1,casual,0,0
38,51.425011633516654,them,50,0.63,38.751481102389945,dry,5,0,day,1,0,interested,0,1
36,67.39637441660581,me,142,0.66,4.809724007070488,enthusiastic,5,1,day,0,0,interested,1,1
44,8.794115242810431,them,118,0.44,27.676791111190315,dry,7,1,night,1,1,dry_texter,0,1
40,9.61406192259459,me,126,0.62,28.862293885793928,enthusiastic,6,1,night,0,0,ghoster,0,0
41,28.738395865851263,them,89,0.91,81.55996508228002,enthusiastic,10,0,night,0,1,interested,1,1
27,58.66148509820054,me,95,0.75,102.9897137527808,dry,6,1,night,1,1,interested,0,1
8,70.61658763054896,me,60,0.91,116.41625356625062,dry,2,0,night,1,1,casual,0,1
48,27.084618072322296,them,69,0.55,96.2719198702953,enthusiastic,0,0,night,1,0,dry_texter,0,1
25,32.120070334547904,them,110,0.61,85.65190508054874,enthusiastic,3,0,night,1,0,interested,0,1
22,34.76356126969099,me,62,0.58,3.2043408648154292,dry,4,0,day,0,1,interested,1,0
13,18.050364002174355,them,128,0.63,12.9593362238304,neutral,0,1,night,0,1,dry_texter,0,1
37,67.78063542617349,me,88,0.82,77.44295473034177,dry,0,0,night,0,0,interested,1,1
27,49.57375541383821,me,176,0.25,99.04287404253269,neutral,9,0,night,1,1,interested,0,1
21,1.8597106239306243,them,122,0.4,94.93861289190009,neutral,5,0,night,0,1,ghoster,1,1
13,45.26364840343254,me,173,0.42,35.53103477267364,dry,4,1,day,0,0,dry_texter,0,1
16,25.781137700956876,me,50,0.86,116.64266811852713,neutral,7,1,night,0,0,interested,1,0
49,55.64806488597093,me,188,0.41,16.439203688951117,enthusiastic,9,1,day,1,0,dry_texter,0,1
22,41.30579138692234,me,67,0.31,33.29531068801978,neutral,5,1,day,1,1,interested,0,1
16,69.34658857092339,them,16,0.72,104.7703979308389,enthusiastic,7,0,night,1,1,ghoster,0,1
23,1.5263169233100404,them,59,0.77,94.57476640167711,enthusiastic,6,1,day,1,1,dry_texter,1,1
18,69.72675403325218,them,188,0.96,112.63519141094454,neutral,6,1,night,0,1,interested,1,1
18,34.012599492519314,them,37,0.18,92.62534990880138,neutral,3,0,night,1,1,dry_texter,0,1
28,37.53318705995105,them,79,0.92,62.983067879204356,enthusiastic,2,0,day,0,1,interested,1,0
22,66.26332914691035,me,186,0.61,10.008162928163221,dry,5,1,day,1,1,ghoster,0,1
5,26.507090192015575,me,159,0.72,84.45272522159078,enthusiastic,5,0,day,1,0,casual,0,1
10,4.786022105752592,them,120,0.45,101.76887328167881,enthusiastic,8,0,day,1,1,ghoster,1,1
45,54.82571086526455,them,64,0.48,48.889919206260856,dry,6,0,night,0,1,dry_texter,0,1
26,38.96580232499156,them,30,0.99,84.65318915703969,enthusiastic,10,0,night,1,1,casual,1,0
21,7.199265388494812,me,3,0.49,59.30210116501835,dry,5,1,day,0,0,ghoster,1,1
46,66.85353390231703,them,99,0.35,90.48955824387805,neutral,8,1,day,1,0,casual,1,1
18,10.80523882863838,me,15,0.93,56.189988889590964,dry,0,1,night,0,0,dry_texter,1,0
9,28.705577018111494,me,144,0.46,71.1295393125477,dry,0,1,night,1,0,ghoster,0,1
48,43.11971731801332,them,64,0.2,39.385704030225256,neutral,3,0,day,0,1,casual,0,1
7,54.958555121400146,them,192,0.7,72.71139484570558,dry,2,1,night,1,0,ghoster,0,1
27,14.76879300960321,them,186,0.33,51.39619887482478,neutral,8,1,night,0,1,dry_texter,1,1
36,67.59965454091727,them,10,0.15,79.57576670677814,dry,2,1,night,1,0,casual,0,1
13,0.7978895174323215,me,48,0.76,99.6003764454713,neutral,3,1,night,0,0,dry_texter,1,1
42,57.65323432688067,me,22,0.28,113.99025191262136,neutral,4,0,day,1,0,dry_texter,0,0
5,40.29292320926338,me,30,0.04,20.842410253883216,neutral,4,1,night,1,0,dry_texter,0,1
4,1.4894708581751566,them,104,0.39,92.19060289413159,neutral,8,1,day,0,1,ghoster,0,1
49,66.31242879401881,them,31,0.24,94.33304274874264,dry,9,0,day,0,0,dry_texter,1,1
48,47.1067422492376,me,186,0.94,71.14281301881444,dry,9,1,day,1,0,interested,0,0
30,2.051166711548653,me,79,0.88,30.917797021667905,enthusiastic,4,0,night,0,1,dry_texter,0,0
11,51.59650513547592,them,111,0.95,50.093331807011076,enthusiastic,7,1,day,1,1,casual,1,1
45,44.91092656554696,them,49,0.43,31.282200117973833,enthusiastic,1,1,night,1,1,ghoster,0,1
34,18.668874367839944,me,188,0.52,25.94336027840958,enthusiastic,6,0,day,1,1,ghoster,1,1
35,38.48127451353122,them,62,0.16,84.85647534789221,dry,8,1,day,0,1,dry_texter,1,1
22,29.198381057231515,them,81,0.86,19.47975595164748,neutral,2,0,night,0,1,interested,1,1
39,50.883773647994744,me,189,0.84,15.08634661092275,dry,7,1,day,0,0,ghoster,1,1
50,30.71212190073768,them,13,0.54,31.818688775560965,enthusiastic,2,0,night,0,0,casual,0,0
6,36.67689544340532,them,189,0.74,9.568704511185654,enthusiastic,4,0,night,1,1,casual,0,1
41,28.9594788478045,them,189,0.91,54.840160517976244,enthusiastic,3,0,day,1,0,ghoster,0,1
46,57.93208885198232,them,41,0.74,63.6817194051236,neutral,2,1,night,0,1,dry_texter,0,1
8,2.64168826648082,me,92,0.98,87.0312797489812,dry,6,0,night,1,1,ghoster,0,1
42,49.602538709000534,them,141,0.92,93.9375884978495,enthusiastic,6,0,night,1,1,dry_texter,0,1
17,37.83906555942998,me,147,0.28,117.25574187899154,dry,3,0,day,1,1,casual,0,1
43,54.313381231446336,me,151,0.66,51.65892487695758,neutral,2,1,day,0,0,dry_texter,0,1
17,4.233442362582558,me,9,0.49,6.335714294726868,dry,10,1,day,0,0,dry_texter,0,0
18,64.86734723314815,them,106,0.09,54.97983671202901,dry,7,1,night,0,0,ghoster,0,1
33,57.59715434791899,me,187,0.83,49.23350690847854,dry,2,0,day,1,1,interested,0,1
1,10.034590659832688,them,153,0.68,119.10248459973285,enthusiastic,9,1,night,1,0,interested,1,0
33,51.24541873158027,me,150,0.51,67.86699658141328,dry,5,1,day,0,0,casual,1,0
34,43.71724370918163,me,197,0.18,59.40406737724951,neutral,4,0,night,1,0,ghoster,0,1
13,14.52050195363261,them,125,0.97,89.0038609646202,dry,2,0,night,0,1,interested,1,0
48,13.76952196173881,them,24,0.65,6.258196268577707,neutral,6,0,night,0,1,ghoster,0,1
13,1.2043685537917472,them,189,0.08,110.61430391773308,enthusiastic,3,1,day,1,0,ghoster,0,1
6,34.927375578192894,them,9,0.88,92.79508747362505,enthusiastic,7,1,day,1,0,dry_texter,0,1
15,57.64669217631688,them,164,0.97,32.70951159425303,dry,0,0,day,1,0,dry_texter,0,1
3,5.256472599072441,them,137,0.18,7.3976200548283915,dry,8,0,night,1,1,interested,1,1
32,19.413158036390367,me,115,0.16,118.5140296429274,dry,1,1,night,1,1,dry_texter,0,1
32,68.20017312160817,me,77,0.43,102.48095450089706,neutral,10,1,day,1,1,interested,0,1
7,24.602776994589018,them,149,0.7,54.40744414709575,neutral,6,0,night,1,1,casual,0,1
36,56.35870350795826,them,188,0.81,62.59339860703553,dry,10,1,day,0,0,casual,1,0
38,57.58123767384099,me,160,0.43,64.81351664831311,dry,5,0,day,0,1,casual,0,1
35,1.8885668736835965,them,29,1.0,100.33506221767111,dry,0,0,day,1,0,interested,1,0
27,44.043377513501895,them,146,0.85,98.83589090750161,dry,3,0,day,0,0,interested,1,1
29,39.32529615002325,me,22,0.25,94.82195776053379,enthusiastic,7,0,day,0,1,casual,0,1
38,8.227863580004982,me,55,0.21,37.04451949743815,enthusiastic,2,1,night,0,1,ghoster,1,1
11,17.429302760762347,them,62,1.0,63.04691245287604,neutral,8,1,night,1,0,dry_texter,0,1
4,5.6183252962716415,me,180,0.52,119.55540989849003,dry,8,0,day,1,1,interested,0,0
27,41.86359435840171,me,198,0.58,109.90193657657287,dry,6,0,day,0,0,interested,1,0
15,1.1601823941119074,them,168,0.15,64.45158401686435,enthusiastic,0,0,day,1,1,dry_texter,1,1
24,12.156798399863401,them,117,0.78,94.6020463214622,enthusiastic,8,0,night,1,0,casual,0,0
13,25.78762083559255,me,177,0.64,41.80438561687845,enthusiastic,10,1,night,0,0,dry_texter,0,1
25,68.21875564880071,them,95,0.16,54.47168865260856,dry,2,1,night,0,1,casual,1,1
39,55.59454816872897,them,121,0.21,2.807023321016514,enthusiastic,0,1,day,1,0,casual,1,1
41,39.26388718578233,them,26,0.11,69.72627688352743,enthusiastic,1,0,day,0,0,ghoster,0,1
13,69.94456900303193,them,54,0.75,60.12275527880364,neutral,0,1,day,0,0,casual,1,1
32,43.47885168915858,them,21,0.25,86.7835175842688,neutral,10,1,day,1,0,dry_texter,0,1
17,40.780738330708274,them,195,0.67,59.36404649761157,neutral,9,1,day,1,0,casual,0,1
33,24.284300833693404,me,173,0.77,110.71487877508757,neutral,2,0,night,0,0,ghoster,1,1
5,19.092750310375948,me,159,0.61,66.89877701596717,enthusiastic,8,1,night,1,0,interested,1,0
46,15.472819505440933,me,70,0.72,82.5465905316633,dry,4,1,day,0,0,casual,0,0
11,25.1687871420469,them,48,0.1,89.5925304008498,dry,3,0,night,0,0,ghoster,0,1
19,37.76347945518316,them,105,0.14,28.656799846558275,dry,9,0,night,0,0,interested,0,1
33,20.910598030791384,me,65,0.99,25.05488513235077,enthusiastic,10,1,night,1,1,ghoster,1,1
18,51.79209177638279,me,135,0.02,23.18771414442246,dry,4,0,day,1,0,casual,0,1
29,33.3901648726078,me,92,0.36,14.828751477164314,neutral,3,1,night,1,0,ghoster,0,0
14,24.878269380175254,them,194,0.24,51.838481724540344,neutral,7,1,night,0,0,dry_texter,0,1
3,6.65729885675682,me,192,0.52,34.72668830706276,dry,8,1,day,1,0,dry_texter,1,1
18,3.8343581164277696,me,160,0.63,34.73210803450383,neutral,7,0,day,0,1,dry_texter,0,1
1,5.588510491397304,me,145,0.19,93.82814077775902,dry,3,0,night,1,0,dry_texter,1,1
20,2.4901969732585814,them,167,0.36,118.35327462655022,enthusiastic,5,1,night,1,1,interested,0,0
4,59.05188537866222,them,171,0.19,53.36913367074999,dry,4,1,day,1,1,dry_texter,0,1
33,69.85046291618625,me,46,0.15,30.98912762615522,neutral,8,1,night,1,1,ghoster,0,0
35,57.35426555188709,me,55,0.66,13.682073746532195,enthusiastic,0,1,night,0,1,casual,1,0
44,59.10620456821758,them,161,0.33,50.80064156602741,enthusiastic,4,1,day,1,0,interested,0,1
22,25.431886866622758,me,121,0.37,115.15368209185013,neutral,5,0,night,1,1,casual,0,1
30,14.19181447896362,me,36,0.73,95.36960684823084,dry,0,0,day,0,1,dry_texter,0,0
39,2.408277025405747,me,71,0.2,94.67436056000919,neutral,9,1,day,0,1,ghoster,0,1
3,68.62658277638943,them,175,0.6,69.86737888966096,enthusiastic,3,0,day,0,0,interested,1,0
49,17.683847342031687,me,115,0.07,33.48606538246819,neutral,6,1,day,0,0,dry_texter,1,0
28,11.97466037767154,me,145,0.41,88.25922046766044,dry,8,1,night,1,0,interested,1,0
1,41.893352439050645,me,100,0.12,10.748073868026266,dry,7,1,night,0,0,casual,1,1
34,55.690887418126145,them,103,0.88,17.56203374117178,neutral,3,1,night,1,0,dry_texter,0,1
49,71.34928051244002,me,23,0.5,62.967349994618814,enthusiastic,5,1,day,0,1,dry_texter,1,1
7,51.115159217809286,me,155,0.22,99.82929199077991,enthusiastic,5,0,night,0,0,dry_texter,0,1
19,56.36415096492065,me,160,0.51,22.46255909320046,dry,2,0,night,0,1,ghoster,0,1
35,17.62545472511508,them,66,0.8,67.80683808134188,dry,6,1,night,1,0,casual,1,0
50,12.587197980615972,them,116,0.55,59.70793296293579,neutral,6,0,day,1,0,interested,1,1
20,21.05841215521943,me,75,0.85,81.6433315995212,dry,0,0,night,0,0,interested,0,1
47,15.591069700427802,me,180,0.29,88.42033732306635,dry,0,0,day,0,1,dry_texter,0,1
42,22.31560244337415,them,40,0.8,97.03483080021802,dry,2,0,day,1,0,casual,1,1
32,48.07369865915111,me,163,0.68,107.10266142102637,dry,3,1,day,1,0,interested,0,1
45,38.89696347995444,me,158,0.22,101.52155984535077,dry,10,0,day,1,1,ghoster,0,1
34,39.35497730370344,them,135,0.49,29.20823371983844,enthusiastic,8,0,day,1,1,ghoster,0,1
39,65.97250062855159,me,42,0.99,34.682658313850276,enthusiastic,2,0,day,0,1,dry_texter,0,1
27,2.1728391313899102,them,126,0.06,103.83253596302593,dry,0,0,day,0,0,interested,1,1
4,64.20801998776307,them,64,0.13,48.57999221541966,neutral,6,0,day,0,0,ghoster,0,1
20,55.35433192241064,me,105,0.34,28.244783607387447,dry,0,0,day,0,0,casual,1,1
10,62.94573316509634,me,89,0.74,57.24529884629981,dry,5,1,night,0,1,interested,0,1
2,69.74835164722248,them,11,0.05,26.836327605990476,neutral,2,0,day,0,1,casual,0,1
20,63.47784782350672,me,100,0.25,53.15624263056481,enthusiastic,3,0,night,0,0,interested,0,1
34,47.34562536052334,me,72,0.44,38.13435983214788,neutral,2,1,day,0,0,dry_texter,1,1
12,8.767950650344542,me,43,0.47,18.597870923775112,neutral,10,1,day,1,1,ghoster,0,1
16,55.26098627795889,me,199,0.34,17.713668334312924,neutral,1,0,night,0,1,interested,1,1
15,13.965699979355424,them,59,0.1,76.13918056498066,enthusiastic,0,1,day,1,1,dry_texter,1,1
12,0.787431238470389,me,168,0.57,77.07810827425513,enthusiastic,9,1,night,0,1,casual,1,0
14,67.94220659221963,me,41,0.31,28.90402689330982,enthusiastic,3,0,night,0,0,interested,1,0
44,22.077954169874076,them,92,0.57,37.80926857023541,enthusiastic,0,0,night,0,1,dry_texter,1,0
42,39.401346771812406,me,184,0.37,79.94635431507469,dry,5,0,day,0,0,dry_texter,0,1
10,54.755555442482944,me,162,0.07,29.38096009554372,neutral,4,1,night,0,1,dry_texter,0,1
30,31.015964659438996,me,112,0.15,49.51942931174889,dry,5,1,night,1,1,dry_texter,1,1
21,6.293533271706341,me,108,0.02,3.0652898907618207,dry,8,1,day,1,1,dry_texter,1,1
6,39.09289737747862,them,96,0.61,9.474617580407196,dry,7,1,night,0,0,interested,0,0
1,11.41619741327034,them,195,0.76,97.48550153580332,dry,10,1,day,1,1,dry_texter,0,1
25,47.29231030009123,me,8,0.09,67.76584272336991,dry,3,1,night,0,0,dry_texter,1,1
28,25.594484680914178,me,94,0.63,106.56528150896256,dry,2,0,day,0,1,casual,1,0
21,38.57951147158845,me,152,0.28,18.279853722367093,dry,2,1,day,1,0,casual,0,1
35,46.95073092311711,me,148,0.45,105.44016557899666,dry,10,0,night,0,1,interested,1,1
3,8.391800317321046,me,12,0.07,99.05924613093859,enthusiastic,3,0,night,1,0,ghoster,0,1
37,34.38229094692669,them,93,0.91,10.079288115612538,neutral,9,1,day,0,0,ghoster,0,0
18,24.33639823442871,them,139,0.01,84.56108567544445,enthusiastic,0,0,day,0,0,interested,1,1
37,63.60005377617651,me,150,0.18,46.84561395555003,neutral,10,0,night,1,1,casual,0,1
49,68.30829436428594,me,73,0.93,53.138275770316625,neutral,7,1,day,1,0,interested,1,0
5,36.46403015643328,them,166,0.38,42.02651101634234,dry,1,1,day,0,0,ghoster,0,1
12,12.009343323568142,them,169,0.98,116.81582583962161,neutral,5,1,night,1,1,casual,0,0
39,68.98382195453063,me,76,0.77,83.19032462036982,neutral,7,0,day,0,1,dry_texter,1,1
5,14.16197938182658,them,13,0.72,97.2176491980945,neutral,7,1,day,1,1,ghoster,1,1
15,48.567754059370415,them,59,0.99,42.005867848744835,dry,4,0,night,1,1,casual,0,1
13,64.89921814471403,them,39,0.01,45.3593655497713,enthusiastic,6,0,day,0,1,casual,1,1
50,44.38872562207788,them,129,0.89,92.8618484830185,dry,10,1,day,0,1,ghoster,1,1
13,63.75424851810342,them,180,0.27,40.85573102624227,dry,5,0,day,0,1,casual,1,1
24,6.008574577969059,me,130,0.08,38.24765558120379,dry,1,1,night,0,1,ghoster,1,1
15,31.617377054480563,them,107,0.8,104.67023964431853,neutral,10,0,day,0,0,dry_texter,1,1
20,66.74364356126408,me,99,0.91,87.18783676679995,dry,2,0,night,0,0,dry_texter,0,1
9,64.612732303031,them,135,0.26,52.64333803410711,enthusiastic,5,1,night,0,0,interested,0,1
7,15.951768980654766,me,196,0.23,99.09361276048227,enthusiastic,3,0,night,1,0,interested,1,0
20,35.92845100706956,me,126,0.37,11.03529846629176,dry,4,1,night,1,1,ghoster,0,1
15,29.817121496349124,me,40,0.6,10.924951927755707,dry,3,1,night,0,1,casual,1,1
27,12.371576388845682,them,147,0.81,83.92695656331263,neutral,8,1,day,0,0,casual,1,0
31,42.00368094145532,me,68,0.13,77.23129919051986,neutral,6,1,day,0,1,dry_texter,1,1
44,67.00988013893374,me,187,0.85,99.06766136231528,enthusiastic,9,0,day,1,1,casual,1,1
42,0.7393856547756714,me,97,0.0,110.57518800915841,dry,5,1,night,0,0,dry_texter,1,1
44,52.107071451247336,me,97,0.91,69.61486839747062,dry,0,1,day,0,0,dry_texter,0,1
45,51.911494083036565,them,149,0.95,58.077975562839875,enthusiastic,4,1,day,1,1,casual,1,1
13,65.08245285988058,them,144,0.54,73.56714743937806,enthusiastic,4,1,day,1,0,casual,1,1
28,40.45690949150292,them,125,0.13,51.79182467318699,enthusiastic,10,0,night,1,1,interested,0,1
29,46.02279725076671,them,131,0.55,91.24866263905123,dry,8,1,night,0,0,casual,1,1
48,37.8627168649637,me,37,0.38,34.95599500700115,enthusiastic,3,0,day,0,1,casual,1,1
21,59.076999472019246,them,66,0.92,12.822292884932315,dry,2,1,day,1,1,interested,0,1
38,19.99085328268873,me,109,0.01,84.14449000779999,enthusiastic,9,0,night,0,1,ghoster,1,1
29,62.569040621323985,them,6,0.6,22.49485882526075,neutral,3,0,day,0,0,ghoster,0,1
39,24.408872757811075,them,93,0.13,56.14979500175517,enthusiastic,5,1,day,1,0,interested,1,1
9,5.723615837083827,me,146,0.77,31.18232894096325,neutral,7,1,day,1,0,dry_texter,0,1
23,11.446388714332567,them,15,0.31,83.34933713006632,dry,4,0,day,1,0,dry_texter,0,1
32,68.43654033009277,me,39,0.37,91.35292642750251,enthusiastic,7,0,day,1,1,ghoster,0,1
29,29.626468136233285,them,75,0.75,63.31189930003531,enthusiastic,5,1,day,0,1,casual,1,1
2,31.16859204930205,them,137,0.4,80.13983502813562,neutral,0,1,day,0,1,interested,0,1
6,53.28350059818763,me,115,0.09,75.34104141664488,dry,9,1,day,1,0,dry_texter,0,0
21,4.4847578428912245,me,67,0.58,109.06496887252032,enthusiastic,6,0,night,0,0,interested,1,0
41,42.181120032285286,me,191,0.43,60.17436487174717,neutral,6,0,day,1,0,casual,0,1
41,11.523632948309228,them,14,0.07,55.842829767203824,enthusiastic,1,0,day,0,0,casual,1,0
31,49.663487077761815,them,126,0.98,51.93553194298772,enthusiastic,5,1,night,1,1,dry_texter,0,1
46,15.266752626203921,me,41,0.67,39.661344617402875,enthusiastic,3,1,night,1,1,dry_texter,1,1
47,5.301592856019193,them,66,0.13,104.63124877223271,enthusiastic,0,0,day,0,0,interested,1,1
2,20.17704252671899,me,170,0.45,91.84523589125311,neutral,6,0,day,1,1,dry_texter,1,1
11,20.975002161089797,me,73,0.77,20.066325657505924,dry,0,0,night,1,1,ghoster,0,1
49,70.24851712890086,them,47,0.34,28.854278140448997,dry,1,1,day,0,1,casual,1,1
30,4.165501617702475,me,68,0.96,86.80181233209764,neutral,3,1,night,1,1,casual,1,0
26,10.491118899870052,me,63,0.85,97.287254383152,neutral,8,1,night,0,1,casual,1,0
33,45.42796239521495,them,148,0.84,37.29542200564652,neutral,3,0,night,0,1,casual,0,0
35,20.33508476332169,them,105,0.42,39.3771657827101,neutral,4,0,day,0,0,dry_texter,0,0
49,48.954814912024034,them,74,0.9,114.55250486694759,neutral,8,0,day,1,1,interested,1,0
32,71.92444818147708,them,197,0.24,23.61597783107384,enthusiastic,9,0,night,1,1,dry_texter,0,1
9,3.5706284577717176,them,79,0.24,34.767796181294756,dry,0,1,day,1,0,casual,0,1
12,71.51845783072723,me,42,0.08,38.65636274963565,dry,7,0,day,0,0,dry_texter,0,1
4,54.7635718436425,them,126,0.29,36.46541241207469,dry,6,0,day,0,1,interested,0,1
7,60.01816195446932,me,139,0.07,111.41093804359967,enthusiastic,3,1,night,0,0,interested,1,1
11,40.07403013456791,me,174,0.1,108.16331831665318,enthusiastic,4,0,night,0,1,casual,1,1
40,57.891563366717186,them,16,0.56,91.14582552027473,neutral,9,1,day,1,0,ghoster,0,1
35,45.79906256004725,them,80,0.47,103.37609967685506,neutral,7,1,day,1,1,interested,0,0
4,65.20158888740924,them,62,0.12,82.91183744059333,neutral,8,1,day,0,0,interested,1,0
22,64.23992877853635,me,194,0.29,30.580744372129185,enthusiastic,6,1,day,1,1,dry_texter,0,1
29,35.157356153584004,them,60,0.73,39.74516813941594,dry,1,0,day,0,0,interested,1,0
24,2.552888833737855,me,125,0.73,95.37479950862499,dry,8,0,day,1,1,interested,0,1
17,47.09638648526308,me,150,0.34,12.995436255793853,dry,2,1,day,1,0,ghoster,0,1
50,59.17612318633059,them,130,0.11,115.36476614917166,enthusiastic,2,0,night,0,0,dry_texter,0,1
34,46.41193647850204,me,91,0.88,18.595481670869244,enthusiastic,7,1,day,1,1,interested,1,1
23,71.25000055553949,me,110,0.93,110.20387900174549,dry,10,1,day,0,0,casual,0,1
50,50.339491011139536,them,65,0.08,57.682523853999534,enthusiastic,1,1,day,1,1,dry_texter,0,1
4,38.71983001280012,them,82,0.61,47.69062148375691,neutral,6,0,day,0,1,ghoster,0,1
37,27.31643801597385,them,4,0.46,117.63463137790968,neutral,3,1,night,0,0,casual,1,1
20,24.955211881092247,me,199,0.58,80.49605515387147,dry,2,1,night,0,1,ghoster,0,1
35,55.93803600075661,me,89,0.6,66.9906323250016,enthusiastic,8,0,day,1,1,dry_texter,0,1
13,67.61438125011183,me,29,0.54,70.62460373221012,dry,4,1,night,1,0,casual,0,1
30,19.00000571035225,me,64,0.98,49.47965317015195,enthusiastic,0,0,day,0,0,dry_texter,1,1
25,15.104929948113144,them,198,0.76,27.987934699485397,dry,0,0,night,0,0,interested,1,0
26,27.00438018142407,me,145,0.81,81.15324091813002,neutral,6,0,night,0,0,casual,0,1
45,3.8614737382022453,me,95,0.58,10.57588327762353,enthusiastic,10,1,day,1,0,ghoster,1,0
30,38.48894654721039,me,177,0.07,97.4809078620395,dry,6,1,day,1,1,casual,0,1
42,67.95305471898773,me,186,0.03,72.8687901995844,neutral,10,1,day,0,0,interested,1,1
5,53.777173896760644,them,11,0.45,64.33317340289665,dry,10,1,night,1,1,interested,0,1
15,43.252219762198145,me,186,0.43,29.734056893365192,enthusiastic,5,0,day,1,0,interested,0,0
32,44.41301174349966,me,191,0.22,79.21995066461382,neutral,6,0,day,0,1,interested,1,1
19,12.040177422940847,me,156,0.51,100.69173699660588,enthusiastic,7,1,night,1,1,interested,1,1
8,26.18024831888053,me,62,0.54,105.7643409250347,enthusiastic,10,1,day,1,0,interested,0,0
7,43.00317366358376,them,44,0.72,46.19242364214071,enthusiastic,9,1,night,1,1,dry_texter,0,0
38,32.9905725176903,them,46,0.36,15.42765456921796,enthusiastic,10,1,night,1,1,dry_texter,0,1
11,65.56449214303444,them,99,0.39,42.678577161744684,neutral,2,0,night,1,1,dry_texter,0,1
17,57.50888084252097,them,27,0.03,108.0177034425976,neutral,2,1,day,0,0,ghoster,0,1
48,4.298823424964665,them,141,0.14,41.81646630758378,neutral,10,1,night,0,0,dry_texter,1,0
4,16.900352900950946,them,134,0.41,95.25046867031999,dry,4,1,day,1,1,interested,1,1
5,16.80012435577736,them,69,0.68,11.257943135415607,neutral,2,0,day,1,0,ghoster,1,0
44,21.838109584266775,me,115,0.08,38.65074992162872,dry,4,1,day,1,0,interested,1,1
25,35.988542574493216,me,21,0.72,116.26366185199669,dry,6,1,night,0,1,ghoster,0,0
17,71.0879290481996,me,197,0.42,92.30405586224238,enthusiastic,8,1,night,1,1,interested,1,1
1,44.58798659204086,them,116,0.51,30.54631294624903,enthusiastic,3,0,night,1,0,interested,0,1
46,18.736013309194014,me,39,0.53,118.11565407539082,dry,9,0,day,1,0,dry_texter,1,1
1,11.713831103536835,me,164,0.93,80.40236292295467,dry,2,0,day,0,0,interested,1,1
28,22.882726652601747,me,186,0.56,49.882663072950784,enthusiastic,3,0,day,0,1,interested,1,0
49,37.993157868718534,me,64,0.11,97.46447766591473,neutral,4,0,night,0,0,casual,0,1
50,57.4519625926732,them,85,0.44,12.806676711441805,dry,8,1,day,0,1,interested,0,0
42,29.473508952885084,me,10,0.18,57.29639461577465,dry,10,1,day,0,1,interested,0,1
9,43.25255077555816,them,105,0.88,73.07189129987361,neutral,5,0,night,1,1,casual,0,1
45,55.656635688321245,them,90,0.64,57.44246740355332,enthusiastic,0,0,day,0,0,ghoster,0,1
49,58.163599268196236,them,23,0.03,81.27331624894552,enthusiastic,8,1,day,0,1,casual,1,1
45,2.431658580696892,me,4,0.25,61.532963354281755,neutral,4,0,day,1,0,interested,0,0
42,48.27089372262539,them,67,0.74,117.82678586296792,dry,4,0,night,1,1,ghoster,0,1
21,59.14852899880486,them,35,0.14,119.38368928275939,dry,0,1,night,1,0,ghoster,0,0
33,46.3482651007704,me,90,0.45,95.87536148064072,neutral,7,1,night,1,1,interested,1,1
4,50.74026462093497,them,5,0.11,76.21080483129953,enthusiastic,3,1,day,1,0,casual,0,1
48,45.568117029793854,me,54,0.96,55.70710045634075,neutral,6,1,night,1,1,casual,0,0
43,17.036097115314885,me,194,0.09,9.544136474409942,neutral,3,0,day,1,1,dry_texter,0,1
36,14.149986355902858,them,103,0.52,49.07268514140249,dry,9,0,day,0,0,dry_texter,0,1
41,42.867346440737215,me,92,0.54,67.83929064721079,dry,1,1,day,0,0,dry_texter,0,0
45,32.346735873777575,me,130,0.46,110.45668413262564,dry,6,1,night,0,0,ghoster,0,0
49,49.99921349553399,them,146,0.88,103.03102155373192,enthusiastic,10,0,day,0,0,dry_texter,0,1
39,2.5690300085598325,them,164,0.29,13.641079595508382,neutral,0,1,night,1,0,interested,0,1
19,47.427222766490104,me,119,0.49,92.21588932185041,neutral,5,1,night,0,1,ghoster,0,1
10,11.72223847697666,them,18,0.65,75.59174539133113,dry,0,1,night,0,1,ghoster,1,1
20,46.88058095925564,them,190,0.72,30.666754719956224,dry,8,0,day,0,1,interested,1,1
21,38.40151145205012,me,188,0.12,104.24822700980515,neutral,1,0,night,1,0,ghoster,0,1
4,29.106811160882657,them,111,0.46,13.116682860979791,neutral,8,1,day,0,1,interested,1,0
30,60.03157862539715,me,5,0.33,115.03561598450884,enthusiastic,1,0,night,1,1,dry_texter,0,1
35,50.93945257812382,them,94,0.58,7.2143388087810605,neutral,4,0,night,1,0,dry_texter,0,1
47,51.049482640415846,me,52,0.85,45.63997637322491,enthusiastic,5,0,night,1,1,dry_texter,0,1
36,5.423434901701903,me,77,0.12,63.54067991523427,enthusiastic,3,0,day,1,0,ghoster,0,1
13,59.238912485134136,me,96,0.01,78.44957763078283,dry,2,0,day,1,1,casual,0,1
10,1.151198705684381,them,103,0.5,5.602928191761967,neutral,2,1,night,1,0,dry_texter,1,0
35,24.420225997607055,them,140,0.87,53.185849093368155,enthusiastic,10,0,night,1,0,dry_texter,0,1
1,18.800734263985635,me,59,0.33,80.42602299590095,dry,6,0,night,1,1,ghoster,0,1
6,6.472896828545037,them,47,0.42,28.045737363103807,dry,6,0,day,0,1,interested,1,0
11,10.844838276698098,them,119,0.5,89.453702902583,dry,4,0,night,1,1,dry_texter,0,0
41,40.99755986582457,them,181,0.61,55.58366176629347,neutral,6,0,night,0,0,ghoster,0,0
14,66.04584096179342,them,141,0.61,63.77644696222934,enthusiastic,5,1,day,0,1,casual,1,0
34,35.81654906224384,them,25,0.1,48.20043992865112,neutral,0,0,night,0,0,dry_texter,0,1
25,33.36657308917705,me,193,0.99,70.5052725695761,neutral,4,0,night,0,0,casual,0,0
22,54.41048165427446,me,35,0.72,115.30436560564046,dry,5,0,night,0,0,casual,0,1
14,2.844708258962621,me,187,0.78,80.72784314914965,enthusiastic,6,0,day,1,1,dry_texter,0,1
47,47.017782781867766,them,198,0.89,49.094849922020714,enthusiastic,2,1,day,0,1,interested,1,0
9,43.56485235542014,them,15,0.9,26.35216171767726,dry,2,1,night,1,0,interested,0,1
5,47.67226890003336,me,21,0.39,7.357080252091295,enthusiastic,3,0,night,1,1,interested,1,1
31,3.4146283827320723,them,80,0.2,94.85579441114989,dry,8,1,night,0,0,casual,0,1
49,49.73226535178122,them,138,0.44,110.75024365747835,neutral,6,1,night,1,1,casual,0,1
47,35.79484097045706,them,50,0.5,29.54901284927097,enthusiastic,6,1,night,1,0,dry_texter,0,1
17,56.237070496223915,me,57,0.55,18.927734302584163,dry,7,0,day,0,1,interested,0,1
13,15.509081469376577,them,11,0.06,33.14437116569798,dry,10,1,day,1,1,casual,0,1
4,68.42647583230904,me,199,0.05,39.44672567383077,dry,0,0,day,1,0,interested,1,1
37,8.492613046202504,them,110,0.15,69.32599205957904,enthusiastic,6,0,night,1,0,casual,1,1
18,11.163900474181354,me,102,0.71,31.65319344807583,neutral,9,1,day,1,1,interested,1,1
18,22.18153811457527,them,20,0.98,8.991057482700715,enthusiastic,8,0,night,1,1,dry_texter,1,1
48,63.148803876778594,them,86,0.47,29.56267717427472,neutral,5,1,day,1,0,interested,1,1
45,3.4701706413130546,me,40,0.04,39.94134392016967,neutral,1,1,day,1,1,interested,1,1
15,23.2785605713079,them,37,0.62,52.983838658462965,dry,2,0,night,1,0,ghoster,0,1
46,24.90194176373719,me,154,0.03,50.008099644884325,neutral,8,0,night,1,1,dry_texter,0,1
33,47.426137875820665,me,44,0.79,62.42161411097848,dry,9,0,night,0,1,casual,0,0
38,28.035117741606435,them,79,0.43,66.9570894475459,dry,0,1,day,0,1,casual,1,0
48,36.733964985721016,them,120,0.65,41.53942324433459,dry,10,0,day,1,1,dry_texter,1,0
18,61.0036883579989,them,116,0.19,85.56737040726794,neutral,1,0,day,1,0,dry_texter,0,1
21,11.316145153121994,me,22,0.72,84.02224266922917,enthusiastic,7,1,day,0,0,casual,1,0
22,41.9345542682889,them,78,0.28,30.619601331825937,neutral,1,0,day,1,1,casual,0,1
6,2.868657837846632,me,54,0.72,56.0818232706763,enthusiastic,1,0,night,0,1,interested,0,0
20,3.2393002537436244,them,37,0.74,65.91423481888286,dry,6,0,day,0,1,casual,0,1
42,24.360594383798823,me,196,0.27,109.13770442655378,enthusiastic,1,0,night,1,1,casual,1,1
21,30.737577116567156,them,135,0.17,26.104179869297802,dry,2,0,day,1,0,dry_texter,0,1
28,2.1924337615166767,me,28,0.61,6.174040084930706,enthusiastic,1,1,night,0,1,dry_texter,0,1
31,55.63679266604612,them,182,0.87,60.95171982759747,enthusiastic,2,1,night,0,0,interested,1,1
31,27.857221986701088,them,171,0.61,88.86882347362251,enthusiastic,0,1,night,1,1,dry_texter,0,1
2,48.13728542940841,them,183,0.78,38.41592963782572,enthusiastic,2,1,day,0,1,ghoster,0,1
17,54.25490786196289,them,162,0.61,49.5266574121142,dry,9,1,night,0,1,casual,1,1
19,10.009955586016275,me,111,0.88,24.369313608798727,enthusiastic,4,1,day,1,1,interested,1,1
45,15.68500933870898,them,85,0.48,35.87637485650201,dry,0,1,day,1,0,ghoster,0,1
1,66.60504505712505,them,189,0.56,69.56875541548781,enthusiastic,6,1,night,0,0,dry_texter,0,0
20,70.98081516754151,me,34,0.07,30.310959942540936,dry,4,1,day,0,1,casual,0,1
43,2.142162070372902,me,62,0.02,39.83844651943276,neutral,8,1,day,1,1,ghoster,0,1
1,31.54371534087991,them,29,0.97,51.567948208220784,neutral,4,0,night,1,1,ghoster,0,0
1,42.895937076156436,me,37,0.5,26.149032780814416,neutral,3,1,night,0,1,interested,1,1
40,18.059182224475848,them,45,0.09,58.013527123814676,enthusiastic,3,1,day,1,1,dry_texter,1,1
25,11.69412871470662,me,107,0.19,19.608444550451548,neutral,6,0,night,0,1,ghoster,0,1
37,10.664124361546754,me,51,0.05,59.20254302055415,neutral,1,1,day,1,1,casual,1,1
47,19.568823825358706,them,88,0.82,10.685545249898293,enthusiastic,7,1,day,0,1,dry_texter,1,0
12,53.3688691883136,them,89,0.94,108.54454135442684,dry,8,0,day,1,1,dry_texter,0,1
38,13.885631178031117,me,175,0.98,61.298401292485536,neutral,8,0,day,0,0,casual,1,1
33,2.9972523231253794,them,91,0.53,26.003029695782715,enthusiastic,5,1,night,0,1,dry_texter,1,1
15,54.4725616720026,them,71,0.65,56.993841227762964,enthusiastic,2,0,night,0,1,ghoster,0,1
3,58.33793937665038,me,91,0.22,10.772355419058231,dry,1,0,day,1,1,casual,0,1
20,42.895375252022724,me,130,0.4,52.456437053715845,enthusiastic,7,0,night,0,0,interested,1,0
15,0.3800884339205819,me,66,0.83,2.247704883227846,dry,7,0,night,0,1,casual,0,1
21,65.32362884312202,them,141,0.82,4.870959823174508,enthusiastic,2,1,night,0,1,ghoster,1,1
15,69.66298678629573,me,134,0.82,82.59398226101538,neutral,7,0,night,0,0,ghoster,0,1
7,32.34262728788014,me,120,0.45,25.027245371889776,neutral,1,0,night,1,1,dry_texter,0,1
31,67.04749236363978,them,146,0.21,62.995552966620984,neutral,2,1,day,1,0,ghoster,0,1
20,60.823673281098976,me,117,0.4,73.8733022144242,enthusiastic,10,0,day,1,0,casual,0,1
23,15.325021300923623,me,104,0.19,35.548769682658154,dry,9,0,day,1,1,interested,1,1
43,24.23598348607006,me,79,0.97,110.23188433558134,neutral,0,0,day,1,1,casual,0,1
10,35.99791691150117,me,107,0.02,83.21157130091561,enthusiastic,1,0,day,0,1,ghoster,0,1
47,60.08362617330275,me,118,0.83,108.509422174513,dry,5,0,night,0,0,dry_texter,0,0
50,65.61694243319724,them,23,0.32,68.35009760625256,enthusiastic,7,0,night,0,0,casual,0,1
34,43.11589309030621,me,184,0.82,25.024991459559416,dry,1,0,night,1,0,interested,0,0
7,11.09482013673097,them,30,0.13,57.45838566445799,enthusiastic,4,0,day,1,1,casual,0,1
27,18.33264900484142,them,24,0.28,39.85497107395392,enthusiastic,7,0,night,0,1,dry_texter,0,1
9,50.489872066456016,me,189,0.74,55.4073409361281,enthusiastic,4,1,night,0,1,casual,0,1
47,66.73785852100161,them,167,0.03,23.0251489122095,neutral,5,0,day,0,0,interested,1,1
47,61.270425563303334,me,84,0.68,58.25379553651357,dry,6,0,day,1,0,dry_texter,0,1
39,5.165840724975014,them,4,0.37,57.0346850659528,enthusiastic,9,0,day,1,1,casual,1,0
44,30.779829945347007,me,149,0.11,57.017936401615565,neutral,5,1,day,0,1,casual,0,1
1,61.91718541814926,me,58,0.86,17.547692515122527,neutral,3,0,day,1,1,interested,0,1
31,26.09142934195765,me,104,0.9,45.59903826335317,dry,5,0,day,0,0,dry_texter,0,0
2,19.09026115124723,them,52,0.31,56.21638003546643,enthusiastic,4,1,night,1,0,dry_texter,0,1
1,63.786019514836866,me,164,0.56,91.4818892684155,enthusiastic,5,0,day,1,1,interested,0,1
7,56.040073161258945,me,168,0.89,66.18525513540898,enthusiastic,8,0,night,0,1,dry_texter,0,1
17,12.51840407775385,them,143,0.65,15.034092174504506,neutral,5,1,day,1,1,interested,0,1
6,41.30623233321125,me,12,0.69,36.18978276670274,dry,10,0,day,1,1,dry_texter,0,0
20,16.947560095527983,them,174,0.54,97.07210287121495,dry,8,1,night,0,0,casual,0,1
9,26.85273050898366,me,129,0.21,50.19865598097402,enthusiastic,2,1,night,0,0,ghoster,1,1
8,37.95420356254024,them,85,0.69,56.293332451202794,dry,4,1,day,0,0,dry_texter,0,1
10,63.37151235287183,me,166,0.21,89.96952564938643,neutral,6,1,night,1,0,dry_texter,0,1
33,7.47480779330234,me,82,0.18,93.4973399750968,enthusiastic,9,0,day,1,1,dry_texter,1,1
40,49.10924579679488,me,188,0.86,107.65339953240236,neutral,9,1,day,0,1,interested,1,0
37,43.089657283151226,them,29,0.91,31.50760869830536,neutral,9,1,day,1,0,dry_texter,0,1
29,30.60017366033191,them,145,0.46,107.18278630183865,dry,9,0,day,0,0,casual,0,0
30,3.5647009872938105,me,159,0.44,78.91951006861325,neutral,3,1,day,1,0,interested,0,0
43,51.90312786941355,me,132,0.75,17.53973693091426,enthusiastic,10,1,day,1,1,interested,0,1
38,7.515770736584594,me,105,0.17,17.318760974110642,enthusiastic,1,1,day,0,0,casual,1,0
4,16.94981044309655,me,139,0.27,24.6074037655681,dry,6,1,night,0,0,ghoster,0,1
8,11.644132074477401,them,77,0.1,107.6113770351799,dry,7,1,night,1,0,ghoster,1,1
32,61.166368895373914,me,173,0.84,88.64804906178749,neutral,5,0,night,0,1,interested,1,0
45,63.64754278961248,me,164,0.56,22.212626848938744,dry,2,0,day,0,1,interested,1,0
7,1.125856609661036,me,26,0.83,72.3860639970084,enthusiastic,0,0,day,0,1,interested,1,1
48,2.3398064577871818,them,115,0.12,16.08804759814783,dry,10,1,day,0,0,interested,1,0
1,37.62650945638287,them,139,0.31,60.28410402150246,neutral,4,1,day,0,0,casual,1,1
10,4.983957572153441,me,97,0.85,108.10294223240194,neutral,4,1,night,1,1,dry_texter,0,1
29,50.2153663736967,them,106,0.92,95.01499255117518,dry,9,0,night,1,0,interested,0,1
6,5.406938503696393,me,26,0.56,15.461215998977487,dry,10,1,night,0,0,ghoster,1,0
45,15.979384669947677,me,167,0.0,118.07395564246453,dry,8,0,night,0,0,dry_texter,0,0
36,20.09244589924395,them,36,0.64,27.868966861473762,enthusiastic,3,0,day,0,1,dry_texter,1,1
41,52.18426100784016,them,88,0.94,26.276039825764546,neutral,6,1,day,1,0,interested,1,0
46,54.48519334157469,them,5,0.41,75.63672811673992,neutral,1,0,day,1,1,casual,0,1
41,4.087287391281209,me,6,0.48,19.350762000907068,dry,9,1,day,1,1,ghoster,0,1
50,50.789369713750844,me,71,0.07,45.19817251322645,dry,10,0,night,0,0,casual,0,1
33,62.913237155184426,me,174,0.48,75.33611383558696,enthusiastic,0,1,night,1,1,casual,1,1
3,14.204705005028972,them,4,0.61,118.67312278897258,neutral,7,1,night,1,0,casual,1,0
25,19.862862748254255,them,40,0.54,64.49728776520853,dry,0,1,night,1,0,ghoster,0,1
2,40.5351257670543,them,175,0.97,91.24505445545351,enthusiastic,6,1,night,1,0,dry_texter,0,1
13,40.19210664802979,me,181,0.18,13.38546260954135,dry,5,0,night,0,1,dry_texter,1,1
44,64.12249378291438,them,75,0.47,54.69684487883656,enthusiastic,0,0,day,1,1,dry_texter,0,1
28,60.987024479126674,me,53,0.18,45.943623785405286,dry,8,1,night,0,1,dry_texter,1,1
15,55.160231362232096,me,89,0.91,119.02688654610382,dry,0,1,night,0,1,ghoster,0,1
6,4.3289397107849625,them,128,0.08,56.451480863334965,dry,7,0,night,0,0,casual,1,1
18,37.92751742436803,me,167,0.18,40.22755632827688,dry,4,0,night,0,0,dry_texter,0,1
48,4.692198310534565,me,33,0.88,22.87507663854697,neutral,0,0,day,1,0,interested,0,1
38,1.9110198133380196,me,83,0.82,81.80159521713105,enthusiastic,10,0,night,0,0,dry_texter,1,0
12,63.776937826580365,me,103,0.23,49.773949941146256,enthusiastic,3,1,night,1,0,dry_texter,0,1
34,20.814742523108464,me,40,0.32,70.78158327147952,enthusiastic,1,1,night,1,1,casual,1,0
49,27.77206036879374,me,112,0.42,85.16217075890575,dry,2,1,day,0,0,dry_texter,1,1
48,56.31856765402082,them,146,0.71,69.78517373488565,enthusiastic,10,0,night,0,1,dry_texter,1,1
1,1.104584738764383,me,126,0.42,94.28350344173624,enthusiastic,4,1,night,0,1,dry_texter,0,1
37,68.46051432091933,me,48,0.3,27.90703689568809,dry,9,1,day,0,0,interested,1,1
38,25.51206337528902,them,7,0.5,64.58509115364546,enthusiastic,6,0,night,0,0,ghoster,0,0
45,1.7086515258464399,them,188,0.18,81.14245861232882,neutral,2,0,day,1,1,casual,0,1
35,10.652585045188431,them,123,0.43,5.79856140100657,neutral,8,0,day,0,1,dry_texter,0,1
17,21.285964905601812,them,48,0.53,86.78576001324097,enthusiastic,9,1,day,0,1,interested,1,0
32,6.993087588769295,them,129,0.3,8.627943114121576,neutral,10,0,night,1,0,interested,1,1
6,14.280726775016674,me,3,0.11,72.67915205433381,enthusiastic,9,0,day,1,0,interested,1,0
16,36.92271322779408,them,54,0.52,29.933191946278797,neutral,5,1,day,0,1,casual,0,1
4,28.010504857651593,me,108,0.34,49.98429459320938,neutral,7,1,day,0,0,casual,1,1
7,42.976574037045296,me,196,0.5,65.37029180987746,neutral,8,0,night,1,0,dry_texter,0,1
36,62.6739545676781,me,36,0.84,21.124426081436336,dry,6,1,night,1,1,casual,1,0
34,24.080043371223866,me,31,0.96,81.86464934885021,enthusiastic,9,0,day,0,1,casual,1,0
11,22.93883153021821,them,142,0.73,53.90789852302789,dry,6,1,day,1,0,ghoster,0,0
19,56.7439218158739,me,121,0.81,32.015192164726926,dry,10,1,night,0,0,dry_texter,1,1
27,58.73242808968951,me,161,0.12,62.18150870618266,enthusiastic,3,1,day,0,0,ghoster,0,1
40,35.86688212541927,me,70,0.33,59.58759924449214,enthusiastic,2,0,night,0,1,interested,0,0
45,30.790364565016592,me,6,0.54,89.63719028745042,enthusiastic,7,1,night,1,0,ghoster,0,1
47,3.6335125326077984,them,10,0.42,34.209151107178904,dry,2,0,night,0,1,interested,1,1
21,35.716548030549234,me,66,0.6,108.97422110825525,dry,4,1,day,1,1,dry_texter,0,1
21,24.042965072596452,them,8,0.43,118.32540161909401,dry,0,0,day,1,1,dry_texter,0,1
50,26.346412141861055,me,31,0.9,88.52525547636999,neutral,1,1,day,0,1,casual,1,1
42,13.273061237187385,me,110,0.87,9.334261821980014,enthusiastic,2,0,day,0,0,interested,1,0
34,14.24887366236148,me,95,0.29,22.324215881539786,neutral,5,0,day,1,1,casual,1,0
34,21.84657050035371,me,84,0.76,89.09033897729357,enthusiastic,5,0,night,1,1,casual,1,0
40,22.931465940464683,me,16,0.86,53.80147291038193,neutral,2,1,night,0,1,ghoster,0,0
37,8.26271615897016,them,90,0.69,75.76882210335124,dry,0,0,night,0,1,casual,0,1
45,21.561164598628913,me,130,0.51,50.46242134487905,enthusiastic,10,1,day,1,1,casual,1,1
30,31.6189393741639,me,159,1.0,45.48541589500926,neutral,4,1,night,1,0,ghoster,0,1
48,63.168292862995436,them,140,0.27,8.33026148351671,dry,7,0,night,0,0,dry_texter,0,1
48,32.685148416362146,them,140,0.89,75.77483352439766,enthusiastic,3,1,night,1,1,interested,1,0
49,55.99028763837221,them,20,0.68,54.341447998382876,enthusiastic,9,0,day,1,1,interested,0,1
16,8.887957261826633,them,79,0.15,56.58122468101691,neutral,5,0,night,0,1,interested,1,0
49,24.631033151685223,them,48,0.4,110.06501437356722,neutral,5,1,night,0,1,casual,1,1
3,57.362524098890134,me,124,0.89,62.28858727314667,dry,10,1,day,0,1,casual,1,1
9,45.724817852514725,them,192,0.32,100.21999064848634,dry,5,1,day,1,0,dry_texter,0,1
8,50.60974903062446,them,11,0.52,91.92644764005918,neutral,0,0,day,1,1,dry_texter,0,1
13,1.2607386458401137,them,81,0.92,17.84099359024482,dry,8,1,night,1,1,interested,1,1
4,63.241413011720056,me,157,0.04,98.41051442017286,enthusiastic,7,1,day,1,0,dry_texter,1,1
21,44.705226903911964,me,15,0.57,49.87785125099985,enthusiastic,9,0,day,1,1,dry_texter,0,1
38,28.674824500449922,them,7,0.73,118.25802848843914,dry,0,1,night,1,0,casual,0,1
42,25.981571481840042,them,102,0.91,96.2686268837007,enthusiastic,2,0,night,0,1,casual,1,0
40,32.35112799525597,them,56,0.97,11.116084088601085,enthusiastic,4,1,day,1,1,interested,1,1
43,56.32109547479203,them,37,0.02,2.6023490175532147,neutral,9,0,day,0,0,dry_texter,1,1
30,45.96704130925922,them,96,0.02,85.80913835897015,enthusiastic,4,0,night,1,0,interested,1,1
49,71.15516254386112,them,149,0.05,91.36684293301097,neutral,10,0,day,1,0,casual,0,1
34,61.12529203673277,me,69,0.87,72.16266959291669,enthusiastic,3,0,night,0,0,ghoster,1,1
38,57.097818706078236,them,110,0.44,18.53053737021612,neutral,8,0,day,1,1,interested,0,0
27,17.672817195500684,me,136,0.5,8.572423704787264,neutral,8,0,night,1,1,ghoster,0,1
41,59.68967926743384,them,167,0.47,38.58428342792731,neutral,0,1,night,1,0,casual,0,1
47,69.74466148662941,me,147,0.49,95.01391093290786,enthusiastic,3,0,night,0,0,dry_texter,0,1
46,10.437880528200616,them,47,0.17,26.11407132332159,neutral,1,0,night,0,1,dry_texter,0,1
13,11.744384729599666,me,198,0.46,65.67039063345943,dry,9,1,night,1,1,ghoster,0,1
1,40.73861213994304,them,9,0.68,68.86051283190082,dry,10,0,night,0,1,ghoster,0,1
25,68.7675296841972,me,151,0.84,85.41493543274196,neutral,3,1,day,1,1,dry_texter,0,1
39,43.9500839342428,them,37,0.52,118.8319663498616,neutral,1,0,night,0,0,casual,1,0
4,28.871761665277692,me,79,0.83,69.19435490506062,enthusiastic,5,1,day,1,1,interested,1,1
40,24.23663985652142,me,8,0.68,13.710647836716909,neutral,9,1,night,0,0,interested,1,1
6,50.70736524663307,them,135,0.82,14.581545700740824,dry,4,0,night,0,1,ghoster,0,1
8,57.345518164347304,them,141,0.93,95.58198014645305,dry,9,0,day,1,0,casual,1,1
41,69.39343392433923,me,79,0.1,69.34950240979859,dry,7,1,day,1,1,ghoster,0,1
39,0.011647436317238302,them,44,0.54,66.65544583114665,dry,6,1,day,1,0,ghoster,0,1
25,67.75553648172252,them,43,0.18,88.6301412741424,enthusiastic,10,0,night,0,0,dry_texter,1,1
37,21.341488755800818,me,79,0.74,106.0141291262524,enthusiastic,3,0,night,1,0,interested,0,1
12,46.144880491526806,me,111,0.8,51.43600565925486,neutral,9,0,day,0,1,casual,1,1
27,22.592361011757745,me,172,0.17,46.02149024464669,enthusiastic,7,0,night,0,0,interested,1,1
4,41.17655462826693,me,11,0.49,34.76533207871106,neutral,3,1,night,1,0,interested,0,0
34,28.485460305324715,them,87,0.94,115.6315954499561,neutral,8,0,night,0,0,dry_texter,0,1
21,42.998874975092804,them,94,0.05,50.587279798462276,enthusiastic,4,1,night,0,1,interested,1,0
15,65.83189439910535,me,138,0.6,115.28925346983341,enthusiastic,0,1,night,1,1,interested,1,0
21,47.15514941221967,me,55,0.75,111.18932996302617,enthusiastic,4,0,day,0,1,dry_texter,0,1
10,39.6420099997385,me,85,0.31,21.802352723659784,neutral,3,1,day,1,0,casual,0,0
14,48.348458944216894,me,158,0.49,115.78842001214956,dry,7,0,day,0,0,interested,0,1
28,51.282398913051566,me,120,0.88,97.5179085399977,dry,5,0,day,0,1,casual,0,1
29,18.662109507633286,me,119,0.15,106.49753967658616,neutral,3,1,night,0,0,casual,1,0
33,67.6601676588649,me,33,0.22,39.49649110934918,enthusiastic,1,1,day,0,0,interested,1,1
38,54.76163905373318,them,145,0.41,101.96235658780354,enthusiastic,3,1,night,0,0,casual,1,1
5,55.53063375695569,them,108,0.45,112.16598439322935,neutral,2,0,night,0,1,dry_texter,0,1
38,22.382640087529023,me,67,0.92,80.19590150777817,dry,2,0,night,1,1,interested,1,0
2,27.862971167555784,me,71,0.01,45.97528529976291,enthusiastic,9,1,night,0,0,casual,0,1
42,17.47239038787495,me,98,0.84,57.81857966847922,neutral,8,1,day,0,1,dry_texter,1,1
28,9.293791794439855,me,177,0.23,55.522452669987146,enthusiastic,9,1,night,0,1,ghoster,1,1
20,5.266837569449291,them,109,0.24,77.04459188333303,neutral,7,0,night,1,1,interested,1,0
10,41.79322490766551,them,67,0.27,101.18928394499132,dry,9,1,day,1,0,casual,0,1
49,11.851333853399394,them,169,0.98,70.9095988433283,neutral,6,1,day,0,0,casual,0,1
27,30.077851731477153,me,178,0.7,111.20477105262636,dry,4,1,day,0,1,interested,0,0
7,61.84885817976719,me,151,0.55,38.891933145811926,neutral,4,1,day,1,0,interested,1,1
37,8.114394054557303,me,42,0.77,47.07577518561369,neutral,6,0,night,0,0,casual,1,0
37,49.50221260237109,me,134,0.55,73.71755782052335,dry,2,1,day,1,1,ghoster,0,1
34,58.274678221601874,me,64,0.06,40.85494763669926,enthusiastic,3,0,night,0,1,dry_texter,0,1
13,38.943975281855586,me,168,0.8,67.35257461264567,dry,1,1,night,0,0,casual,0,0
41,17.606127869076296,them,149,0.25,90.2230311567617,enthusiastic,3,1,night,0,1,interested,0,0
34,18.106788122273073,them,1,0.59,104.22572390714889,dry,1,1,night,0,0,casual,1,1
8,69.52550660798515,me,144,0.64,53.13507252448365,enthusiastic,9,1,day,0,0,ghoster,1,0
14,55.38137419482822,them,132,0.54,25.602562764217506,dry,2,1,day,1,1,casual,0,1
33,47.18923164172014,me,173,0.53,9.140858419330499,dry,5,1,night,1,1,casual,0,0
21,35.45138310503808,them,39,0.47,16.2384592108707,dry,3,0,day,1,0,interested,0,0
17,16.81569486253483,me,79,0.5,99.04269177801267,enthusiastic,8,1,night,0,0,ghoster,0,1
31,2.2020737706246303,me,19,0.08,97.46648740606975,dry,4,0,night,0,0,interested,1,0
20,3.3765773034872293,them,32,0.52,113.3810176844927,enthusiastic,3,1,day,1,1,casual,1,1
3,25.542148480395188,them,64,0.39,8.79936959861415,enthusiastic,1,0,day,1,1,ghoster,0,1
11,47.579619037301434,me,129,0.72,116.85451810076366,neutral,10,1,day,1,1,ghoster,0,1
3,39.46090411717644,them,160,0.94,38.317251065281475,enthusiastic,10,1,night,1,1,interested,1,0
43,64.641053435365,them,180,0.53,70.72778164527494,dry,0,0,night,1,0,casual,0,1
28,15.553213797919156,them,35,0.4,11.705222946698864,dry,7,0,night,1,1,interested,1,1
19,58.328720643275474,them,51,0.99,85.43747856765694,enthusiastic,6,1,night,1,0,dry_texter,0,1
26,40.48701023184622,me,166,0.31,89.74892391995483,enthusiastic,2,1,night,0,0,dry_texter,1,1
48,59.75214508905945,them,34,0.61,5.322913805798079,neutral,4,1,night,0,0,interested,1,0
31,65.78045224139922,them,46,0.38,92.45106147496872,dry,3,0,night,1,1,casual,0,0
37,28.99520342952951,me,139,0.47,83.36644957533436,dry,3,1,day,1,0,ghoster,0,1
27,31.37345416113154,me,185,0.08,13.271452123865004,neutral,4,1,day,0,1,dry_texter,0,1
14,21.03733101121101,them,189,0.3,105.12153461834315,dry,2,0,day,1,0,casual,1,1
39,22.79194780338781,me,132,0.18,29.497794767734394,neutral,7,1,night,0,0,interested,1,1
35,12.46063496541494,them,74,0.53,26.18308534873033,dry,1,0,night,1,0,interested,1,1
4,55.03441915614407,them,140,0.39,56.645555230403176,neutral,2,0,night,1,1,dry_texter,0,1
18,46.27288925225592,them,144,0.14,48.09722224526586,neutral,9,1,night,1,1,interested,0,0
1,8.836922984459914,me,102,0.46,84.867598675251,neutral,5,0,night,1,1,casual,0,1
23,36.954989710011475,me,112,0.12,94.47930727387141,enthusiastic,6,1,night,1,1,casual,0,1
50,66.7948927128492,them,148,0.95,35.09047020506529,neutral,6,1,day,0,1,ghoster,0,1
39,27.149331125499195,me,24,0.64,89.0069872355228,enthusiastic,2,0,day,0,0,interested,1,0
12,62.53293651013065,me,39,0.51,45.50760387089302,neutral,3,1,day,1,1,ghoster,0,1
30,41.38854482577434,me,39,0.45,51.531097239468224,enthusiastic,9,0,day,1,0,interested,0,1
38,25.051162526258704,me,172,0.6,67.98852808440266,enthusiastic,8,1,day,1,1,casual,1,1
11,37.05456719498632,them,148,0.03,33.72900233342212,neutral,10,1,night,1,0,interested,0,1
26,64.32747751038058,them,76,0.37,70.56084345666278,enthusiastic,8,0,day,1,1,ghoster,0,1
43,48.004957851388646,me,107,0.28,108.91499077688916,enthusiastic,10,0,day,0,1,interested,0,0
2,21.62599070198993,me,34,0.33,93.5629809327072,enthusiastic,5,0,day,0,0,dry_texter,1,1
42,7.646305375932,them,82,0.98,84.62231825976764,neutral,2,1,night,0,1,casual,0,0
13,39.30507847493895,them,74,0.78,70.49971769394243,neutral,2,0,day,1,1,interested,0,1
32,70.40824371472418,them,169,0.35,10.316277554608984,enthusiastic,10,1,night,0,1,interested,1,1
23,69.01986657260251,me,112,0.77,82.09822945392679,enthusiastic,1,1,day,0,0,interested,1,1
7,21.511425182832497,them,135,0.16,62.35822677942484,dry,9,0,day,0,0,dry_texter,0,0
6,3.3383116286694268,me,26,0.21,73.50351009539146,dry,2,1,day,1,1,ghoster,1,1
23,27.849611121148165,them,116,0.32,62.46714002468926,neutral,7,0,night,0,0,dry_texter,1,1
8,36.60177612189465,them,71,0.94,10.666104000307975,neutral,4,1,day,1,0,casual,0,1
49,65.3190194234973,me,12,0.53,107.10354753050576,neutral,7,1,night,0,1,ghoster,0,1
42,10.680386105066582,me,71,0.36,94.2366726760794,dry,1,0,day,1,1,interested,1,0
16,22.409711038202385,them,1,0.08,51.80358965415711,dry,1,1,day,1,0,interested,1,1
8,22.507322728245867,them,183,0.14,81.92065613712566,dry,2,0,day,0,1,interested,1,1
23,69.60299982145152,them,128,0.67,23.34387463736154,neutral,6,1,day,0,0,dry_texter,0,0
38,35.41999006082587,me,57,0.25,83.64841166888628,neutral,10,0,night,1,1,ghoster,0,0
38,16.172804739883123,them,5,0.72,118.78511903191578,enthusiastic,8,1,day,0,0,interested,1,1
29,6.791690585378455,me,185,0.77,69.08729074246608,dry,5,0,day,0,1,casual,1,1
46,20.09903611739633,them,104,0.2,87.75257018748799,dry,5,1,day,1,1,casual,1,1
46,21.4018817106617,them,1,0.87,64.25745931040578,neutral,7,0,day,0,1,interested,1,0
29,42.65962795949497,them,117,0.98,118.57521797728634,neutral,3,0,day,1,0,casual,0,1
22,25.615117828884927,them,52,0.39,43.415251624122945,neutral,5,0,night,1,0,ghoster,0,0
31,44.00180030301776,me,107,0.53,101.00248106872402,neutral,2,0,night,0,1,interested,0,0
45,41.249726348245986,me,1,0.76,76.06467543760124,dry,7,1,day,1,1,ghoster,0,1
34,50.04682797607602,me,36,1.0,113.68927077147005,neutral,3,1,day,1,1,dry_texter,0,1
29,15.826309728525622,them,139,0.86,3.964434305149812,neutral,10,1,day,1,1,dry_texter,1,1
39,49.95467359855387,them,1,0.26,78.21930260043993,neutral,2,0,day,0,1,ghoster,0,1
40,65.24974566791032,them,30,0.49,98.60391983472513,dry,6,0,night,1,1,casual,0,1
33,22.497306040790026,me,123,0.41,109.69784207222335,enthusiastic,8,1,night,0,1,dry_texter,0,0
3,6.87169149963728,them,112,0.71,97.68151652496086,enthusiastic,8,1,day,0,0,dry_texter,1,0
19,59.936511768670975,them,181,0.54,107.90740302703384,neutral,8,1,day,1,0,interested,0,0
14,45.15688027908484,me,154,0.91,30.00930746717922,enthusiastic,3,1,day,0,1,interested,0,0
49,69.14754785772023,me,51,0.04,77.04103961637529,dry,7,0,night,1,1,dry_texter,0,1
21,22.515780774292438,me,55,0.61,106.99037791351643,dry,1,0,day,0,1,interested,0,0
36,2.520671191351468,me,173,0.11,118.25633640198626,neutral,10,1,day,1,0,dry_texter,1,0
23,19.600767175537197,me,18,0.11,21.741637640678864,enthusiastic,1,0,day,0,0,ghoster,1,0
12,32.28678230403846,me,23,0.68,48.3881907383172,enthusiastic,8,1,day,1,0,interested,0,0
18,71.76383512258334,them,38,0.47,70.98398195226942,dry,0,0,night,1,1,casual,0,1
43,69.25575588843647,them,73,0.79,77.15254556816409,dry,0,0,day,1,1,casual,0,1
32,70.19523538448641,them,6,0.89,3.394586120457335,neutral,7,1,night,1,1,interested,0,1
19,12.16940719206239,me,97,0.02,22.038454143659845,dry,8,0,night,0,0,interested,1,1
39,38.05126631206407,them,182,0.04,54.50689946806751,enthusiastic,1,1,day,0,1,interested,1,1
47,48.05984026236173,me,139,0.47,27.34134861633878,enthusiastic,6,1,day,1,1,dry_texter,0,1
42,7.053213687696236,them,177,0.94,39.98722460672212,enthusiastic,8,0,day,1,0,dry_texter,1,1
43,33.39340084140728,them,199,0.38,71.04345432016814,dry,3,0,day,1,0,ghoster,0,1
44,69.74913476576239,me,105,0.99,14.958912185554102,neutral,1,0,day,0,0,ghoster,0,0
6,40.96033716079397,me,115,0.49,40.84621213521045,enthusiastic,3,1,day,0,1,ghoster,0,1
1,52.942855502880576,them,146,0.76,105.54115354818194,neutral,7,1,night,1,0,casual,1,1
31,6.744951935613113,them,189,0.12,37.32910663295241,enthusiastic,5,1,day,0,0,casual,1,1
2,65.49080997929977,me,52,0.89,12.304634036804197,dry,0,0,day,1,0,ghoster,0,1
12,64.38715566584769,them,172,0.09,37.17541724668442,neutral,1,0,day,1,1,ghoster,0,1
3,29.254445989652723,them,113,0.74,93.70728401302868,dry,8,0,day,1,0,interested,0,0
28,61.158528592903146,me,30,0.97,45.3364976553078,dry,9,1,night,0,1,ghoster,0,1
32,40.180635693364934,me,20,0.23,43.93545953708998,dry,2,0,night,0,1,interested,0,1
5,53.15752062740905,them,160,0.25,101.22338667668161,dry,7,1,night,1,0,ghoster,0,1
1,34.761570227167375,them,176,0.77,80.70500841959844,enthusiastic,1,0,day,0,1,ghoster,0,1
35,56.47189947318518,them,151,0.04,65.06238016815404,dry,5,0,day,0,0,dry_texter,0,1
20,52.889965794906956,them,104,0.72,94.9353140954297,dry,2,1,night,0,1,ghoster,1,1
34,32.3763595511613,them,114,0.08,75.24371566644675,neutral,10,0,night,0,0,dry_texter,0,1
12,29.984977607527526,them,173,0.48,119.00209070956332,enthusiastic,8,0,day,1,0,casual,1,0
13,25.16977961371292,them,33,0.02,19.344290910627315,dry,3,0,night,1,1,interested,0,1
15,66.60466232722472,me,85,0.27,98.92455230602111,dry,3,1,day,0,1,ghoster,0,1
50,66.09307559343847,them,89,0.41,71.27376439982528,enthusiastic,5,0,night,0,0,dry_texter,0,0
5,13.499727777168019,me,118,0.76,17.2706669038709,neutral,6,1,day,0,0,casual,0,0
1,14.944067293850472,them,121,0.49,70.85020458273472,dry,6,0,night,1,0,interested,1,1
45,7.599085397643723,them,128,0.85,7.593683546791013,enthusiastic,5,0,day,1,0,ghoster,1,0
49,9.09100382787587,me,137,0.66,81.9792761238109,dry,3,0,night,1,1,dry_texter,0,1
8,47.30288925959454,them,113,0.5,48.04386018057097,neutral,5,0,day,1,1,interested,0,0
41,51.32892559815586,them,125,0.33,71.20468385052709,enthusiastic,6,1,night,1,1,interested,1,0
45,32.45903520142344,me,14,0.52,100.64005735186589,enthusiastic,4,1,night,0,0,casual,1,1
41,54.45345004404406,me,45,0.77,79.69571781824277,dry,0,1,day,1,0,ghoster,0,1
32,12.194193551688699,them,174,0.44,92.01291686394362,neutral,9,0,day,1,1,interested,1,0
25,6.148383572652198,me,4,0.29,87.34604405921854,neutral,6,1,night,1,1,interested,1,1
38,66.25097078943033,them,65,0.79,5.634300220220902,enthusiastic,4,0,day,0,1,casual,1,1
14,60.09162514134267,me,7,0.6,10.60079589970724,dry,2,0,night,1,0,interested,0,1
20,48.84299717451489,me,93,0.38,113.6599285538546,enthusiastic,9,1,day,0,0,dry_texter,0,1
44,39.201024934450444,them,43,0.73,83.26740664944461,dry,9,1,day,0,0,ghoster,0,1
37,25.259078279638796,me,73,0.8,109.17072706270211,dry,9,1,day,0,1,casual,1,0
41,7.621135236728135,them,65,0.3,67.21079971778457,dry,2,0,day,0,1,ghoster,0,1
6,0.25278339721084997,them,178,0.94,8.219760751610306,enthusiastic,8,1,day,1,1,casual,0,0
28,12.761717496153413,me,142,0.52,58.53034609814913,enthusiastic,8,0,night,0,0,casual,1,1
14,45.89447574170349,me,179,0.33,89.30681476027631,enthusiastic,3,0,day,1,1,casual,0,1
12,13.063786895382469,me,31,0.49,7.580003625461538,enthusiastic,8,0,day,1,1,casual,0,0
24,31.197135145832604,them,198,0.43,107.7445199383758,enthusiastic,0,1,day,0,1,casual,1,1
16,46.0640081934648,me,194,0.55,61.76006005854079,neutral,7,1,night,1,0,casual,0,1
39,52.01429913986564,them,152,0.41,23.760693401835994,enthusiastic,4,1,day,1,0,dry_texter,0,1
45,9.341027342910213,me,167,0.1,18.796211834659655,dry,3,1,night,0,1,interested,1,1
8,44.08845042631947,them,76,0.91,101.28618341547906,enthusiastic,8,0,day,0,0,interested,1,0
42,7.0682806046517515,them,21,0.76,98.64630230854372,dry,8,0,night,1,1,interested,1,1
8,15.354048088007882,me,81,0.75,86.36913701575202,enthusiastic,4,1,night,0,0,dry_texter,1,0
9,65.54330209233709,me,70,0.66,20.944195883367872,dry,2,1,day,1,0,interested,0,1
50,39.230368837475076,them,120,0.28,101.93721482469189,dry,1,1,day,0,0,ghoster,0,1
10,22.75949156496491,me,121,0.09,89.8553709872996,neutral,5,0,day,0,1,ghoster,1,1
45,49.62993063900385,me,176,0.89,39.786632264769175,dry,7,0,day,1,1,dry_texter,1,1
14,31.205552980151655,me,28,0.26,113.58510399043124,dry,5,0,night,1,0,casual,0,1
16,3.8461866337925086,them,191,0.38,18.530035503377768,dry,4,0,day,1,0,ghoster,1,1
16,20.839422319489113,me,192,0.06,92.10737847712127,dry,1,0,night,1,0,interested,1,1
4,47.94454130341349,me,83,0.13,75.85056561732858,neutral,4,0,night,1,0,casual,1,1
8,24.825263193492532,them,97,0.5,37.63044322081142,dry,3,1,night,1,1,interested,1,1
35,48.23852391883247,me,14,0.29,65.41626175400135,dry,9,0,day,1,0,ghoster,0,1
25,10.316158370539071,me,144,0.78,61.558992739743765,dry,10,1,day,0,0,ghoster,0,1
16,70.91817555569193,them,124,0.48,51.984080516867984,dry,0,1,day,1,1,interested,0,0
47,54.71708398009596,me,85,0.15,96.71831185444853,neutral,8,1,night,1,1,casual,0,1
43,48.60967438070845,them,146,0.17,8.8440176424925,neutral,5,0,day,0,0,dry_texter,0,1
2,60.451140181859934,me,26,0.29,2.767762227704454,enthusiastic,7,0,day,1,0,interested,0,1
25,26.857739386720297,them,137,0.18,13.35052304300166,neutral,10,0,day,1,0,ghoster,0,1
41,40.661552774294236,me,1,0.75,91.41524277064937,neutral,3,0,day,0,1,ghoster,0,1
41,50.663892123936364,them,30,0.66,34.22078122749734,dry,1,1,day,1,1,dry_texter,0,1
17,35.745219947014334,them,53,0.36,111.82300383769935,neutral,2,0,day,1,1,ghoster,0,1
28,10.328093251062379,them,102,0.1,90.94334368167165,enthusiastic,0,1,night,0,1,ghoster,1,1
6,20.01657397037016,me,78,0.24,4.094529558365627,dry,3,0,night,1,1,ghoster,0,1
28,22.474755710811152,me,116,0.1,100.9114677025167,neutral,0,1,day,0,1,interested,1,1
3,71.47666648197897,them,26,0.63,64.67917349383525,enthusiastic,4,0,night,1,1,interested,0,0
22,66.1288947254145,me,172,0.95,19.49665121141346,dry,2,0,night,1,1,dry_texter,0,1
29,38.08285234265952,me,4,0.11,29.266384678436264,neutral,3,1,day,1,0,interested,1,1
41,49.83910076269063,me,167,0.93,102.70614952354632,neutral,10,0,night,1,0,interested,0,0
37,31.034735440363583,them,37,0.99,70.81405668635783,enthusiastic,9,1,day,0,0,interested,1,0
7,43.37068877390265,them,108,0.15,54.27201146110992,enthusiastic,9,1,night,1,1,ghoster,0,1
22,53.7222560907287,them,147,0.35,95.28305160957349,neutral,6,1,night,1,0,casual,0,1
39,36.36401496242462,me,160,0.46,116.02216778598539,enthusiastic,2,0,night,1,0,ghoster,0,1
50,38.788817892621864,me,111,0.36,53.93655630288341,dry,10,0,day,1,0,interested,0,0
26,21.81823508694819,me,6,0.36,44.325166883284744,neutral,8,0,night,0,1,interested,0,1
40,25.69942700550564,me,117,0.91,60.381995736365944,neutral,2,1,night,1,1,casual,0,1
30,18.63991534366631,me,145,0.64,71.37416467218321,dry,10,1,day,1,1,interested,1,1
8,44.19097544486735,me,3,0.97,80.60036715336791,neutral,8,1,day,1,1,interested,1,0
30,34.36046918024044,me,14,0.28,85.72352173036828,dry,9,0,night,1,0,interested,1,1
36,12.481448562574547,them,161,0.8,97.27736256221101,enthusiastic,5,0,day,0,1,ghoster,0,1
23,11.107180935119038,me,5,0.77,60.987635221862874,neutral,10,1,day,1,1,interested,1,1
24,8.581451320052814,them,10,0.05,31.478205679958872,neutral,9,1,day,1,0,interested,1,1
22,60.78029124985568,them,149,0.93,47.003099961862716,neutral,10,1,day,1,1,casual,0,1
26,70.18740595007262,me,77,0.78,42.78254522281172,neutral,10,1,night,0,1,dry_texter,0,0
12,22.40474340685906,me,49,0.28,4.485617026604969,dry,7,1,night,0,0,interested,0,0
21,20.2207207333711,me,147,0.36,36.65007374000632,dry,1,0,night,1,1,interested,1,1
50,45.2571823419845,them,178,0.22,78.87299180151437,dry,4,0,night,0,0,dry_texter,0,1
17,27.91135702984153,me,49,0.16,97.06385382165752,enthusiastic,8,1,night,1,1,dry_texter,1,0
49,65.88839884286887,me,167,0.23,28.52581923181608,neutral,2,0,night,0,0,interested,0,0
14,38.95616885544108,me,138,0.06,85.3876016488217,dry,6,0,night,1,0,casual,0,1
26,33.78161708166978,me,71,0.96,50.60619558898152,neutral,0,1,day,1,0,interested,1,0
19,39.599029862696845,me,104,0.62,85.74900891875922,neutral,6,0,night,0,1,casual,1,1
42,51.67595212611838,them,174,0.09,51.93489583372218,enthusiastic,3,0,night,1,0,ghoster,0,1
25,62.75403425529269,them,175,0.41,33.42355249661701,dry,9,1,night,0,0,dry_texter,1,0
33,44.205765208434094,me,95,0.28,111.7074024185777,dry,0,0,night,1,1,dry_texter,0,0
11,13.39988254338085,me,158,0.77,2.952749569523461,enthusiastic,2,1,day,0,0,casual,1,0
15,38.22072554523966,me,153,0.08,89.50937324310935,neutral,0,0,day,0,1,ghoster,0,1
44,13.5100653817792,them,76,0.92,39.98090821666888,enthusiastic,8,1,night,0,0,interested,1,0
10,33.69040535990897,me,191,0.26,73.39134953388358,dry,5,0,night,1,0,dry_texter,0,1
31,30.01285283067243,me,70,0.93,26.06056117312301,dry,3,0,night,0,1,dry_texter,0,0
46,9.77122036309386,them,94,0.61,8.710775790429182,dry,3,0,night,1,1,ghoster,0,1
28,10.75625727454323,them,74,0.04,41.36293143749223,neutral,8,0,night,1,0,casual,0,0
21,44.36551465325126,them,20,0.41,2.866424969761657,dry,1,1,day,0,0,dry_texter,1,1
43,21.32300733466,them,84,0.18,20.141316552375276,neutral,7,1,night,1,0,dry_texter,0,1
28,52.450354024002685,them,12,0.48,18.731786020789183,dry,2,1,night,0,0,ghoster,1,1
15,70.57295626866735,them,174,0.29,10.50658802542127,dry,9,1,night,0,0,dry_texter,0,1
31,25.896810911469217,them,156,0.8,85.99161139123271,dry,1,0,day,0,0,interested,1,1
41,14.470648299510668,them,47,0.74,97.09304054545045,neutral,4,0,night,1,1,dry_texter,0,0
30,14.74623586936903,me,15,0.92,50.53708352446982,dry,7,1,day,1,1,dry_texter,1,1
7,36.96301441178524,them,54,0.43,94.53845435172258,enthusiastic,10,0,night,0,1,ghoster,1,1
42,22.96822527506893,them,115,0.26,60.137924500262336,enthusiastic,10,1,night,1,0,interested,1,1
43,70.22222031393038,them,117,0.23,59.73781101754199,enthusiastic,1,0,night,1,1,dry_texter,0,1
9,3.487145968550389,them,33,0.8,96.64638072848902,dry,3,1,day,0,0,casual,1,1
43,39.90842856755199,me,105,0.9,74.00334559437847,enthusiastic,9,0,day,0,1,ghoster,0,1
27,34.651552507440435,me,75,0.66,96.84244520292188,enthusiastic,3,1,day,0,1,ghoster,0,1
44,29.168396273216942,me,111,0.49,20.496857568236845,neutral,4,0,night,0,0,casual,1,1
5,58.905720933736426,them,125,0.59,15.763687820842451,dry,6,1,day,0,0,ghoster,0,1
49,32.707163150530064,me,185,0.79,112.33314692863686,enthusiastic,0,0,night,0,0,interested,0,0
33,33.40892184278896,me,190,0.43,17.1323266208612,neutral,2,0,day,0,1,dry_texter,1,1
2,53.485313440913345,me,1,0.65,9.74411066774404,neutral,9,1,night,0,1,casual,1,1
23,71.33007618905137,me,100,0.97,74.92191322780798,dry,4,1,night,0,0,interested,0,1
28,16.39457515798651,me,168,0.54,4.224434212356869,dry,2,0,night,0,1,casual,0,0
3,28.49457778956613,them,193,0.89,57.31146690549963,neutral,7,0,night,0,0,dry_texter,0,0
49,57.2627195983297,them,107,0.46,15.33843723653417,enthusiastic,5,0,night,1,1,interested,1,1
11,56.60016308833344,them,16,0.37,1.3272568427843296,neutral,9,1,night,1,0,dry_texter,0,1
1,14.775880716998026,me,188,0.37,53.28157595552369,enthusiastic,2,1,night,1,1,casual,1,0
5,1.3892151778714679,me,111,0.8,27.790457766350272,dry,8,0,day,1,1,dry_texter,1,1
34,24.486551536315087,me,22,0.17,99.42102163394266,dry,1,1,night,0,0,casual,0,0
46,41.24309228059869,me,34,0.54,119.63685707324767,enthusiastic,8,0,night,0,1,dry_texter,0,1
39,9.936839608119286,them,90,0.13,87.06200354772083,neutral,4,1,day,0,1,casual,0,0
37,21.894030371604675,them,178,0.11,35.89339894255613,dry,6,1,day,1,1,ghoster,1,0
18,12.112314527291169,them,86,0.35,60.10340228323892,dry,10,1,night,0,1,casual,1,1
22,64.3987621990803,them,172,0.09,40.07323333964651,enthusiastic,2,1,night,1,1,interested,0,1
12,63.75070945761753,them,200,0.84,94.7005390652035,dry,8,1,day,1,1,ghoster,0,1
7,20.1801615939338,me,8,0.25,117.17028101362013,enthusiastic,10,1,night,0,0,interested,1,1
38,65.08707090510754,them,12,0.47,119.55145390540598,enthusiastic,3,1,night,1,1,ghoster,0,1
37,11.886915001012895,them,25,0.74,1.8426863737669419,enthusiastic,10,0,day,1,1,ghoster,1,1
12,2.0666236784608696,them,188,0.38,115.19673722600572,enthusiastic,4,1,day,0,1,dry_texter,1,0
46,66.37147397283199,me,38,0.28,29.88202275376573,enthusiastic,9,1,day,0,0,casual,1,1
15,19.32742925231608,them,142,0.96,29.525424731115603,enthusiastic,4,1,day,1,1,ghoster,1,1
23,30.818103052256447,me,4,0.53,61.072957104884615,dry,8,1,night,0,1,ghoster,0,1
9,40.55119165734648,me,105,0.28,116.5191638319285,enthusiastic,4,0,night,1,0,casual,0,1
19,25.469322772477597,them,162,0.12,98.69964222643385,dry,9,0,day,1,1,casual,0,1
42,10.506253523583656,me,134,0.42,34.86950164245286,neutral,2,1,night,1,1,dry_texter,1,0
14,48.41228972817262,me,200,0.57,69.58972181573154,dry,1,0,day,1,0,interested,0,1
5,49.76837065840215,them,162,0.59,59.90154576514484,neutral,3,1,day,1,1,ghoster,0,1
13,8.365018531681866,me,146,0.02,70.42502983433515,dry,2,1,day,1,0,interested,1,1
48,37.903721087332286,them,29,0.2,42.28835254695892,dry,1,1,day,0,1,ghoster,1,1
4,31.960746742249356,them,38,0.52,61.34749256454772,dry,8,1,day,0,1,casual,0,0
31,35.1899940825397,me,65,0.87,2.810812381403669,dry,8,0,night,1,0,ghoster,0,1
28,49.12668046756736,me,28,0.06,65.84698903012627,enthusiastic,4,0,night,1,1,interested,0,1
39,63.44953514965823,them,182,0.58,40.13279474968355,enthusiastic,7,1,day,1,0,interested,1,1
1,2.617367909840527,me,136,0.61,71.0551793228924,enthusiastic,1,1,day,1,1,casual,1,0
27,14.623630152350607,them,1,0.31,2.4430857918984032,dry,10,1,night,1,0,ghoster,0,1
5,4.3140851805382034,them,39,0.15,106.30247298674249,neutral,4,0,night,1,0,interested,1,1
2,59.06607215393241,them,165,0.4,114.1760299421827,neutral,6,1,day,1,0,interested,0,0
13,27.18987533722742,them,99,0.64,111.18624542761525,neutral,7,1,night,0,1,interested,1,0
42,8.077555270109368,me,78,0.17,65.15303818268033,neutral,3,1,night,1,1,casual,1,1
4,35.05244251025761,me,182,0.16,5.132532532655414,neutral,5,1,day,1,1,dry_texter,0,1
37,6.48319730681771,them,113,0.68,113.75875854218545,enthusiastic,7,1,night,0,1,interested,1,0
13,28.57367756015819,them,93,0.32,74.42175354752764,dry,5,0,day,0,0,interested,0,1
42,61.508989124920596,me,73,0.93,109.14406814288517,enthusiastic,1,0,day,1,0,interested,0,0
38,57.4488318147412,me,10,0.84,55.294269749770976,neutral,10,0,day,0,0,ghoster,0,1
20,12.123162923932165,them,165,0.17,23.11922945313566,enthusiastic,4,1,night,0,0,casual,1,1
20,34.95309891256111,them,191,0.46,29.572683735656163,dry,6,0,day,1,1,casual,0,1
38,26.858682896343296,me,24,0.13,105.60287172064322,neutral,8,1,night,0,1,ghoster,0,1
7,26.23233064159836,me,3,0.79,29.97474842125528,dry,2,1,day,1,0,interested,1,1
34,39.825622842742284,me,2,0.12,15.707125987965375,neutral,8,0,night,0,0,ghoster,0,1
44,44.31056439026578,them,42,0.79,82.14378072070552,enthusiastic,3,1,night,0,1,casual,1,0
43,14.879822509821405,them,171,0.95,102.4663992774082,neutral,1,0,day,1,0,dry_texter,1,1
26,33.74276126660692,me,27,0.98,49.42550374725815,enthusiastic,1,0,day,0,1,interested,0,0
27,67.25184466618917,me,53,0.61,97.62259571482542,neutral,10,0,night,0,0,interested,0,0
11,57.55732209583067,them,161,0.43,82.43349901944721,neutral,3,1,day,0,1,casual,1,1
42,47.1212415139576,me,20,0.53,112.60938081129058,dry,3,1,night,1,1,ghoster,0,1
24,33.87348485815632,them,135,0.18,11.341277115483711,dry,2,0,night,1,1,dry_texter,0,1
25,71.94291978930097,them,47,0.06,116.33117969629066,dry,0,0,day,0,1,casual,0,1
5,60.40843392340209,them,88,0.76,63.338207434110046,enthusiastic,1,0,day,0,1,interested,1,1
22,57.680812022490954,them,177,0.47,59.38691044045671,enthusiastic,4,0,day,1,0,ghoster,0,1
8,23.49640790396404,me,180,0.34,60.96404020608237,dry,4,0,night,1,1,interested,1,0
26,64.11241982960937,them,172,0.1,72.70380737067019,enthusiastic,6,0,day,1,1,interested,1,1
32,4.844454780396293,me,67,0.82,114.66152351112886,enthusiastic,3,0,night,0,1,interested,1,0
3,3.0529936021869775,them,191,0.94,74.0717215059875,enthusiastic,7,1,day,1,1,casual,1,1
27,30.22561940976849,them,124,0.75,11.728047859817226,neutral,0,1,night,0,0,ghoster,0,1
45,49.10417934486359,them,83,0.85,85.27671973929984,enthusiastic,4,0,night,1,0,dry_texter,0,1
16,24.71363313325948,me,155,0.24,107.41735787947036,enthusiastic,9,0,night,0,1,interested,0,1
14,41.9356242184269,them,176,0.1,45.80457339305393,dry,9,0,day,1,0,interested,0,1
8,63.95389774583002,them,94,0.05,61.00997647824472,enthusiastic,5,1,day,1,0,casual,0,1
12,23.23613050539004,them,15,0.19,43.40894512261162,dry,8,1,day,0,0,ghoster,0,1
40,52.57521797182167,them,145,0.66,6.22382298367463,enthusiastic,7,1,night,1,1,casual,0,1
45,12.918469060427476,me,69,0.05,61.78010024092538,enthusiastic,0,0,day,1,1,ghoster,0,1
24,52.73882358962248,them,97,0.77,66.83955172231312,dry,7,1,night,1,1,dry_texter,0,1
34,41.9946175854791,me,83,0.94,32.23494897601859,neutral,2,1,day,0,1,dry_texter,0,1
7,7.264492338408148,them,68,0.44,36.43349002075855,dry,7,0,day,1,1,interested,1,0
11,5.343514393205622,me,97,0.84,6.21230830494498,dry,4,1,day,1,1,ghoster,0,1
39,26.74644453995527,them,2,0.61,99.34097004559199,neutral,9,1,night,0,1,casual,0,0
1,4.90944050402294,them,104,0.95,60.12693353156053,enthusiastic,3,1,night,0,0,ghoster,0,1
20,12.020697926839802,them,95,0.95,43.955225194745665,enthusiastic,8,1,night,0,0,ghoster,1,0
23,21.96691095524635,me,39,0.75,30.580696945939632,dry,8,0,night,0,0,casual,0,1
23,60.3372621044456,me,2,0.59,35.17257901781004,dry,9,1,day,0,0,casual,0,1
33,18.14674269579666,me,103,1.0,65.40054929259384,dry,8,0,day,0,0,casual,1,0
39,48.34731721154777,me,80,0.09,50.12769112125831,enthusiastic,7,0,night,1,1,ghoster,0,1
43,13.628411833083828,them,111,0.77,22.458289651932315,neutral,9,0,night,1,1,casual,0,0
7,10.671546851489447,me,28,0.73,22.082459124117587,enthusiastic,10,1,night,1,0,dry_texter,0,0
43,3.9473925400370096,me,121,1.0,53.09368654706136,neutral,8,0,night,0,1,dry_texter,0,1
15,55.49663193071714,me,165,0.57,72.04707434084867,enthusiastic,1,1,day,1,0,interested,1,1
35,30.922486387064748,them,105,0.29,72.39681361442534,dry,9,1,day,0,0,interested,0,1
50,35.79658805373936,them,73,0.77,113.29445967340276,dry,5,1,night,0,1,casual,0,1
15,37.699466097329854,me,78,0.62,115.55060836654538,neutral,4,0,day,0,0,ghoster,0,1
8,17.88276196368406,them,136,0.41,98.36966554122057,enthusiastic,8,1,night,0,1,ghoster,1,0
49,66.36521291282098,me,195,0.61,111.64652125637834,neutral,7,0,night,0,1,casual,0,1
22,71.09610529158402,them,157,0.8,29.476459264209222,dry,2,0,day,0,1,interested,1,1
16,4.950038586528723,them,94,0.31,87.56664915910608,neutral,5,1,night,0,0,dry_texter,1,1
49,70.55762374831131,them,69,0.77,57.95472091925453,dry,7,0,day,1,1,casual,0,1
17,60.69826854672107,me,139,0.77,16.245174610167375,neutral,9,0,day,0,1,ghoster,1,1
13,28.191447706808052,me,28,0.25,6.869387088556964,dry,6,1,day,0,1,interested,1,0
13,9.253440411472821,me,29,0.85,94.45961447459239,dry,7,1,night,1,0,casual,1,0
32,69.77391588727735,them,22,0.43,56.143105406079485,neutral,10,0,night,1,1,dry_texter,0,1
10,37.096742938483246,them,172,0.78,98.33523119514135,neutral,10,0,night,0,0,interested,1,1
50,38.03956341212591,me,75,0.23,102.98908947135989,neutral,10,1,night,1,0,ghoster,0,1
17,11.505495970977783,me,189,0.74,116.66305304137991,dry,1,0,day,1,1,ghoster,0,1
15,67.37076101699574,me,99,0.51,76.42094545235786,enthusiastic,7,1,night,1,0,interested,0,1
20,64.9673674033931,me,106,0.75,2.1207196093208776,neutral,10,0,night,0,0,dry_texter,0,1
16,63.98562320192968,me,116,0.35,20.161621206548222,dry,9,0,night,0,0,interested,1,1
32,23.826244454501296,me,100,0.84,34.929610474555254,enthusiastic,3,1,day,1,0,ghoster,0,1
22,64.7262542336048,me,48,0.68,87.68030483485204,enthusiastic,0,1,day,1,0,casual,0,1
23,17.09959863652999,me,155,0.84,2.3106865643971277,enthusiastic,9,0,night,1,0,casual,1,1
47,48.68916434210237,me,168,0.43,35.58226515328184,enthusiastic,4,0,night,1,1,ghoster,0,1
4,44.34060240553027,them,100,0.69,95.75727326285609,neutral,3,0,night,0,1,ghoster,0,1
19,70.65740640483358,them,36,0.29,78.73151900373438,dry,10,0,night,1,0,dry_texter,0,1
46,67.78786764991776,them,188,0.86,109.19825135668694,dry,7,0,night,1,0,interested,0,1
43,71.42805474830924,me,47,0.13,71.65145757572783,enthusiastic,4,1,night,1,0,dry_texter,0,1
32,45.550055102072854,them,56,0.02,106.86988792409447,enthusiastic,6,1,day,1,1,interested,0,1
19,57.474092610657976,them,159,0.3,38.27682362523537,enthusiastic,4,0,day,0,1,ghoster,0,1
35,66.31326493046157,them,189,0.51,73.57870598976365,dry,3,0,day,0,0,ghoster,0,1
27,48.95762310339509,them,116,0.21,2.244780775948139,enthusiastic,8,1,day,0,0,interested,1,1
25,33.21179162315501,me,62,0.23,7.503661853650339,dry,3,1,night,0,0,ghoster,0,1
25,21.39325133240785,me,107,0.55,106.12101561160404,neutral,9,0,day,0,1,casual,0,1
23,65.26644025282931,me,50,0.04,98.30580215691788,enthusiastic,3,0,day,0,1,dry_texter,0,1
34,7.497513285417883,them,54,0.47,35.99920032285104,enthusiastic,8,1,night,0,1,casual,1,1
48,50.14139883567495,me,152,0.37,99.59695278687015,dry,0,0,night,1,0,ghoster,0,1
36,20.93217895694866,them,60,0.19,29.520963289694926,neutral,9,1,night,0,0,interested,1,1
39,49.653470151327625,them,130,0.56,10.51706965846571,dry,1,0,day,0,0,interested,1,0
38,29.3651637457726,me,103,0.64,26.375212942013242,neutral,1,1,day,0,1,dry_texter,1,1
47,59.00385087731792,me,39,0.93,37.595900472293835,enthusiastic,9,0,night,0,1,interested,1,1
9,13.819567585095974,them,105,0.44,71.90476033138306,dry,0,1,day,1,0,ghoster,0,1
40,6.607158124077326,them,93,0.19,78.3579373734978,neutral,8,1,night,1,0,casual,0,1
30,46.693842903750536,me,91,0.98,27.828657890098647,neutral,0,1,day,1,1,casual,0,1
43,47.15961229964323,them,54,0.69,45.58653939961066,neutral,0,0,day,1,1,casual,0,1
19,26.90248928223638,me,188,0.8,27.17919399184797,enthusiastic,4,1,night,0,1,interested,1,0
13,68.00350703642164,me,179,0.91,77.73113916804476,enthusiastic,9,0,night,0,0,dry_texter,1,1
46,25.050542369992645,them,6,0.3,84.91706008397311,dry,2,0,night,1,0,interested,0,0
29,41.504839035101085,me,34,0.39,93.20259999446354,dry,4,1,day,1,1,casual,0,1
18,35.76087576811068,them,53,0.85,106.48985986882514,neutral,9,1,day,1,0,casual,0,1
41,35.65491966036727,them,130,0.64,82.02786144978751,enthusiastic,6,0,night,1,1,dry_texter,0,1
47,62.71787386109679,me,169,0.8,78.67986896808729,dry,4,1,day,1,1,dry_texter,0,1
48,29.050960125664012,them,44,0.62,47.26104739983338,enthusiastic,8,1,night,0,0,casual,1,1
22,62.457224863260365,me,2,0.2,24.83370971059894,enthusiastic,10,0,day,0,1,dry_texter,1,1
41,50.74616631619365,me,164,0.44,19.155347701408573,dry,0,1,night,1,0,interested,1,1
15,31.50167566941844,me,17,0.46,114.24842917780519,dry,6,0,day,0,0,interested,0,0
34,31.049091805518895,them,36,0.11,96.54899582620813,enthusiastic,7,0,day,0,1,casual,1,1
47,48.58775056204847,me,137,0.46,7.027586521315462,neutral,8,0,night,1,1,casual,0,1
46,23.915749789887055,them,126,0.99,32.935116325117676,enthusiastic,3,0,day,0,1,ghoster,1,1
33,25.31313310990498,me,13,0.46,114.76026648765892,neutral,4,1,day,1,0,casual,0,1
12,6.667728902496025,me,134,0.9,58.37979867750337,enthusiastic,5,0,day,1,1,dry_texter,0,0
33,8.631182612427665,me,22,0.62,20.01587907550421,dry,8,1,day,0,0,ghoster,1,0
12,37.19968015081708,them,16,0.76,15.89492976537524,dry,9,1,night,1,1,ghoster,0,1
7,41.63287978494133,me,134,0.41,42.04524632026651,neutral,6,0,night,0,0,ghoster,1,1
49,5.741050115700806,them,19,0.58,43.660368909258835,enthusiastic,9,0,night,1,1,dry_texter,0,1
14,33.99965032717778,me,12,0.03,38.68520767650712,enthusiastic,3,1,day,1,1,interested,0,1
2,62.437055068220346,me,57,0.73,88.86072115173694,neutral,0,0,night,0,1,ghoster,0,1
11,68.06656820889378,them,25,0.72,40.37339555277328,dry,7,1,day,0,1,dry_texter,0,1
44,32.54436569753034,them,60,0.62,58.51880775743503,dry,3,1,day,1,1,dry_texter,0,1
49,35.99609153704077,me,165,0.89,47.139545563285715,neutral,4,1,day,0,1,ghoster,1,1
34,48.644260400451735,them,95,0.63,112.81640189958858,neutral,9,0,night,0,0,casual,0,1
4,17.231842646946465,me,64,0.06,45.86371348662941,enthusiastic,1,1,day,1,1,ghoster,0,0
50,64.65781852435441,me,143,0.34,119.90209954061056,dry,6,0,night,0,1,interested,1,1
23,35.66870786482828,me,91,0.33,85.22507741622422,neutral,7,0,day,0,0,interested,0,1
49,18.047337940672225,me,2,0.17,70.63944324050942,dry,4,1,day,1,1,ghoster,0,1
33,28.52183168198805,me,153,0.26,28.655083726027726,neutral,6,0,day,1,1,interested,0,1
27,10.718760723379816,them,10,0.22,61.38427020142211,dry,8,1,night,0,0,interested,1,0
7,58.04468614940174,them,140,0.33,6.993588635579444,dry,10,1,day,0,0,ghoster,0,1
22,23.644956559637887,them,151,0.63,71.04312741964802,enthusiastic,8,1,night,1,1,ghoster,1,1
15,63.74892855727812,me,128,0.61,53.91937758116966,dry,1,1,day,0,0,ghoster,0,1
18,45.50713587456485,me,173,0.98,108.54563998849777,neutral,6,1,night,0,1,interested,1,1
11,61.83676117165523,me,171,0.93,14.579653475915563,enthusiastic,8,0,night,0,1,casual,1,1
16,36.124995276461526,them,13,0.64,42.75806252345816,neutral,8,1,night,1,1,casual,0,1
30,25.1227231716546,me,10,0.2,63.93656136195105,dry,4,1,night,1,1,casual,0,1
35,68.86072407929554,them,85,0.93,103.17472026529961,enthusiastic,9,1,night,0,0,casual,0,0
16,65.71426967790758,me,112,0.01,63.82370111801434,enthusiastic,6,0,night,1,0,ghoster,0,1
5,60.75326793786199,them,48,0.47,96.91313147570219,dry,7,1,day,0,0,casual,0,1
32,40.92153649227447,them,132,0.5,35.20178397457105,enthusiastic,1,0,night,0,1,dry_texter,0,1
37,2.2821705463698203,them,145,0.64,82.25167189529249,dry,5,0,day,1,0,casual,0,1
28,68.46522801878423,them,34,0.79,112.0514244354759,enthusiastic,0,1,night,1,1,interested,1,0
28,0.07167383014105422,them,164,0.29,47.529891461041565,dry,0,0,night,1,0,dry_texter,0,1
4,55.86956941681318,them,177,0.29,89.84674653178355,neutral,4,0,night,1,1,casual,0,1
2,54.31510046947488,me,157,0.28,1.6979425868376226,enthusiastic,3,1,day,0,1,casual,0,1
43,66.37805229139268,them,142,0.83,14.3785019128454,enthusiastic,1,0,day,1,1,ghoster,0,1
46,21.948297318955508,me,101,0.14,23.262563272980323,enthusiastic,6,1,night,0,1,interested,1,1
46,54.521617072649846,me,188,0.13,85.33483655784978,neutral,7,1,night,1,1,ghoster,0,1
8,12.024045789156077,me,198,0.9,69.62714600273404,enthusiastic,6,1,night,1,1,casual,1,1
12,7.315836808100365,them,72,0.39,84.7410152183564,neutral,10,0,night,1,0,interested,1,1
50,38.170043693007685,me,160,0.09,105.77400892606545,dry,9,0,day,0,0,casual,1,1
26,15.01536070383897,them,85,0.86,3.5616895811477174,enthusiastic,7,0,day,0,0,casual,1,1
28,62.013039142540045,them,77,0.18,31.52553775692099,enthusiastic,8,0,day,1,0,ghoster,0,1
10,24.98041483572488,me,194,0.34,45.737317347022326,enthusiastic,8,1,night,0,1,interested,0,1
5,38.3408832365447,them,60,0.44,35.10522333703978,dry,10,0,night,1,0,casual,0,1
11,46.048778306123104,me,17,0.79,26.825618282697246,neutral,1,0,day,0,0,dry_texter,1,0
9,42.846413048078624,me,78,0.73,68.31547222023275,enthusiastic,5,0,day,0,0,ghoster,1,1
39,63.617601033129866,me,58,0.4,10.178269660710976,dry,9,1,day,1,0,casual,0,1
43,46.646228125798835,them,21,0.96,38.753712152031405,enthusiastic,4,0,day,0,0,interested,0,0
50,57.84965307424306,them,152,0.48,60.47170780347033,dry,9,1,day,1,0,dry_texter,0,1
42,48.394210939313155,me,56,0.72,99.68268981927775,neutral,1,0,night,1,1,interested,0,0
3,48.3657613183701,me,27,0.36,13.15812282715562,neutral,5,1,night,1,1,interested,0,1
34,6.9568983979854915,me,195,0.13,46.26240364879392,neutral,7,0,day,0,1,ghoster,0,1
8,1.5464382116629727,them,138,0.45,28.23050062736256,dry,9,0,day,0,1,ghoster,0,1
18,36.28031736052082,me,141,0.09,14.334815648981406,enthusiastic,4,1,night,0,0,interested,1,1
30,44.83955835738962,me,115,0.05,36.97233984264381,dry,3,0,day,0,0,ghoster,0,1
24,64.04338170526488,me,75,0.99,14.8461639155238,neutral,9,1,night,1,0,ghoster,0,1
4,30.191561144773754,them,5,0.1,38.09894096608587,enthusiastic,6,0,night,1,0,casual,0,1
43,36.73689255928349,them,147,0.35,95.68214989221983,neutral,9,1,day,0,1,casual,1,1
7,18.591935530919926,them,31,0.52,10.48284711301641,neutral,10,1,night,1,1,ghoster,1,1
45,59.012322469456976,me,154,0.73,61.160704378901904,enthusiastic,9,0,day,0,0,interested,0,1
21,67.26272159100225,them,187,0.49,25.301527976752478,dry,3,0,night,1,1,interested,1,1
44,19.164400995512228,me,169,0.53,34.35924881903199,enthusiastic,6,1,day,1,0,casual,1,0
39,28.335265664361117,me,162,0.76,52.780959815413595,dry,6,1,night,0,0,casual,1,0
9,26.70178074003005,me,158,0.68,54.598954045639346,neutral,10,0,night,1,1,interested,0,0
15,11.536404671939344,me,109,0.25,114.97946960821106,neutral,1,1,night,0,1,casual,1,1
30,40.65095068364941,them,148,0.91,60.318562255887336,enthusiastic,2,0,day,0,0,ghoster,0,1
28,50.858961735521795,them,127,0.07,101.17026266468532,enthusiastic,5,0,day,1,1,casual,0,1
19,22.154951143826654,them,54,0.27,18.68098009040345,neutral,6,1,night,1,0,interested,1,0
13,9.975430457452363,me,12,0.25,116.39526900430862,neutral,2,1,night,1,1,dry_texter,0,1
19,33.97369055657054,me,109,0.56,100.00528901162059,neutral,7,1,night,0,0,interested,1,1
19,0.8848059512783033,them,46,0.75,38.544086709614724,neutral,1,0,night,1,1,casual,0,1
8,12.3962599950738,them,120,0.42,94.47660089609114,enthusiastic,2,0,day,0,0,ghoster,0,1
18,62.84554766929895,me,166,0.04,75.81035211977327,neutral,2,0,day,0,1,ghoster,0,1
26,5.322493333161759,them,30,0.64,104.09507966271748,neutral,10,1,day,0,0,dry_texter,1,0
22,41.29073639174665,them,90,0.86,35.31269468654359,neutral,5,0,night,1,0,dry_texter,0,1
26,22.523440636804665,them,187,0.77,115.0930551219649,neutral,8,1,night,0,0,ghoster,1,1
20,47.15139117437928,them,52,0.15,23.783928009874103,enthusiastic,7,0,day,1,0,dry_texter,0,1
20,39.418639843037944,them,160,0.58,29.15380592979739,neutral,2,1,night,0,1,interested,0,0
41,45.29890293568275,them,27,0.31,108.20954138087785,enthusiastic,1,0,day,1,1,interested,0,1
26,43.39129444156227,them,29,0.54,64.36886527671967,enthusiastic,8,0,night,0,1,ghoster,0,1
23,47.544772522943106,them,40,0.36,111.75943948712877,dry,5,1,night,0,1,ghoster,1,1
45,35.55165393296644,me,96,0.27,93.12600560712785,enthusiastic,6,0,day,0,0,casual,0,1
13,0.6087816442812066,them,101,0.82,107.32440246028486,enthusiastic,7,1,day,0,0,casual,1,0
15,21.466165183912203,me,169,0.08,89.87765868837823,neutral,10,1,day,1,0,dry_texter,1,1
16,53.496275151964106,them,124,0.44,78.11675499389123,enthusiastic,6,1,night,0,1,casual,1,1
3,20.602083541245765,me,57,0.71,45.94961968360746,enthusiastic,7,1,night,1,0,casual,1,1
14,25.904456581078925,me,172,0.62,2.3376806216907804,enthusiastic,5,1,night,0,1,interested,1,1
2,34.29435635456061,them,150,0.26,55.38073330182376,enthusiastic,3,0,day,0,0,dry_texter,0,1
27,65.92519136738983,me,101,0.7,85.62732093262943,enthusiastic,8,0,night,1,0,ghoster,0,1
30,23.452947428626985,me,18,0.96,29.993216260576816,dry,2,0,night,0,1,interested,1,1
23,27.616805692995783,them,138,0.27,50.84950556361914,enthusiastic,7,1,day,1,1,ghoster,0,1
21,64.21161265150259,me,64,0.83,55.15747314048956,neutral,2,0,day,1,0,ghoster,0,0
25,25.592850944707337,me,73,0.03,25.56469603848918,dry,2,1,night,1,0,ghoster,0,1
19,50.50362778297904,me,69,0.0,101.7827440398428,dry,2,1,night,1,0,ghoster,0,1
38,45.5827587430769,me,105,0.11,26.866058008188997,neutral,6,1,night,1,1,interested,0,1
27,20.664963969176974,me,55,0.95,77.80366870739914,neutral,10,0,night,0,1,interested,1,0
35,37.30538661764298,me,175,0.98,74.44131079096263,dry,10,1,day,1,0,interested,0,1
34,10.82831301340244,me,178,0.85,56.14792007702226,dry,1,1,day,1,1,casual,0,1
29,27.361801269301196,me,71,0.39,103.357324158791,enthusiastic,5,1,day,0,1,dry_texter,0,1
14,13.35479069070389,me,91,0.31,31.632470311835135,enthusiastic,4,1,day,1,1,interested,1,1
30,27.354941914653363,me,83,0.63,54.173240508504975,dry,1,1,night,0,1,casual,0,1
42,0.9250146551626202,me,19,0.74,1.2947596375567516,dry,9,1,day,0,0,dry_texter,0,1
28,28.042047193386104,them,194,0.54,15.736111335836721,dry,6,1,night,0,0,dry_texter,0,1
44,14.068312178621957,them,12,0.31,86.33401473187415,neutral,8,0,night,1,1,interested,1,0
1,2.0659111441043283,me,187,0.87,20.623168913540475,neutral,4,1,night,1,1,dry_texter,0,1
21,25.463099085721133,me,45,0.95,78.55802293323812,enthusiastic,6,0,night,1,0,interested,0,1
39,13.814059714372801,me,129,0.7,84.17710851164699,neutral,0,0,night,0,0,interested,0,0
19,26.070998175900336,them,166,0.76,116.68592956331126,enthusiastic,6,0,day,0,0,ghoster,0,1
48,15.611494887625177,me,187,0.06,23.43829641502546,enthusiastic,5,0,night,0,1,ghoster,1,1
16,65.51932133188507,them,99,0.06,98.84213640371016,dry,5,0,day,1,0,interested,0,1
26,27.595912429517682,them,2,0.65,98.25096400823678,neutral,9,0,day,0,0,ghoster,0,1
2,61.11972931326974,them,147,0.96,111.9093447895659,enthusiastic,5,1,day,0,0,dry_texter,1,0
48,48.526015303855,me,188,0.16,1.3447860623361194,neutral,9,1,night,1,1,ghoster,0,1
34,2.1951307822278867,me,145,0.51,61.83019225813377,neutral,7,1,day,0,1,casual,1,1
15,63.3289717223961,them,20,0.6,62.166046289292,enthusiastic,9,0,night,1,0,ghoster,0,1
25,28.831500363492996,them,122,0.36,46.46333761127927,dry,4,0,day,1,1,interested,0,1
23,53.923042209159185,them,75,0.42,58.524912106314076,enthusiastic,5,0,day,1,0,dry_texter,0,0
37,2.9260223554150633,them,195,0.57,12.55015845565381,neutral,7,0,night,0,1,casual,1,0
46,21.490136159097414,me,123,0.71,111.28940790165242,neutral,9,0,day,1,0,dry_texter,0,1
17,24.48900205540312,them,115,0.4,37.51915250187114,enthusiastic,5,1,night,0,1,interested,1,1
10,5.772771994436021,me,172,0.06,11.433594701251419,neutral,6,0,day,1,0,dry_texter,1,1
1,22.594229794404747,them,196,0.03,17.125464244379824,neutral,2,0,day,1,1,dry_texter,0,1
19,10.249537050766982,them,151,0.31,86.62999575024256,neutral,10,1,night,0,1,dry_texter,1,0
43,67.57352850181368,me,189,0.18,92.17417073612053,dry,10,0,day,0,1,ghoster,0,1
49,59.80449136226146,me,73,0.94,22.183998044400074,dry,4,0,night,1,1,dry_texter,0,1
33,27.02099045719992,me,41,0.61,41.010470415358604,neutral,8,0,night,1,1,casual,0,1
29,28.103689132533454,me,165,0.05,105.87010002230626,neutral,2,1,day,1,0,interested,0,1
24,3.1297300126065117,me,136,0.47,56.099111298857956,dry,2,0,day,0,0,casual,0,0
30,61.58673791421092,them,93,0.23,42.598861955391484,neutral,3,0,night,0,1,casual,1,1
7,10.8057564851703,them,9,0.03,7.0690305448173545,enthusiastic,7,0,day,1,1,interested,1,1
38,0.5118371706112725,me,182,0.49,43.13407869797628,neutral,8,1,day,0,0,interested,1,1
20,10.242304521102685,them,167,0.6,96.08095102150897,enthusiastic,7,0,night,1,0,interested,1,1
34,60.86268916171756,me,37,0.25,5.3982913764049485,neutral,8,0,day,1,0,dry_texter,0,1
8,13.29805773971901,them,140,0.48,64.71501632862359,neutral,2,1,day,0,1,interested,1,0
18,43.148752822050156,them,21,0.02,26.678404795866673,enthusiastic,1,1,night,0,0,dry_texter,1,1
8,44.50915334784399,me,69,0.61,2.634916327894353,dry,6,0,day,0,1,casual,0,1
4,56.64518728159654,them,156,0.11,71.22017080146684,neutral,4,1,night,0,1,casual,0,1
12,40.32308709258805,me,4,0.51,95.71388401226694,neutral,3,1,night,1,0,interested,1,0
2,60.12238051000563,them,176,0.12,40.99751727410829,dry,6,0,day,0,1,dry_texter,0,1
5,12.565354746121947,them,118,0.42,112.57183389704339,neutral,1,0,night,1,0,ghoster,1,1
11,22.351557254391288,them,144,0.13,111.68687978330996,enthusiastic,10,0,day,0,0,interested,1,0
31,34.73910660567625,them,105,0.99,42.336563397866264,enthusiastic,3,0,night,0,0,casual,1,1
43,62.08150253227653,me,36,0.73,16.438317532476034,enthusiastic,0,0,night,0,0,dry_texter,0,1
8,43.50267608291149,them,73,0.32,15.386776243182053,neutral,4,1,night,0,1,dry_texter,1,0
4,1.5179744782984965,me,161,0.63,109.32160106748685,enthusiastic,7,0,night,1,0,dry_texter,1,0
39,0.8362000034543033,them,25,0.05,6.906140587506713,enthusiastic,3,0,night,0,0,ghoster,1,1
4,66.32438669907745,them,158,0.69,66.93530023862051,neutral,0,0,day,0,1,ghoster,0,1
20,5.823047990719976,them,110,0.5,28.071942723983057,enthusiastic,0,1,day,1,1,dry_texter,1,0
49,54.10205529143176,them,63,0.9,6.821028393471233,dry,3,1,day,1,0,casual,1,1
30,27.243755714757455,me,156,0.65,40.834195902469254,neutral,4,1,night,1,0,casual,1,1
17,59.60314791580216,me,31,0.05,66.45278339138888,enthusiastic,0,1,night,1,1,ghoster,0,0
15,71.25580262486753,me,33,0.56,52.411277345825994,dry,7,1,night,0,1,interested,1,0
14,30.697449851233255,them,136,0.11,96.05982927965543,enthusiastic,6,1,day,0,1,casual,1,1
32,3.5545877107417905,me,24,1.0,106.61072506387507,neutral,10,1,day,0,0,interested,0,0
37,21.166865415533195,me,42,0.1,46.89359544883096,enthusiastic,1,0,day,0,1,casual,1,1
2,2.6064915982086987,them,91,0.44,83.83872377707281,dry,5,1,night,1,1,casual,1,0
15,19.93179137597837,me,68,0.94,29.074355072392905,enthusiastic,2,1,night,0,1,casual,0,1
15,10.249230007839603,me,143,0.41,57.86261067754698,neutral,5,0,night,0,0,casual,0,0
4,0.7079075940850741,me,118,0.96,18.67057026291943,dry,3,0,day,1,1,casual,1,0
15,69.51023202077982,them,159,0.07,13.14617373262087,enthusiastic,8,0,day,0,1,dry_texter,0,1
21,26.27591051681563,them,161,0.18,25.88396721980567,enthusiastic,9,0,day,1,1,interested,0,1
50,62.202054167364,them,195,0.07,13.771320936799228,dry,6,1,night,0,1,interested,1,1
23,69.52227609063613,me,195,0.79,112.92269327280601,enthusiastic,4,0,night,1,0,dry_texter,0,1
14,59.96631769924703,them,16,0.44,10.013031230668219,enthusiastic,6,1,night,0,0,interested,1,1
2,22.07146268472272,me,198,0.21,109.3195688606938,neutral,6,0,night,0,0,dry_texter,1,1
18,58.35796477001256,them,26,0.27,93.09466236393236,dry,1,1,night,0,0,casual,0,1
47,2.3659628598931466,me,186,0.08,115.74279639534134,dry,5,1,day,0,0,dry_texter,1,1
29,10.767094984018636,me,118,0.44,31.766510641838995,enthusiastic,7,0,day,0,0,ghoster,1,1
8,30.827806995470915,them,169,0.78,11.086254453257629,neutral,6,0,night,0,1,dry_texter,0,1
31,6.686879036743951,them,41,0.67,11.49460416109674,dry,4,1,night,1,1,interested,1,0
19,70.14709903272569,me,194,0.0,15.103636250551835,enthusiastic,1,1,night,1,0,casual,1,1
12,24.331257786162293,me,35,0.82,84.22744371045843,enthusiastic,7,0,night,1,0,interested,0,0
44,64.60705584903498,them,62,0.07,56.63848162331151,neutral,10,1,night,1,0,interested,0,1
15,27.49730890692489,me,110,0.65,98.71872912442508,neutral,5,0,night,0,1,dry_texter,1,1
9,15.138345384052194,me,150,0.57,30.595676222740153,dry,4,1,day,1,1,dry_texter,0,1
11,62.89519575186107,them,48,0.43,116.9920631561012,neutral,6,0,day,0,1,dry_texter,1,0
3,21.284629517538995,me,14,0.37,48.50104032944311,enthusiastic,7,0,night,0,1,interested,1,1
44,0.4477077650462773,me,33,0.33,35.698793388521594,enthusiastic,4,1,day,1,0,casual,1,1
34,33.39107201889698,me,130,0.45,101.36949254445923,dry,1,1,night,1,0,dry_texter,0,1
9,25.628800853303453,me,86,0.94,39.50985069292129,neutral,8,1,day,1,0,dry_texter,0,0
16,26.48421637338474,them,72,0.27,104.78625402446724,enthusiastic,4,1,day,1,0,interested,1,1
38,16.991510515220778,me,5,0.55,90.90304160700343,dry,5,1,night,0,1,casual,0,1
16,71.97656541432964,me,129,0.46,23.55461211348181,dry,3,1,day,0,1,ghoster,0,0
47,59.35864618602473,me,72,0.78,52.189102763834704,dry,3,0,day,1,0,interested,0,1
48,2.768189198770119,them,13,0.96,91.84317519971286,neutral,8,0,night,1,1,ghoster,0,1
49,54.191977092873074,me,77,0.35,108.16078711539703,dry,10,1,night,1,0,interested,0,0
2,58.10907665452973,me,192,0.41,53.504827296444134,neutral,6,1,day,1,0,ghoster,0,1
45,5.082367807157147,them,92,0.18,64.91295095161593,dry,3,1,night,1,1,casual,1,1
2,28.222438487669905,them,98,0.8,63.448747286665665,enthusiastic,6,0,night,0,1,dry_texter,1,0
6,49.7561804646579,me,52,0.61,20.40628573810988,neutral,9,0,night,0,1,dry_texter,0,1
48,38.87984891788011,them,166,0.25,98.3095484698341,enthusiastic,7,1,day,1,0,interested,0,1
29,27.81547964749386,me,73,0.92,33.64626255386591,neutral,4,0,night,1,1,ghoster,0,1
48,35.92642730218371,them,120,0.31,99.38565113364878,neutral,5,1,day,1,0,ghoster,0,1
18,14.790713200425111,them,106,0.8,66.26504268414173,enthusiastic,0,0,night,0,1,casual,1,0
8,23.17761545236843,them,151,0.92,29.267834233183645,neutral,4,0,night,1,1,dry_texter,1,1
49,34.189053185502424,me,35,0.54,18.891927046168824,enthusiastic,6,1,day,0,0,dry_texter,1,1
30,40.09675283790495,me,175,0.62,24.560867470801515,enthusiastic,10,0,day,1,0,interested,1,0
22,26.360282795193633,them,56,0.95,82.56281985516094,dry,4,0,day,1,0,ghoster,0,0
13,63.19781989075864,them,137,0.59,13.93356105611928,dry,4,0,night,0,1,dry_texter,1,1
31,45.121565474992806,them,8,0.31,71.42771027029563,dry,7,1,night,0,0,ghoster,0,1
50,51.427317506369015,me,171,0.96,13.72978422500575,dry,4,0,day,0,1,dry_texter,1,1
23,44.68673261149291,them,155,0.25,81.57452444085271,dry,10,1,day,1,1,interested,0,1
6,40.45672457742608,them,71,0.73,106.05025108911946,neutral,0,1,night,0,1,interested,0,0
41,63.76551602440142,them,151,0.17,14.619321644681689,enthusiastic,10,0,day,0,0,ghoster,0,1
45,60.48689442869851,me,28,0.25,8.503000709098806,enthusiastic,5,1,night,1,1,casual,1,1
14,26.308516882909256,them,72,0.94,26.67434992936878,enthusiastic,6,0,night,1,1,dry_texter,0,1
25,44.575057392961746,me,87,0.09,87.9160377895932,neutral,2,0,day,0,0,dry_texter,0,1
50,49.789955113004694,me,158,0.08,114.6789562660968,enthusiastic,3,1,day,1,1,casual,0,1
18,57.268880118910005,them,127,0.39,54.49144084970241,neutral,5,0,night,1,0,dry_texter,0,1
23,57.89177618788971,them,40,0.34,87.58032389906198,dry,3,0,night,0,1,ghoster,0,1
5,47.74065856241111,me,31,0.79,118.24176938542901,neutral,3,0,night,0,1,casual,0,0
12,18.57856224341209,them,199,0.13,75.87630523322538,dry,3,0,day,1,0,dry_texter,1,0
34,32.29708728839232,me,31,0.41,49.354420370189565,neutral,6,1,day,0,1,ghoster,0,0
48,7.6657218488981105,them,51,0.19,106.62737122435269,neutral,3,0,day,0,0,interested,0,1
9,42.54205436747925,me,75,0.3,20.60941362045173,neutral,9,1,night,1,1,interested,1,0
1,15.138615615930533,them,30,0.13,119.23441899594704,dry,10,0,day,0,0,ghoster,0,1
2,69.79670147522314,me,52,0.93,19.77686540900828,enthusiastic,10,0,day,1,0,interested,1,0
43,20.270707101589405,them,168,0.83,59.16303963740322,neutral,7,1,night,0,0,dry_texter,0,0
34,44.87740220199665,me,51,0.04,77.12410120381472,neutral,7,1,night,1,1,casual,0,1
12,51.15700695801729,them,16,0.02,96.04143473233324,dry,7,1,night,0,0,interested,0,1
15,39.79836620867889,them,48,0.08,102.4985271149121,enthusiastic,2,0,night,1,1,ghoster,0,1
24,68.23727037597267,me,157,0.62,84.12674380103115,neutral,5,0,night,0,0,interested,0,1
34,47.55261417322966,me,112,0.23,81.02010289215575,neutral,4,0,night,0,0,interested,0,1
13,65.25708089470763,them,116,0.33,62.0275363480398,dry,8,1,night,1,0,dry_texter,1,1
25,16.83695198701339,them,24,0.57,101.39127292155283,neutral,2,1,day,0,0,interested,1,1
50,66.44919978879624,them,122,0.95,104.26531807841728,enthusiastic,7,0,night,0,1,interested,1,1
47,56.329563658535285,me,51,0.27,115.52438227595108,neutral,6,1,day,1,0,ghoster,0,1
8,32.80918091828694,them,23,0.87,86.16471834736163,dry,4,0,day,0,1,ghoster,0,1
29,14.461572153347024,them,103,0.99,6.980693969913702,neutral,2,1,night,1,0,interested,1,1
12,63.29097288246969,them,144,0.71,84.6295029329468,dry,7,0,day,1,1,ghoster,1,1
45,32.841146102390375,them,81,0.34,6.26868879940533,dry,9,1,night,1,0,interested,1,1
34,3.5375554954843134,them,31,0.19,102.80193871011573,neutral,5,1,day,1,1,ghoster,0,1
14,71.05470123691312,them,140,0.74,23.636173436535756,neutral,8,1,night,1,0,interested,1,1
25,44.93306429074169,me,192,0.49,25.353139681010102,dry,9,0,day,0,1,casual,1,0
15,17.196030711942406,me,128,0.3,64.85469275359978,dry,10,0,day,0,1,interested,1,1
27,38.15472443385263,them,75,0.67,106.87451364112134,neutral,8,1,night,0,1,casual,0,1
25,4.24509764402676,me,187,0.41,16.730836073656043,neutral,3,0,day,0,1,interested,1,0
26,57.39980080001095,me,163,0.7,95.08571756454637,neutral,9,1,night,1,1,ghoster,0,1
41,1.0468705637989792,them,65,0.8,13.45612966394124,neutral,7,0,day,1,0,dry_texter,1,1
4,8.588231650972423,me,76,0.09,51.32110831640516,neutral,2,1,day,1,0,interested,1,0
9,32.907798595425376,them,39,0.78,60.49504793167864,enthusiastic,4,1,night,1,0,dry_texter,0,1
12,21.53716492014359,them,21,0.79,85.06397860872738,enthusiastic,3,0,day,1,1,interested,1,1
47,47.18563624739719,me,93,0.81,24.59550230633973,enthusiastic,1,1,night,1,1,interested,1,0
44,40.09987731255511,me,175,0.98,81.29846288592778,enthusiastic,7,1,day,1,1,interested,0,1
8,23.407708058988717,them,96,0.89,59.90348155111653,enthusiastic,2,0,day,0,1,interested,1,1
17,71.89978891505693,me,12,0.51,22.603397984063506,enthusiastic,8,0,night,0,1,interested,1,0
1,44.65786766377258,me,164,0.97,36.6777568808427,neutral,1,0,day,1,0,dry_texter,0,1
8,36.055384857830326,me,128,0.87,8.552560383071182,neutral,6,1,day,0,0,dry_texter,1,0
32,71.79169702072329,me,12,0.93,85.26694504341506,dry,2,1,day,0,0,interested,0,0
48,2.3010313656851995,them,91,0.32,118.31285258217473,neutral,0,1,night,1,0,interested,1,0
8,17.228960987434686,them,196,0.34,99.2604093205953,enthusiastic,4,0,day,1,1,casual,0,1
37,65.7840699077265,them,192,0.86,81.66448728618722,neutral,0,1,night,1,1,dry_texter,0,1
31,54.46378421810977,me,54,0.49,20.914397240449542,dry,8,0,day,0,1,casual,0,1
16,59.762009206261546,them,107,0.85,37.32488321052696,dry,7,0,day,0,0,ghoster,0,1
36,55.30295985134046,them,20,0.2,87.64374051203214,dry,5,0,night,0,0,interested,0,1
18,32.16345574165306,me,95,0.21,43.11313260696864,neutral,1,0,day,1,0,ghoster,0,1
50,34.67844278459419,me,82,0.99,48.173629937928375,neutral,6,1,night,0,0,casual,0,1
29,47.65618899409352,them,193,0.1,56.953299467523316,neutral,4,0,night,1,0,dry_texter,0,0
9,22.758370589476822,me,89,0.59,39.476479851466415,dry,9,1,night,1,0,casual,1,1
8,34.23105190348893,me,200,0.57,27.295282287137344,neutral,7,0,night,1,0,interested,0,1
34,35.10771655645199,me,54,0.32,95.68207974706398,neutral,7,0,day,0,0,interested,1,1
39,55.01107880131523,me,67,0.85,86.4071894765158,dry,2,1,night,0,1,dry_texter,0,1
41,34.34124311753504,them,131,0.34,18.559241012749485,dry,0,0,day,1,0,dry_texter,0,1
43,53.8868011291535,them,144,0.93,46.25377757112402,neutral,0,1,night,1,0,ghoster,0,1
9,8.438975984328096,them,100,0.01,100.3412923961606,enthusiastic,0,0,night,1,0,ghoster,0,0
39,60.56830000481622,them,181,0.93,84.72421622991013,enthusiastic,3,0,night,1,1,dry_texter,1,1
3,29.768036995454313,me,100,0.43,117.25571396987208,dry,10,0,night,0,0,ghoster,0,1
18,29.846872621099646,them,100,0.93,91.84933482783029,dry,3,1,night,0,1,dry_texter,1,1
7,41.217943703761236,me,23,0.02,109.53047420584986,dry,2,0,night,0,1,dry_texter,0,1
6,66.8225707623949,them,125,0.04,101.51623306408032,neutral,10,1,night,0,1,ghoster,1,1
22,25.22593831269274,me,177,0.45,86.86045257409124,enthusiastic,3,1,night,0,1,casual,1,1
32,57.28161409155432,them,7,0.83,20.814570340503604,dry,4,1,day,1,1,interested,0,1
39,42.434024475500465,them,186,0.56,15.43180840606897,enthusiastic,3,1,night,1,0,ghoster,0,1
38,43.970347648181324,them,186,0.29,118.80424062154505,neutral,10,1,day,1,0,ghoster,0,1
28,9.806004150116422,them,148,0.49,4.686958835405958,enthusiastic,8,1,night,1,1,casual,1,1
25,30.832380303073453,them,104,0.77,12.483580003573291,dry,10,0,day,1,0,dry_texter,0,1
14,70.25933422273437,me,102,0.73,79.81124543350097,neutral,3,1,night,0,0,interested,1,0
49,58.29329133505874,me,22,0.14,94.2232500539364,dry,5,1,day,0,1,dry_texter,1,1
28,19.763914118764284,me,38,0.88,63.98503004723834,enthusiastic,2,0,day,1,1,dry_texter,1,1
31,58.647437390811916,me,154,0.89,86.34052610999281,enthusiastic,10,1,day,1,1,ghoster,0,1
37,31.626297271024104,me,73,0.48,35.846729381899436,enthusiastic,6,0,day,0,0,ghoster,0,0
16,2.0761864126699514,me,31,0.42,111.01707597423864,dry,6,0,night,1,1,dry_texter,0,1
49,37.15479132835872,me,186,0.42,36.21156383470968,neutral,7,0,night,1,0,casual,0,0
28,24.19373770146667,me,69,0.23,55.54029702506171,enthusiastic,4,1,day,0,0,dry_texter,1,1
2,7.37148629447711,me,194,0.06,103.17421979086527,neutral,8,1,night,1,0,dry_texter,1,1
9,39.339680803271705,me,65,0.79,24.8397780311716,dry,6,0,day,1,0,dry_texter,0,1
9,67.62615042363302,them,56,0.62,70.01952709871946,neutral,2,0,day,1,1,dry_texter,1,1
40,41.70976258496278,them,112,0.35,46.55061062152591,neutral,8,0,night,1,0,interested,0,1
14,49.044143627001205,me,109,0.62,69.98022010254118,enthusiastic,3,1,night,1,1,interested,1,0
47,36.65257865164775,them,75,0.23,22.441424238747125,enthusiastic,5,0,night,1,0,dry_texter,0,1
28,11.595663410438085,them,23,0.29,51.31378876428553,enthusiastic,5,1,night,0,0,ghoster,1,0
33,12.327063307574788,them,75,0.23,105.48939684888353,dry,6,0,day,0,1,casual,1,1
24,12.505125273840058,me,173,0.28,2.218152481793832,dry,0,0,day,0,0,ghoster,0,1
36,36.25046415770823,them,55,0.1,13.629070530974293,dry,2,1,day,0,1,casual,0,1
5,63.66193097224466,me,133,0.01,93.83378266026102,enthusiastic,2,0,night,1,0,dry_texter,0,1
2,53.596872481098295,me,8,0.2,95.62908747196177,enthusiastic,0,0,night,1,0,ghoster,0,1
17,3.3261918531309567,me,33,0.17,102.54085061655857,dry,3,1,day,1,0,ghoster,0,0
49,2.428874636038474,them,102,0.29,53.95336009418609,enthusiastic,4,0,day,0,0,interested,1,1
42,62.5863309482378,me,88,0.86,80.6437373108863,enthusiastic,3,0,night,1,1,dry_texter,0,1
29,7.300594606018924,them,99,0.96,14.151961116952288,dry,9,1,day,0,0,dry_texter,0,0
18,61.80511210973551,me,187,0.94,117.16057162976927,dry,4,0,day,1,1,ghoster,0,1
28,65.87148022331391,them,116,0.94,52.919293750899236,dry,2,0,night,0,1,interested,1,1
34,28.487694930000117,me,146,0.62,113.40233913993599,enthusiastic,1,1,day,0,0,dry_texter,0,0
30,8.511387622416063,them,113,0.21,110.54634352310657,enthusiastic,0,1,day,0,0,ghoster,0,0
12,24.04029903757639,me,156,0.39,67.18196333839593,enthusiastic,4,1,night,1,0,dry_texter,0,1
37,14.091103650599443,them,170,0.74,50.601047673935945,enthusiastic,3,1,day,0,0,interested,1,0
1,49.29166226508721,them,17,0.49,37.44252307374933,enthusiastic,10,1,day,1,0,ghoster,0,1
40,52.22868346186663,them,156,0.05,84.52470949014439,dry,9,0,day,1,0,interested,1,1
37,52.19020023921034,them,190,0.82,58.096154303443804,dry,0,1,day,0,0,casual,0,1
12,6.734995354513514,them,108,0.78,109.4247449092283,dry,10,1,day,0,0,interested,1,0
30,37.44062312367819,me,23,1.0,85.84706315962633,dry,5,1,night,0,0,ghoster,0,1
31,41.413925654651536,them,60,0.84,13.493701238118575,dry,3,1,night,1,0,casual,0,1
48,38.06727613534741,them,16,0.55,46.04816776685201,dry,7,0,night,0,1,casual,1,1
7,25.312394495365364,them,34,0.54,94.04053136384286,enthusiastic,1,0,night,0,1,interested,1,0
35,2.828562490374236,me,71,0.4,35.70459837229858,dry,3,0,night,0,0,casual,0,1
2,31.994504271306887,them,71,0.51,16.15157387182031,neutral,3,1,day,0,1,casual,0,1
34,11.688502550315523,them,165,0.99,94.18918700889652,dry,5,0,day,1,0,interested,1,1
42,25.522674166219495,me,10,0.47,62.10631220922401,dry,3,1,day,0,0,interested,0,0
9,71.50162998004215,me,43,0.51,67.7106260978704,dry,5,1,night,1,0,dry_texter,0,1
27,19.724887944397523,them,150,0.69,88.74123617807928,enthusiastic,3,1,day,0,1,interested,1,0
6,31.706566099159037,them,169,0.15,64.04777192276934,dry,7,1,day,1,1,ghoster,0,1
47,63.33184745711341,me,108,0.47,53.4301670803051,dry,1,0,day,0,0,ghoster,0,1
19,2.3844467663930473,me,159,0.01,80.54945285671928,enthusiastic,0,1,night,0,0,interested,1,1
19,27.538757397442154,me,69,0.26,39.81262046927007,dry,8,1,day,1,0,interested,0,1
32,49.79144904355381,them,163,0.94,31.55534500889349,enthusiastic,10,1,night,0,1,casual,0,1
9,13.62322706680721,them,61,0.07,114.64236458642308,enthusiastic,9,1,night,1,0,ghoster,1,1
16,21.35066238519456,me,72,0.41,12.098493177549054,neutral,8,0,day,1,1,dry_texter,1,1
41,1.141750869676029,me,144,0.95,50.32835563971768,neutral,7,0,night,1,1,dry_texter,0,1
5,18.626092465512848,me,29,0.84,82.96711448609284,neutral,8,0,day,0,0,casual,1,1
28,67.62758268510201,them,122,0.61,17.98988068468013,enthusiastic,7,1,night,0,0,dry_texter,0,0
9,15.471181813149705,them,118,0.0,112.67461279015001,enthusiastic,10,0,day,0,0,ghoster,1,1
29,52.560329100063065,them,94,0.99,22.19587995527026,enthusiastic,5,1,day,0,1,ghoster,1,1
6,57.589035968121514,me,40,0.4,106.28550650367531,neutral,5,0,night,1,0,interested,0,1
23,23.25183752701728,me,7,0.43,54.85881687425199,dry,3,0,night,1,1,ghoster,0,1
25,17.906496562485106,me,62,0.37,10.039700512902883,dry,10,1,day,1,0,interested,1,1
3,69.58959551512035,them,51,0.41,92.87949655202853,dry,0,0,day,0,0,casual,0,0
40,51.46850907466249,them,75,0.56,111.24050810644489,enthusiastic,6,0,night,0,0,dry_texter,0,1
20,41.04513852315894,me,62,0.68,46.60057289302095,enthusiastic,5,0,night,1,1,dry_texter,0,1
16,65.48658156697229,me,143,0.14,111.72455846412484,dry,6,1,night,1,0,ghoster,0,1
23,1.2190238773838864,them,32,0.58,20.856290827226946,enthusiastic,8,1,day,0,0,dry_texter,1,0
4,31.408305470724066,them,132,0.48,30.79302923531365,enthusiastic,7,1,night,0,0,casual,0,0
4,41.20599092222443,me,139,0.7,72.91232829675002,dry,7,0,night,0,0,ghoster,0,0
24,6.1494970742375346,me,4,0.8,38.74746456935159,dry,7,0,night,1,1,ghoster,1,1
21,16.968115500117406,me,165,0.32,66.24868163804115,neutral,1,1,day,0,0,casual,0,0
47,5.38091606232702,me,125,0.39,13.607888342805989,neutral,7,1,night,1,0,interested,1,0
13,49.94431065894474,them,175,0.22,97.18678509144704,dry,7,1,night,1,1,interested,0,1
11,8.414169835311164,them,198,0.4,71.20949682488623,neutral,9,1,day,1,1,dry_texter,0,1
27,2.5824474633766163,me,87,0.26,113.75404822146908,neutral,8,0,night,0,0,casual,0,1
44,25.66194989215816,me,168,0.62,17.014343454994556,neutral,0,0,night,0,0,casual,0,1
50,47.737306942101625,me,135,0.02,59.30797196522082,neutral,6,0,night,0,0,dry_texter,1,1
9,7.405991112611276,me,18,0.5,45.032483441922665,dry,6,0,day,0,0,casual,0,0
5,41.17039181872764,me,95,0.59,62.046740241709855,dry,4,1,day,1,0,dry_texter,1,1
31,6.718184992013906,me,40,0.71,23.09439026522014,dry,1,1,day,1,1,casual,1,1
19,31.132095093184443,me,122,0.18,13.481867133818572,neutral,4,0,day,1,0,dry_texter,0,1
39,68.54335741201666,me,120,0.45,44.21877359473685,neutral,5,1,night,1,1,interested,1,1
37,12.895672155003354,me,24,0.41,59.61927480183189,neutral,9,0,night,0,1,dry_texter,0,1
7,66.50347081065381,me,66,0.4,25.098824925946875,neutral,5,1,day,1,1,dry_texter,0,1
23,64.93767181382903,them,88,0.67,86.95715709454805,dry,3,1,day,0,1,interested,1,1
35,23.308027747665008,me,17,0.6,48.972841002563804,dry,1,1,night,1,0,interested,1,0
3,23.063340114037224,them,177,0.72,24.53258282081357,enthusiastic,8,1,day,1,1,casual,1,1
28,46.89575340640514,me,126,0.17,20.07848792716629,dry,3,1,night,0,0,interested,0,1
24,56.323321307654766,them,98,0.85,29.9458009895598,enthusiastic,10,0,day,1,0,ghoster,0,1
8,30.373836740278715,me,31,0.1,94.9651567400729,enthusiastic,1,0,day,0,1,interested,1,1
46,9.35095530042545,me,4,0.49,43.49647888943566,dry,6,0,day,0,1,dry_texter,1,0
10,20.925769377061,them,101,0.33,42.17079118822019,dry,0,1,day,1,1,dry_texter,0,1
7,30.862228770283743,me,108,0.38,1.8713312888575544,dry,4,0,night,1,0,interested,0,1
26,32.84567049045844,them,34,0.46,114.51894173651354,neutral,0,0,day,1,0,casual,0,1
22,67.12111436026485,me,89,0.25,66.54274608547703,enthusiastic,0,0,night,1,0,dry_texter,0,1
43,22.385148765345434,me,149,0.72,47.90918139060758,enthusiastic,2,1,night,1,1,ghoster,0,1
11,60.12190095082173,me,22,0.75,67.70762386191039,neutral,9,0,day,1,1,casual,0,1
8,21.08925887515559,them,136,0.45,11.820124332515629,neutral,9,1,day,0,1,ghoster,1,1
3,17.64245586757825,them,164,0.87,41.80508101106564,neutral,8,0,night,1,1,dry_texter,0,1
25,1.0377143612727107,them,18,0.5,54.66892645115428,neutral,2,1,day,1,0,ghoster,0,0
3,3.4947214359413747,them,114,0.53,107.66042488288336,dry,1,1,night,0,1,ghoster,0,1
40,64.71226483780504,me,161,0.33,55.166668987525654,enthusiastic,6,1,night,0,1,ghoster,1,1
15,26.208098830791606,me,36,0.92,11.573106313487179,enthusiastic,6,1,day,0,0,interested,1,1
13,0.42067979555336255,me,24,0.44,105.68336892918008,neutral,5,0,night,0,0,casual,1,0
36,6.715285791326894,me,10,0.44,118.23588816988867,dry,5,0,night,0,0,casual,1,0
38,67.71884920095353,me,79,0.59,45.27393857489637,enthusiastic,0,0,night,0,1,casual,1,1
22,64.51489701333679,me,127,0.16,58.90441836976247,dry,7,0,night,1,1,interested,0,1
31,23.001812858259587,them,152,0.61,104.0038405161188,dry,9,0,night,1,1,dry_texter,1,1
19,55.56794538366478,me,26,0.62,86.01607690509694,enthusiastic,8,1,day,1,1,interested,1,1
13,19.12805397123403,them,38,0.87,30.417143809386893,dry,0,1,day,0,1,casual,1,1
14,1.1514158085196344,them,72,0.44,109.5296213703102,neutral,6,1,day,1,1,casual,1,0
42,15.584109976093576,them,48,0.37,84.04565843953664,enthusiastic,5,0,night,1,1,dry_texter,0,1
16,36.08633437280967,them,121,0.59,8.910877931232847,neutral,8,0,night,0,0,interested,1,0
11,60.890542771163766,me,115,0.15,7.293219847181662,neutral,7,0,night,1,0,dry_texter,0,1
19,8.729642873406029,me,200,0.79,48.76651332649937,neutral,6,1,night,0,1,dry_texter,1,1
27,70.54439847758864,me,36,0.15,90.37278144027397,neutral,2,0,day,0,0,dry_texter,0,1
19,9.87743440352953,me,42,0.26,36.043196201034256,enthusiastic,7,0,night,1,1,interested,1,0
12,16.190946485122225,them,152,0.53,85.69193733968898,enthusiastic,6,0,night,1,0,casual,1,0
49,25.87757055834347,them,42,0.61,56.15132440684721,dry,0,1,night,0,0,dry_texter,0,1
40,9.952716176928803,me,200,0.43,69.64301337560512,neutral,6,0,night,1,1,casual,1,1
13,48.62411451615574,me,62,0.13,20.809840632021928,dry,4,0,day,1,1,casual,0,1
50,31.812564609112197,me,150,0.49,92.35275824170596,enthusiastic,6,0,night,0,1,casual,0,1
19,27.159151360611197,them,168,0.61,84.99691070087368,neutral,5,1,day,1,1,casual,1,1
41,35.13558624835782,me,43,0.32,34.31439775723927,dry,9,1,night,0,1,ghoster,0,0
37,4.7384626157294925,them,8,0.81,109.08894846902619,dry,9,0,night,1,0,casual,0,0
21,70.15812348656488,me,84,0.73,113.85043723356834,enthusiastic,6,1,day,1,1,casual,0,1
7,28.66227451207739,me,188,0.99,21.29414043933174,dry,0,0,day,1,0,interested,0,0
37,42.289599613719474,me,102,0.57,25.3387518251393,neutral,2,0,day,0,1,dry_texter,0,1
31,3.9803207440108537,me,170,0.87,117.4774485897388,dry,6,1,day,1,1,dry_texter,0,1
15,70.51270534556589,me,170,0.36,47.75322610879817,neutral,7,1,day,0,0,ghoster,0,0
24,10.349920493984289,them,184,0.55,43.16026651018036,enthusiastic,2,0,night,1,0,casual,1,1
28,48.981905975295156,them,6,0.28,19.504349137401306,neutral,1,0,day,0,0,dry_texter,0,0
17,1.3795232132556423,them,25,0.2,109.10201387081273,enthusiastic,10,1,day,1,1,interested,1,1
19,4.376665776198695,me,184,0.61,37.153528797618186,enthusiastic,7,1,night,0,1,dry_texter,0,1
39,16.35184381666497,me,119,0.59,87.13847149974046,neutral,6,1,night,0,1,casual,1,0
23,28.344278762952875,them,143,0.19,33.74505737527985,neutral,0,0,night,1,1,interested,0,1
13,30.197668280508413,me,24,0.88,94.28194154625695,enthusiastic,1,0,day,0,1,dry_texter,0,0
6,28.283135214363213,me,166,0.33,55.5210570526037,dry,8,0,night,0,0,dry_texter,0,1
16,56.3014085980792,them,149,0.26,3.157371173572395,neutral,6,0,night,1,0,interested,0,0
25,32.727052884258086,them,111,0.58,77.77018766226193,enthusiastic,2,0,day,0,0,dry_texter,1,0
4,10.477651155030276,them,14,0.5,35.02457088439078,dry,1,1,day,1,0,casual,1,1
12,25.079727615820335,me,13,0.94,47.45837068477571,dry,5,0,day,0,1,interested,1,0
24,27.535222890418368,them,106,0.77,48.53235721208452,enthusiastic,10,0,night,0,0,casual,0,1
38,8.427518287843494,them,102,0.76,42.14238240354107,enthusiastic,3,1,day,0,0,casual,1,0
27,38.3593464590368,me,62,0.36,51.76462773081572,dry,8,1,night,1,0,interested,0,1
9,62.99095009528998,me,194,0.65,85.21939797708875,dry,5,1,day,1,1,casual,1,1
17,32.024943140943805,me,151,0.03,86.27397336874506,enthusiastic,0,1,day,1,0,casual,1,0
24,36.93819386159319,them,163,0.89,92.80803910289109,enthusiastic,6,0,night,0,0,casual,1,0
47,54.290024521478216,them,103,0.6,20.826964554027096,enthusiastic,10,0,day,1,1,casual,0,1
40,16.34822629691955,them,120,0.64,66.68163628278953,enthusiastic,7,1,day,1,1,ghoster,1,1
23,59.29557809767754,them,14,0.87,45.685664289685,dry,6,1,day,1,0,dry_texter,0,1
32,40.00434011698708,them,23,0.25,1.609158714444578,neutral,4,1,day,0,0,interested,1,1
18,44.959090312447216,them,157,0.09,2.608151982903549,dry,0,0,night,1,1,casual,0,1
45,25.295263053050178,them,80,0.02,116.34282436871139,neutral,4,0,day,1,0,interested,1,1
29,18.64406165711439,them,137,0.39,68.84701164138552,dry,2,1,day,1,0,dry_texter,0,1
22,60.55681709661428,me,44,0.41,85.63493722039914,neutral,8,0,night,1,1,interested,1,1
12,50.604357937225046,them,82,0.57,113.27016652546337,neutral,8,0,day,1,1,ghoster,0,1
35,52.01453922360802,me,70,0.89,107.04473134417948,enthusiastic,6,0,day,1,1,interested,1,0
2,11.097212102029577,them,79,0.76,44.35418684057088,enthusiastic,2,0,day,0,0,dry_texter,0,0
15,37.13856454211302,them,115,0.6,71.19827283443718,dry,10,0,night,1,1,interested,1,1
44,28.72810604435405,me,155,0.51,52.732922244707396,enthusiastic,7,0,day,1,0,interested,1,0
41,29.602267187476194,me,126,0.17,54.9628094842329,dry,3,1,day,0,0,casual,0,1
16,9.429003561408429,me,82,0.96,65.24467687337939,dry,8,1,day,1,0,casual,0,0
39,2.967980656728707,them,16,0.34,67.20564344723451,dry,8,1,day,0,0,ghoster,1,1
41,15.19585606280845,them,63,0.04,87.32415995461342,enthusiastic,7,1,day,1,0,interested,1,0
20,53.852995276979826,them,59,0.24,18.028015513310798,neutral,4,1,night,1,1,dry_texter,0,1
49,26.84745313344718,me,40,0.3,15.779768518893855,dry,10,0,day,1,1,ghoster,0,1
41,0.1188948004040018,them,143,0.02,52.68102223041402,dry,9,0,night,0,1,casual,1,1
13,12.72758964355589,me,38,0.46,30.178658676024725,dry,10,1,day,0,1,interested,1,0
48,26.09697498633593,them,196,0.41,6.619464725317823,enthusiastic,1,1,night,0,0,dry_texter,0,1
29,52.38575733493629,them,86,0.78,21.688891171343077,dry,6,0,night,1,1,interested,0,1
49,30.821371529421096,me,20,0.53,21.809491063513736,neutral,5,1,day,1,0,interested,0,1
22,24.670634457207512,me,157,0.18,83.80337733631808,dry,1,0,day,0,0,interested,1,1
20,30.242105341438627,me,172,0.69,65.02548453459048,enthusiastic,0,1,night,1,1,casual,1,1
32,22.328218642879186,them,62,0.16,93.95267831711674,enthusiastic,9,1,day,1,1,dry_texter,1,1
7,24.284290757264017,them,148,0.22,103.71335193087884,neutral,0,1,night,0,0,dry_texter,0,1
25,70.92366587791588,them,83,0.06,106.99943930335519,enthusiastic,6,1,night,1,0,casual,0,1
47,1.6590190498388555,them,61,0.12,73.42556630884239,enthusiastic,7,0,night,0,1,ghoster,1,1
21,13.861834178320745,me,47,0.06,65.9787387316529,neutral,0,1,day,0,0,dry_texter,0,1
35,27.215121992643947,them,189,0.69,25.439777542888606,enthusiastic,8,1,day,1,0,dry_texter,0,1
47,55.85522097350598,me,130,0.75,87.47511805736083,dry,8,0,day,1,0,ghoster,0,1
18,14.822653688172611,them,91,0.78,45.275132249290934,neutral,2,0,day,0,0,casual,0,1
6,26.832221916987237,them,31,0.3,51.625625059308454,dry,7,0,night,0,1,interested,0,1
24,14.284397316182055,them,88,0.38,23.644603561495305,dry,9,1,night,1,0,interested,1,0
44,5.326067545817107,me,34,0.23,65.73933491920334,neutral,4,1,night,0,1,interested,1,0
22,71.81880018604551,me,182,0.77,50.46265844703095,neutral,0,1,day,1,0,ghoster,0,1
22,17.29875042520797,me,65,0.97,66.53986198903043,enthusiastic,2,0,day,0,1,ghoster,0,1
27,66.57091618521419,me,6,0.26,53.92940487448301,neutral,9,0,day,1,0,casual,0,1
42,57.055830134205635,them,67,0.49,116.70774179784338,neutral,4,1,day,0,1,ghoster,0,1
27,13.925987033068584,them,89,0.73,51.528024225892224,neutral,9,0,night,0,1,ghoster,0,1
14,35.341225247875585,them,173,0.93,44.80704685323821,neutral,8,1,night,1,1,ghoster,0,1
31,59.672629766834966,me,88,0.34,96.41645981126288,enthusiastic,1,0,night,1,0,ghoster,0,1
33,20.68323760851093,me,117,0.18,60.21515643231621,enthusiastic,5,0,day,1,1,interested,1,1
49,66.21710297212738,me,104,0.34,115.14745484765244,dry,3,0,night,0,1,dry_texter,0,1
19,24.258507513270473,me,91,0.69,97.80738132569354,dry,5,0,day,0,1,ghoster,0,1
35,28.56805136191189,me,43,0.23,92.98070966743502,enthusiastic,2,0,day,1,0,interested,0,1
35,63.96694954592256,them,82,0.14,76.50212464640828,dry,8,0,day,0,1,ghoster,0,1
50,7.775785001349236,me,15,0.89,31.40171951397924,dry,0,1,night,0,0,interested,1,1
14,64.65787044542891,me,111,0.82,30.580950788812608,neutral,1,1,night,1,0,dry_texter,0,1
21,41.80434953497795,me,195,0.4,11.745093823535539,enthusiastic,4,1,night,0,1,casual,0,0
38,34.676271685186926,them,34,0.96,101.12630446021531,neutral,10,0,night,0,0,interested,1,0
34,27.446544722176682,them,75,0.25,78.51998461845777,neutral,0,1,night,1,1,dry_texter,0,1
13,37.43438179478987,them,61,0.39,59.25210094018204,neutral,5,0,night,1,0,interested,0,0
48,41.51803304681251,them,144,0.22,78.00888665982349,dry,4,1,night,1,1,casual,1,1
7,9.3852360191013,me,140,0.39,107.71358879246336,neutral,5,0,night,1,0,ghoster,1,1
8,53.48565189348673,them,72,0.26,28.40129359197499,dry,6,0,day,0,1,ghoster,0,1
10,28.517949858809338,them,109,0.81,58.86629551866384,dry,5,0,day,1,1,interested,1,0
39,8.990692306062211,them,62,0.25,85.02609302454795,enthusiastic,9,1,night,0,1,interested,1,1
43,30.94943744308085,them,116,0.74,100.8053294988471,enthusiastic,8,0,day,1,1,dry_texter,0,1
25,63.654919881167054,me,18,0.68,62.7915535103326,dry,0,0,night,1,1,ghoster,0,1
1,45.325156110511095,them,125,0.61,37.085389714454756,dry,5,0,day,0,0,interested,1,1
49,40.33614775638051,me,31,0.93,103.65676639618371,dry,0,1,night,1,0,dry_texter,0,1
32,23.594135433489562,them,114,0.0,112.5847754360015,neutral,9,0,day,1,0,ghoster,0,1
33,63.32310993545606,me,27,0.85,119.74880946323843,dry,6,1,night,0,1,ghoster,0,1
49,4.844708003118716,me,20,0.92,118.7317463260339,dry,3,0,day,0,1,casual,1,0
41,61.03322793580071,them,115,0.13,114.12974766698018,neutral,6,0,night,0,1,dry_texter,1,1
39,40.90472432029151,me,158,0.75,72.93245493148305,neutral,8,1,day,0,0,dry_texter,0,1
15,37.72154938378411,them,110,0.79,69.51010777271858,enthusiastic,1,1,day,0,1,interested,1,1
17,12.726546870456957,me,130,0.37,64.13996175344978,enthusiastic,5,1,day,0,1,dry_texter,1,1
17,58.08181777604085,me,33,0.36,8.304699590934597,neutral,9,1,day,0,0,dry_texter,1,1
16,15.8756199460793,them,91,0.79,118.59857640513071,dry,10,0,day,0,1,dry_texter,0,1
36,50.394883347199546,them,14,0.18,63.399167336984696,neutral,5,1,night,1,0,dry_texter,0,1
2,56.90089266410993,me,165,0.39,110.66056924083591,dry,9,1,day,1,1,casual,0,1
25,17.926823491156036,me,46,0.76,40.09119372215895,enthusiastic,7,0,night,1,0,casual,1,1
4,49.722729940471936,them,166,0.95,16.31982924136915,neutral,2,1,night,0,0,dry_texter,1,1
8,9.500742920631371,them,1,0.04,110.06296002250586,enthusiastic,6,1,night,1,0,interested,1,0
17,67.54892980696015,them,32,0.16,90.44268954216884,enthusiastic,7,1,day,0,0,casual,1,1
13,62.17706836819793,them,52,0.54,62.55542103779604,enthusiastic,4,1,night,0,0,interested,1,1
45,58.99887925292169,me,98,0.69,96.75836443465862,dry,7,0,night,1,0,interested,0,1
2,20.269909354479832,them,43,0.88,52.24654804175038,dry,1,1,night,1,1,casual,1,1
26,61.24472533844674,me,133,0.17,6.263531995251804,enthusiastic,1,0,day,0,0,interested,0,0
18,51.29848383289398,them,155,0.79,102.24259279115402,enthusiastic,2,1,day,0,1,casual,1,1
45,24.929544804518727,me,47,0.65,112.92336382981165,neutral,3,1,day,0,1,casual,1,1
5,41.54255942349894,them,31,0.81,94.24717974929867,dry,2,0,night,1,0,interested,0,0
13,15.490919363498865,me,4,0.74,42.80989431968743,dry,6,1,day,1,0,ghoster,1,1
9,61.56251387639394,me,9,0.53,91.48059816573661,neutral,9,0,night,0,0,ghoster,0,1
43,55.277386707370106,them,128,0.05,112.70790267625416,dry,8,0,day,1,1,dry_texter,0,1
14,71.49309250958893,them,167,0.06,73.88665644814057,dry,7,1,day,0,1,ghoster,0,1
13,18.370906620456125,them,30,0.51,109.73638293375306,enthusiastic,10,1,day,1,1,interested,1,1
26,16.89997199136516,me,54,0.31,93.58338744422016,enthusiastic,9,1,night,1,1,casual,0,0
46,44.187580054738184,me,44,0.17,34.731342312369016,enthusiastic,3,1,night,1,0,dry_texter,1,1
2,3.4679080885692075,me,171,0.25,65.15951419361741,dry,3,1,day,1,0,dry_texter,1,1
26,35.858115225788964,me,65,0.39,118.93087419946463,neutral,2,1,night,0,1,dry_texter,0,0
4,24.651290100288918,me,179,0.97,59.24920479383268,neutral,8,0,day,0,1,interested,0,0
44,12.092180359039713,me,177,0.71,63.235532377952836,neutral,0,0,day,0,0,dry_texter,1,0
14,21.445040344703678,me,119,0.86,115.6920832835566,neutral,9,0,night,0,1,casual,0,1
6,61.40869896016031,them,50,0.53,33.085669355175256,enthusiastic,0,0,night,1,0,casual,0,1
3,60.367101307605424,me,165,0.73,96.93629212217495,neutral,9,1,night,1,1,interested,1,1
39,71.10034812224204,them,140,0.16,33.75648480778627,enthusiastic,10,0,day,0,0,interested,1,0
20,24.500196092451805,them,99,0.56,14.081823481276109,neutral,3,1,day,1,1,ghoster,0,1
8,24.906878041285196,them,194,0.51,58.98820483639156,dry,10,0,night,1,0,ghoster,0,1
12,37.123534851288454,them,168,0.72,70.69498249878872,enthusiastic,4,0,day,1,1,casual,0,0
26,49.39622508330034,them,36,0.48,13.231051682629062,neutral,3,0,night,1,1,interested,1,1
4,4.128072170073247,them,159,0.36,48.0879149153335,dry,3,1,day,1,1,interested,1,1
50,25.942905663946775,me,181,0.94,112.9670217164497,enthusiastic,9,0,day,0,1,interested,0,1
8,69.55397858686955,me,116,0.23,38.5832861761739,neutral,6,1,night,0,1,dry_texter,1,1
15,35.12177023473466,them,142,0.94,67.25240862822858,enthusiastic,5,0,night,0,1,casual,1,1
15,56.13404565421386,me,136,0.78,20.64968362957243,enthusiastic,0,0,night,1,0,interested,0,1
10,64.46841641146739,them,15,0.23,20.308141330764347,neutral,4,1,day,0,0,interested,1,0
46,55.30069206174578,me,48,0.6,105.95052961785343,dry,1,0,day,0,0,dry_texter,0,1
8,64.1658632017127,them,52,0.05,63.56525865139483,neutral,6,0,night,1,1,casual,0,1
22,10.099159958205078,me,198,0.54,99.10322686688185,enthusiastic,7,0,night,0,0,casual,1,1
44,10.897384584439724,me,9,0.29,93.70345429524484,enthusiastic,0,0,night,1,1,dry_texter,1,1
20,59.38283792569253,me,107,0.57,62.90299403885101,neutral,7,1,night,0,1,interested,1,1
41,17.68694399510242,them,90,0.32,38.19172754341895,neutral,10,0,night,1,1,casual,0,1
38,39.51861431469707,them,104,0.77,51.76407192078273,neutral,10,0,day,0,0,dry_texter,1,1
42,6.965582447611863,me,194,0.1,72.04539383896474,neutral,2,1,day,1,1,interested,1,1
31,61.7184814416023,me,7,0.12,106.9473298325606,neutral,0,1,day,0,1,dry_texter,0,1
34,44.81952667685953,me,185,0.95,34.544429876100246,neutral,7,1,day,0,1,casual,0,0
12,42.202362359081555,them,193,0.05,76.65227610801098,dry,1,1,night,0,0,dry_texter,0,1
19,32.9778923763056,them,111,0.47,20.452746034406626,enthusiastic,9,0,night,1,0,dry_texter,0,1
44,53.310586369974004,me,158,0.07,35.25446051530707,enthusiastic,4,1,day,1,1,ghoster,0,1
4,36.49429750686781,me,53,0.84,91.49539765511162,enthusiastic,4,0,night,0,0,dry_texter,0,0
9,25.756548398596482,them,68,0.98,38.241287007402626,neutral,8,1,day,0,1,dry_texter,0,1
40,64.41738855540424,me,182,0.26,39.84460704621823,neutral,10,1,day,0,0,dry_texter,0,1
13,30.911689700792095,them,170,0.33,34.481710762582345,dry,5,0,day,1,0,dry_texter,1,1
34,60.323301392296905,me,102,0.07,57.24675827505785,neutral,6,0,night,0,1,ghoster,0,1
46,54.81279599553729,them,47,0.36,85.67185265740187,enthusiastic,2,0,night,1,0,dry_texter,0,1
6,58.09823675619999,me,74,0.33,54.99529283032092,enthusiastic,7,1,day,0,1,ghoster,0,1
3,41.305335331148655,them,177,0.04,115.28099417785985,dry,0,1,day,0,1,ghoster,0,1
2,14.48683916985216,me,108,0.33,56.81962394801592,dry,7,0,day,1,0,dry_texter,1,1
15,6.098279664974927,me,105,0.39,1.674831904742462,neutral,10,0,night,1,1,interested,1,1
17,43.65132708677444,them,40,0.61,67.84988385474121,dry,0,0,day,1,0,casual,0,1
8,21.255248707850065,them,149,0.13,48.475791901294514,enthusiastic,1,1,day,0,0,interested,1,0
19,55.99538368686184,them,128,0.92,12.079155857365523,enthusiastic,10,0,day,0,0,ghoster,0,1
18,48.6835849379876,me,43,0.1,77.7716152935752,dry,1,0,night,0,0,dry_texter,0,1
14,3.9343672320307057,them,30,0.21,2.593555850470583,neutral,7,1,day,1,1,dry_texter,1,1
8,48.52984927880438,me,142,0.56,86.70808570654359,dry,7,0,day,0,1,ghoster,0,1
39,45.861505027964206,me,119,0.53,40.4908738438958,enthusiastic,8,1,day,0,1,interested,0,1
10,42.58662526614582,me,38,0.74,59.94234529285025,neutral,4,1,day,1,1,ghoster,0,1
45,38.4413584814919,them,182,0.98,5.366127905423441,neutral,7,0,night,1,0,casual,0,1
32,57.78151658169646,them,39,0.75,108.22355678352443,enthusiastic,8,1,day,1,1,ghoster,0,1
6,43.957562018719564,them,77,0.7,30.762619229765516,neutral,6,1,night,0,0,interested,0,0
24,20.714534693400132,me,171,0.49,117.22830370773825,dry,8,1,day,1,0,dry_texter,1,0
10,12.158484363302435,them,155,0.26,91.34858311661108,enthusiastic,9,1,night,1,0,interested,1,1
2,29.229177338360564,me,33,0.75,59.216903854314445,dry,5,0,night,0,0,ghoster,0,1
30,70.66918171913542,me,198,0.97,84.34435392490732,neutral,9,0,day,0,1,dry_texter,1,1
3,0.36843064364868194,them,183,0.24,80.14462346903788,neutral,1,0,night,1,1,ghoster,0,1
28,37.02240716428661,them,80,0.74,17.548092275090912,enthusiastic,5,1,night,1,1,casual,0,1
16,55.80444283313447,me,49,0.15,117.45743613756709,enthusiastic,9,1,night,0,1,ghoster,0,1
1,58.88215863839804,me,22,0.28,100.4670946888184,neutral,4,0,night,1,1,casual,0,1
24,54.56240126867086,me,10,0.58,110.65466417016086,enthusiastic,9,0,day,1,1,interested,0,1
43,53.027607667616266,them,120,0.33,65.89051715858153,neutral,3,0,day,1,0,ghoster,1,1
42,65.95237867554897,them,23,0.87,43.2188838771124,dry,7,0,day,0,1,ghoster,0,1
30,67.48578058197108,me,55,0.55,22.141769599468827,enthusiastic,4,1,day,1,1,interested,1,1
49,17.54413154669227,them,195,0.15,20.546666607046696,dry,6,1,night,0,1,interested,1,1
20,29.252213368846885,me,147,0.14,15.519147467825675,enthusiastic,2,0,day,1,0,dry_texter,0,1
19,19.747664667601285,me,48,0.28,80.62924296652677,neutral,2,0,night,0,1,ghoster,0,1
15,9.36523468574021,them,152,0.19,93.49656841197073,neutral,3,1,day,1,1,ghoster,0,1
22,46.06301002780823,them,106,0.04,103.50395148631695,enthusiastic,9,0,night,0,0,dry_texter,1,0
50,25.472890685948737,them,121,0.03,1.1670458104333865,neutral,8,1,day,0,0,ghoster,1,1
8,51.08498066309811,them,196,0.08,86.71810060085673,enthusiastic,8,1,day,0,1,casual,1,1
43,23.646567127618965,me,19,0.53,102.26328813317582,enthusiastic,10,0,night,0,1,interested,1,1
